2026-08-10 14:28:15.423002[INFO] tamsvcs_tamm: [1047] TAM NS process started
2026-08-10 14:28:15.423862[ERR] tamsvcs_tamm: [1047] 
*
*
* Starting tamsvcs_tamm process...
*
*
*
2026-08-10 14:28:15.423905[INFO] tamsvcs_tamm: [1047] TAM sync is NOT enabled for this platform
2026-08-10 14:28:15.423916[INFO] tamsvcs_tamm: [1047] TAM entropy is NOT enabled for this platform
2026-08-10 14:28:15.435844[INFO] tamsvcs_tamm: [1047] Ignoring req to shut process ownershipd which is already down.
2026-08-10 14:28:15.446441[INFO] tamsvcs_tamm: [1047] Ignoring req to shut process tams_proc which is already down.
2026-08-10 14:28:15.456806[INFO] tamsvcs_tamm: [1047] Ignoring req to shut process tamd_proc which is already down.
2026-08-10 14:28:15.457761[INFO] tamsvcs_tamm: [1118] tams_proc started on 192.0.0.4
2026-08-10 14:28:15.457898[INFO] tamsvcs_tamm: [1047] tams_proc started 1118
2026-08-10 14:28:15.457933[INFO] tamsvcs_tamm: [1047] Creating TAM:XRD_TAMDB of type:2
2026-08-10 14:28:15.457967[INFO] tamsvcs_tamm: [1047] Registering device :XRD_TAMDB Type:2 
2026-08-10 14:28:15.601797[INFO] tams_proc: [1118] Opened TAMS Client local listener on fd=32
2026-08-10 14:28:15.601897[INFO] tams_proc: [1118] Opened TAMS Client TCP listener on 192.0.0.4:7000 fd=34
2026-08-10 14:28:15.601951[INFO] tams_proc: [1118] Opened TAMS Mgmt local listener on fd=36
2026-08-10 14:28:15.601980[INFO] tams_proc: [1118] Opened TAMS Mgmt TCP listener on 192.0.0.4:7001 fd=37
2026-08-10 14:28:15.601992[INFO] tams_proc: [1118] tams_proc Version:ciscotamservices 9.6.0
2026-08-10 14:28:15.602000[INFO] tams_proc: [1118] tams_proc() Listening on TAMC, TAMM, TAMD sockets...
2026-08-10 14:28:15.635925[INFO] tams_proc: [1118] cmd type: TAMM_CMD_REGISTER_DEVICE
2026-08-10 14:28:15.635953[INFO] tams_proc: [1118] trans id: 0x1
2026-08-10 14:28:15.635964[INFO] tams_proc: [1118] payload len: 42
2026-08-10 14:28:15.635972[INFO] tams_proc: [1118] Parsing TAMM_CMD_REGISTER_DEVICE Req
2026-08-10 14:28:15.635988[INFO] tams_proc: [1118] device_type: 2
2026-08-10 14:28:15.635997[INFO] tams_proc: [1118] opaque_tam_handle: 0
2026-08-10 14:28:15.636009[INFO] tams_proc: [1118] Parsing TAMM_CMD_REGISTER_DEVICE Req status: TAM_SUCCESS
2026-08-10 14:28:15.636017[INFO] tams_proc: [1118] Processing TAMM_CMD_REGISTER_DEVICE Req
2026-08-10 14:28:15.639305[INFO] tams_proc: [1118] tamd_proc_pid = 1123
2026-08-10 14:28:15.639335[INFO] tams_proc: [1118] INTERNAL CORONA TAG DO NOT COPY: CSCO_CSM_ciscotamservices_9.6.0
2026-08-10 14:28:15.783821[INFO] tamd_proc: [1123] tamd_proc started for TAM device 'XRD_TAMDB'
2026-08-10 14:28:15.783914[INFO] tamd_proc: [1123] FIPS mode is 0
2026-08-10 14:28:15.784002[INFO] tamd_proc: [1123] Opened TAMS Client local listener on fd=49
2026-08-10 14:28:15.784126[INFO] tamd_proc: [1123] swtam_create_swtam_device - device name - XRD_TAMDB
2026-08-10 14:28:15.784156[WARN] tamd_proc: [1123] Failed to open file for read /misc/config/SWTAmRoot/7/XRD_TAMDB-fips-off/.tamMstrLog: Error:No such file or directory
2026-08-10 14:28:15.917170[INFO] tamd_proc: [1123] Calculate SW kdf hash
2026-08-10 14:28:16.49329Z[INFO] tamd_proc: [1123] Creating new app storage:
/misc/config/SWTAmRoot/7/XRD_TAMDB-fips-off/6b8c51f9daead575a1c3c2ff4bf65157f501b6a7f12630f8ce4b4a42
2026-08-10 14:28:16.49829Z[INFO] tamd_proc: [1123] Caching KDF.
2026-08-10 14:28:16.49849Z[INFO] tamd_proc: [1123] tamd_proc: Listening for TAMS requests...
2026-08-10 14:28:16.52220Z[INFO] tamd_proc: [1123] 'XRD_TAMDB' device Init...
2026-08-10 14:28:16.53588Z[INFO] tams_proc: [1118] Final response received after 239ms. rc=0x1
2026-08-10 14:28:16.53687Z[INFO] tams_proc: [1118] Authenticating...
2026-08-10 14:28:16.53872Z[INFO] tams_proc: [1118] dev: XRD_TAMDB cmd: TAMD_CMD_AUTHENTICATE_DEVICE new time: 24000 total time: 24000
2026-08-10 14:28:16.53917Z[INFO] tams_proc: [1118] Device registration: 0x0 TAM_SUCCESS_IN_PROCESS
2026-08-10 14:28:16.54017Z[INFO] tams_proc: [1118] Processing TAMM_CMD_REGISTER_DEVICE Req status: TAM_SUCCESS
2026-08-10 14:28:16.55139Z[INFO] tamd_proc: [1123] cmd type: TAMD_CMD_AUTHENTICATE_DEVICE
2026-08-10 14:28:16.55170Z[INFO] tamd_proc: [1123] trans id: 0x2
2026-08-10 14:28:16.55180Z[INFO] tamd_proc: [1123] payload len: 12
2026-08-10 14:28:16.55189Z[INFO] tamd_proc: [1123] Parsing TAMD_CMD_AUTHENTICATE_DEVICE Req
2026-08-10 14:28:16.55204Z[INFO] tamd_proc: [1123] Parsing TAMD_CMD_AUTHENTICATE_DEVICE Req status: TAM_SUCCESS
2026-08-10 14:28:16.55307Z[INFO] tamsvcs_tamm: [1047] cmd type: TAMM_CMD_REGISTER_DEVICE
2026-08-10 14:28:16.55338Z[INFO] tamsvcs_tamm: [1047] trans id: 0x1
2026-08-10 14:28:16.55350Z[INFO] tamsvcs_tamm: [1047] status: TAM_SUCCESS_IN_PROCESS
2026-08-10 14:28:16.55359Z[INFO] tamsvcs_tamm: [1047] payload len: 0
2026-08-10 14:28:16.55367Z[INFO] tamsvcs_tamm: [1047] Parsing TAMM_CMD_REGISTER_DEVICE Rsp
2026-08-10 14:28:16.55379Z[INFO] tamsvcs_tamm: [1047] Parsing TAMM_CMD_REGISTER_DEVICE Rsp status: TAM_SUCCESS
2026-08-10 14:28:16.55390Z[INFO] tamsvcs_tamm: [1047] Rx ACK in 421ms. Waiting 180000ms for final response...
2026-08-10 14:28:16.89446Z[INFO] tamd_proc: [1123] Processing TAMD_CMD_AUTHENTICATE_DEVICE Req status: TAM_SUCCESS
2026-08-10 14:28:16.90642Z[INFO] tams_proc: [1118] cmd type: TAMD_CMD_AUTHENTICATE_DEVICE
2026-08-10 14:28:16.90676Z[INFO] tams_proc: [1118] trans id: 0x2
2026-08-10 14:28:16.90687Z[INFO] tams_proc: [1118] status: TAM_SUCCESS
2026-08-10 14:28:16.90695Z[INFO] tams_proc: [1118] payload len: 12
2026-08-10 14:28:16.90703Z[INFO] tams_proc: [1118] Parsing TAMD_CMD_AUTHENTICATE_DEVICE Rsp
2026-08-10 14:28:16.90714Z[INFO] tams_proc: [1118] num_apps: 0
2026-08-10 14:28:16.90723Z[INFO] tams_proc: [1118] Parsing TAMD_CMD_AUTHENTICATE_DEVICE Rsp status: TAM_SUCCESS
2026-08-10 14:28:16.90731Z[INFO] tams_proc: [1118] Processing TAMD_CMD_AUTHENTICATE_DEVICE Rsp
2026-08-10 14:28:16.90742Z[INFO] tams_proc: [1118] Marking device 'XRD_TAMDB' as authenticated
2026-08-10 14:28:16.90802Z[INFO] tams_proc: [1118] Processing TAMD_CMD_AUTHENTICATE_DEVICE Rsp status: TAM_SUCCESS
2026-08-10 14:28:16.91955Z[INFO] tamsvcs_tamm: [1047] cmd type: TAMM_CMD_REGISTER_DEVICE
2026-08-10 14:28:16.91984Z[INFO] tamsvcs_tamm: [1047] trans id: 0x1
2026-08-10 14:28:16.91994Z[INFO] tamsvcs_tamm: [1047] status: TAM_SUCCESS
2026-08-10 14:28:16.92003Z[INFO] tamsvcs_tamm: [1047] payload len: 0
2026-08-10 14:28:16.92011Z[INFO] tamsvcs_tamm: [1047] Parsing TAMM_CMD_REGISTER_DEVICE Rsp
2026-08-10 14:28:16.92020Z[INFO] tamsvcs_tamm: [1047] Parsing TAMM_CMD_REGISTER_DEVICE Rsp status: TAM_SUCCESS
2026-08-10 14:28:16.92028Z[INFO] tamsvcs_tamm: [1047] Final response received. rc=0x1
2026-08-10 14:28:16.92096Z[INFO] tamsvcs_tamm: [1047] cmd type: TAMM_CMD_REGISTER_DEVICE
2026-08-10 14:28:16.92116Z[INFO] tamsvcs_tamm: [1047] trans id: 0x1
2026-08-10 14:28:16.92125Z[INFO] tamsvcs_tamm: [1047] status: TAM_SUCCESS
2026-08-10 14:28:16.92132Z[INFO] tamsvcs_tamm: [1047] payload len: 0
2026-08-10 14:28:16.92140Z[INFO] tamsvcs_tamm: [1047] Parsing TAMM_CMD_REGISTER_DEVICE Rsp
2026-08-10 14:28:16.92149Z[INFO] tamsvcs_tamm: [1047] Parsing TAMM_CMD_REGISTER_DEVICE Rsp status: TAM_SUCCESS
2026-08-10 14:28:16.92157Z[INFO] tamsvcs_tamm: [1047] Register device response TAM_SUCCESS
2026-08-10 14:28:16.92298Z[INFO] tamsvcs_tamm: [1047] Successfully registered device XRD_TAMDB Type: 2
2026-08-10 14:28:16.93733Z[INFO] tams_proc: [1118] cmd type: TAMM_CMD_REGISTER_APP
2026-08-10 14:28:16.93759Z[INFO] tams_proc: [1118] trans id: 0x2
2026-08-10 14:28:16.93769Z[INFO] tams_proc: [1118] payload len: 97
2026-08-10 14:28:16.93777Z[INFO] tams_proc: [1118] Parsing TAMM_CMD_REGISTER_APP Req
2026-08-10 14:28:16.93786Z[INFO] tams_proc: [1118] credential_type: 18
2026-08-10 14:28:16.93795Z[INFO] tams_proc: [1118] appid: Init
2026-08-10 14:28:16.93803Z[INFO] tams_proc: [1118] pw: ***
2026-08-10 14:28:16.93811Z[INFO] tams_proc: [1118] persistent_pw: 0
2026-08-10 14:28:16.93819Z[INFO] tams_proc: [1118] device_name: XRD_TAMDB
2026-08-10 14:28:16.93827Z[INFO] tams_proc: [1118] default_device: 1
2026-08-10 14:28:16.93835Z[INFO] tams_proc: [1118] max_sessions: 50
2026-08-10 14:28:16.93844Z[INFO] tams_proc: [1118] Parsing TAMM_CMD_REGISTER_APP Req status: TAM_SUCCESS
2026-08-10 14:28:16.93853Z[INFO] tams_proc: [1118] Processing TAMM_CMD_REGISTER_APP Req
2026-08-10 14:28:16.95900Z[INFO] tams_proc: [1118] dev: XRD_TAMDB cmd: TAMD_CMD_REGISTER_APP new time: 24000 total time: 24000
2026-08-10 14:28:16.95965Z[INFO] tams_proc: [1118] App 'Init' registration in process
2026-08-10 14:28:16.95987Z[INFO] tams_proc: [1118] Processing TAMM_CMD_REGISTER_APP Req status: TAM_SUCCESS_IN_PROCESS
2026-08-10 14:28:16.97142Z[INFO] tamsvcs_tamm: [1047] cmd type: TAMM_CMD_REGISTER_APP
2026-08-10 14:28:16.97172Z[INFO] tamsvcs_tamm: [1047] trans id: 0x2
2026-08-10 14:28:16.97182Z[INFO] tamsvcs_tamm: [1047] status: TAM_SUCCESS_IN_PROCESS
2026-08-10 14:28:16.97192Z[INFO] tamsvcs_tamm: [1047] payload len: 0
2026-08-10 14:28:16.97200Z[INFO] tamsvcs_tamm: [1047] Parsing TAMM_CMD_REGISTER_APP Rsp
2026-08-10 14:28:16.97209Z[INFO] tamsvcs_tamm: [1047] Parsing TAMM_CMD_REGISTER_APP Rsp status: TAM_SUCCESS
2026-08-10 14:28:16.97219Z[INFO] tamsvcs_tamm: [1047] Rx ACK in 5ms. Waiting 180000ms for final response...
2026-08-10 14:28:16.97205Z[INFO] tamd_proc: [1123] cmd type: TAMD_CMD_REGISTER_APP
2026-08-10 14:28:16.97235Z[INFO] tamd_proc: [1123] trans id: 0x4
2026-08-10 14:28:16.97246Z[INFO] tamd_proc: [1123] payload len: 67
2026-08-10 14:28:16.97254Z[INFO] tamd_proc: [1123] Parsing TAMD_CMD_REGISTER_APP Req
2026-08-10 14:28:16.97276Z[INFO] tamd_proc: [1123] Parsing TAMD_CMD_REGISTER_APP Req status: TAM_SUCCESS
2026-08-10 14:28:16.133813[INFO] tamd_proc: [1123] Creating new app storage:
/misc/config/SWTAmRoot/7/XRD_TAMDB-fips-off/54acb8778221dc34de542615f51f87eb9817796379fa60fb34fe2828
2026-08-10 14:28:16.134293[INFO] tamd_proc: [1123] Processing TAMD_CMD_REGISTER_APP Req status: TAM_SUCCESS
2026-08-10 14:28:16.135462[INFO] tams_proc: [1118] cmd type: TAMD_CMD_REGISTER_APP
2026-08-10 14:28:16.135494[INFO] tams_proc: [1118] trans id: 0x4
2026-08-10 14:28:16.135504[INFO] tams_proc: [1118] status: TAM_SUCCESS
2026-08-10 14:28:16.135513[INFO] tams_proc: [1118] payload len: 0
2026-08-10 14:28:16.135521[INFO] tams_proc: [1118] Parsing TAMD_CMD_REGISTER_APP Rsp
2026-08-10 14:28:16.135530[INFO] tams_proc: [1118] Parsing TAMD_CMD_REGISTER_APP Rsp status: TAM_SUCCESS
2026-08-10 14:28:16.135538[INFO] tams_proc: [1118] Processing TAMD_CMD_REGISTER_APP Rsp
2026-08-10 14:28:16.135608[INFO] tams_proc: [1118] Processing TAMD_CMD_REGISTER_APP Rsp status: TAM_SUCCESS
2026-08-10 14:28:16.136804[INFO] tamsvcs_tamm: [1047] cmd type: TAMM_CMD_REGISTER_APP
2026-08-10 14:28:16.136835[INFO] tamsvcs_tamm: [1047] trans id: 0x2
2026-08-10 14:28:16.136845[INFO] tamsvcs_tamm: [1047] status: TAM_SUCCESS
2026-08-10 14:28:16.136853[INFO] tamsvcs_tamm: [1047] payload len: 0
2026-08-10 14:28:16.136861[INFO] tamsvcs_tamm: [1047] Parsing TAMM_CMD_REGISTER_APP Rsp
2026-08-10 14:28:16.136871[INFO] tamsvcs_tamm: [1047] Parsing TAMM_CMD_REGISTER_APP Rsp status: TAM_SUCCESS
2026-08-10 14:28:16.136879[INFO] tamsvcs_tamm: [1047] Final response received. rc=0x1
2026-08-10 14:28:16.136942[INFO] tamsvcs_tamm: [1047] cmd type: TAMM_CMD_REGISTER_APP
2026-08-10 14:28:16.136962[INFO] tamsvcs_tamm: [1047] trans id: 0x2
2026-08-10 14:28:16.136971[INFO] tamsvcs_tamm: [1047] status: TAM_SUCCESS
2026-08-10 14:28:16.136979[INFO] tamsvcs_tamm: [1047] payload len: 0
2026-08-10 14:28:16.136987[INFO] tamsvcs_tamm: [1047] Parsing TAMM_CMD_REGISTER_APP Rsp
2026-08-10 14:28:16.136996[INFO] tamsvcs_tamm: [1047] Parsing TAMM_CMD_REGISTER_APP Rsp status: TAM_SUCCESS
2026-08-10 14:28:16.138382[INFO] tams_proc: [1118] cmd type: TAMM_CMD_APP_SET_ATTR
2026-08-10 14:28:16.138410[INFO] tams_proc: [1118] trans id: 0x3
2026-08-10 14:28:16.138420[INFO] tams_proc: [1118] payload len: 67
2026-08-10 14:28:16.138428[INFO] tams_proc: [1118] Parsing TAMM_CMD_APP_SET_ATTR Req
2026-08-10 14:28:16.138438[INFO] tams_proc: [1118] appid: Init
2026-08-10 14:28:16.138446[INFO] tams_proc: [1118] device_name: XRD_TAMDB
2026-08-10 14:28:16.138455[INFO] tams_proc: [1118] perm1: 65535
2026-08-10 14:28:16.138464[INFO] tams_proc: [1118] perm2: 0
2026-08-10 14:28:16.138472[INFO] tams_proc: [1118] object_quota: 102400
2026-08-10 14:28:16.138481[INFO] tams_proc: [1118] Parsing TAMM_CMD_APP_SET_ATTR Req status: TAM_SUCCESS
2026-08-10 14:28:16.138489[INFO] tams_proc: [1118] Processing TAMM_CMD_APP_SET_ATTR Req
2026-08-10 14:28:16.138577[INFO] tams_proc: [1118] dev: XRD_TAMDB cmd: TAMD_CMD_APP_SET_ATTR new time: 24000 total time: 24000
2026-08-10 14:28:16.138641[INFO] tams_proc: [1118] App 'Init' attributes set pending for device 'XRD_TAMDB'
2026-08-10 14:28:16.138661[INFO] tams_proc: [1118] Processing TAMM_CMD_APP_SET_ATTR Req status: TAM_SUCCESS_IN_PROCESS
2026-08-10 14:28:16.139813[INFO] tamsvcs_tamm: [1047] cmd type: TAMM_CMD_APP_SET_ATTR
2026-08-10 14:28:16.139843[INFO] tamsvcs_tamm: [1047] trans id: 0x3
2026-08-10 14:28:16.139853[INFO] tamsvcs_tamm: [1047] status: TAM_SUCCESS_IN_PROCESS
2026-08-10 14:28:16.139861[INFO] tamsvcs_tamm: [1047] payload len: 0
2026-08-10 14:28:16.139869[INFO] tamsvcs_tamm: [1047] Parsing TAMM_CMD_APP_SET_ATTR Rsp
2026-08-10 14:28:16.139879[INFO] tamsvcs_tamm: [1047] Parsing TAMM_CMD_APP_SET_ATTR Rsp status: TAM_SUCCESS
2026-08-10 14:28:16.139887[INFO] tamsvcs_tamm: [1047] Rx ACK in 3ms. Waiting 180000ms for final response...
2026-08-10 14:28:16.139886[INFO] tamd_proc: [1123] cmd type: TAMD_CMD_APP_SET_ATTR
2026-08-10 14:28:16.139917[INFO] tamd_proc: [1123] trans id: 0x5
2026-08-10 14:28:16.139928[INFO] tamd_proc: [1123] payload len: 49
2026-08-10 14:28:16.139937[INFO] tamd_proc: [1123] Parsing TAMD_CMD_APP_SET_ATTR Req
2026-08-10 14:28:16.139955[INFO] tamd_proc: [1123] Parsing TAMD_CMD_APP_SET_ATTR Req status: TAM_SUCCESS
2026-08-10 14:28:16.156546[INFO] tamd_proc: [1123] App Init perm1 updated to 0xffff
2026-08-10 14:28:16.156575[INFO] tamd_proc: [1123] App Init object_quota updated to 102400 bytes
2026-08-10 14:28:16.176060[INFO] tamd_proc: [1123] Processing TAMD_CMD_APP_SET_ATTR Req status: TAM_SUCCESS
2026-08-10 14:28:16.177260[INFO] tams_proc: [1118] cmd type: TAMD_CMD_APP_SET_ATTR
2026-08-10 14:28:16.177290[INFO] tams_proc: [1118] trans id: 0x5
2026-08-10 14:28:16.177301[INFO] tams_proc: [1118] status: TAM_SUCCESS
2026-08-10 14:28:16.177310[INFO] tams_proc: [1118] payload len: 0
2026-08-10 14:28:16.177318[INFO] tams_proc: [1118] Parsing TAMD_CMD_APP_SET_ATTR Rsp
2026-08-10 14:28:16.177327[INFO] tams_proc: [1118] Parsing TAMD_CMD_APP_SET_ATTR Rsp status: TAM_SUCCESS
2026-08-10 14:28:16.177336[INFO] tams_proc: [1118] Processing TAMD_CMD_APP_SET_ATTR Rsp
2026-08-10 14:28:16.177402[INFO] tams_proc: [1118] Processing TAMD_CMD_APP_SET_ATTR Rsp status: TAM_SUCCESS
2026-08-10 14:28:16.178594[INFO] tamsvcs_tamm: [1047] cmd type: TAMM_CMD_APP_SET_ATTR
2026-08-10 14:28:16.178628[INFO] tamsvcs_tamm: [1047] trans id: 0x3
2026-08-10 14:28:16.178640[INFO] tamsvcs_tamm: [1047] status: TAM_SUCCESS
2026-08-10 14:28:16.178650[INFO] tamsvcs_tamm: [1047] payload len: 0
2026-08-10 14:28:16.178660[INFO] tamsvcs_tamm: [1047] Parsing TAMM_CMD_APP_SET_ATTR Rsp
2026-08-10 14:28:16.178670[INFO] tamsvcs_tamm: [1047] Parsing TAMM_CMD_APP_SET_ATTR Rsp status: TAM_SUCCESS
2026-08-10 14:28:16.178680[INFO] tamsvcs_tamm: [1047] Final response received. rc=0x1
2026-08-10 14:28:16.178750[INFO] tamsvcs_tamm: [1047] cmd type: TAMM_CMD_APP_SET_ATTR
2026-08-10 14:28:16.178773[INFO] tamsvcs_tamm: [1047] trans id: 0x3
2026-08-10 14:28:16.178783[INFO] tamsvcs_tamm: [1047] status: TAM_SUCCESS
2026-08-10 14:28:16.178792[INFO] tamsvcs_tamm: [1047] payload len: 0
2026-08-10 14:28:16.178801[INFO] tamsvcs_tamm: [1047] Parsing TAMM_CMD_APP_SET_ATTR Rsp
2026-08-10 14:28:16.178812[INFO] tamsvcs_tamm: [1047] Parsing TAMM_CMD_APP_SET_ATTR Rsp status: TAM_SUCCESS
2026-08-10 14:28:16.180213[INFO] tams_proc: [1118] cmd type: TAMM_CMD_REGISTER_APP
2026-08-10 14:28:16.180242[INFO] tams_proc: [1118] trans id: 0x4
2026-08-10 14:28:16.180253[INFO] tams_proc: [1118] payload len: 99
2026-08-10 14:28:16.180261[INFO] tams_proc: [1118] Parsing TAMM_CMD_REGISTER_APP Req
2026-08-10 14:28:16.180271[INFO] tams_proc: [1118] credential_type: 2
2026-08-10 14:28:16.180279[INFO] tams_proc: [1118] appid: test_tam
2026-08-10 14:28:16.180288[INFO] tams_proc: [1118] pw: ***
2026-08-10 14:28:16.180296[INFO] tams_proc: [1118] persistent_pw: 0
2026-08-10 14:28:16.180304[INFO] tams_proc: [1118] device_name: XRD_TAMDB
2026-08-10 14:28:16.180312[INFO] tams_proc: [1118] default_device: 1
2026-08-10 14:28:16.180320[INFO] tams_proc: [1118] max_sessions: 50
2026-08-10 14:28:16.180329[INFO] tams_proc: [1118] Parsing TAMM_CMD_REGISTER_APP Req status: TAM_SUCCESS
2026-08-10 14:28:16.180337[INFO] tams_proc: [1118] Processing TAMM_CMD_REGISTER_APP Req
2026-08-10 14:28:16.182356[INFO] tams_proc: [1118] dev: XRD_TAMDB cmd: TAMD_CMD_REGISTER_APP new time: 24000 total time: 24000
2026-08-10 14:28:16.182427[INFO] tams_proc: [1118] App 'test_tam' registration in process
2026-08-10 14:28:16.182449[INFO] tams_proc: [1118] Processing TAMM_CMD_REGISTER_APP Req status: TAM_SUCCESS_IN_PROCESS
2026-08-10 14:28:16.183584[INFO] tamsvcs_tamm: [1047] cmd type: TAMM_CMD_REGISTER_APP
2026-08-10 14:28:16.183612[INFO] tamsvcs_tamm: [1047] trans id: 0x4
2026-08-10 14:28:16.183621[INFO] tamsvcs_tamm: [1047] status: TAM_SUCCESS_IN_PROCESS
2026-08-10 14:28:16.183630[INFO] tamsvcs_tamm: [1047] payload len: 0
2026-08-10 14:28:16.183638[INFO] tamsvcs_tamm: [1047] Parsing TAMM_CMD_REGISTER_APP Rsp
2026-08-10 14:28:16.183647[INFO] tamsvcs_tamm: [1047] Parsing TAMM_CMD_REGISTER_APP Rsp status: TAM_SUCCESS
2026-08-10 14:28:16.183656[INFO] tamsvcs_tamm: [1047] Rx ACK in 5ms. Waiting 180000ms for final response...
2026-08-10 14:28:16.183799[INFO] tamd_proc: [1123] cmd type: TAMD_CMD_REGISTER_APP
2026-08-10 14:28:16.183828[INFO] tamd_proc: [1123] trans id: 0x6
2026-08-10 14:28:16.183838[INFO] tamd_proc: [1123] payload len: 69
2026-08-10 14:28:16.183847[INFO] tamd_proc: [1123] Parsing TAMD_CMD_REGISTER_APP Req
2026-08-10 14:28:16.183859[INFO] tamd_proc: [1123] Parsing TAMD_CMD_REGISTER_APP Req status: TAM_SUCCESS
2026-08-10 14:28:16.219984[INFO] tamd_proc: [1123] Creating new app storage:
/misc/config/SWTAmRoot/7/XRD_TAMDB-fips-off/992bc7eb68ef1fe1c80dba709e3f87d1f1251a01274d060d6a741d76
2026-08-10 14:28:16.220443[INFO] tamd_proc: [1123] Processing TAMD_CMD_REGISTER_APP Req status: TAM_SUCCESS
2026-08-10 14:28:16.221615[INFO] tams_proc: [1118] cmd type: TAMD_CMD_REGISTER_APP
2026-08-10 14:28:16.221645[INFO] tams_proc: [1118] trans id: 0x6
2026-08-10 14:28:16.221655[INFO] tams_proc: [1118] status: TAM_SUCCESS
2026-08-10 14:28:16.221665[INFO] tams_proc: [1118] payload len: 0
2026-08-10 14:28:16.221673[INFO] tams_proc: [1118] Parsing TAMD_CMD_REGISTER_APP Rsp
2026-08-10 14:28:16.221683[INFO] tams_proc: [1118] Parsing TAMD_CMD_REGISTER_APP Rsp status: TAM_SUCCESS
2026-08-10 14:28:16.221691[INFO] tams_proc: [1118] Processing TAMD_CMD_REGISTER_APP Rsp
2026-08-10 14:28:16.221756[INFO] tams_proc: [1118] Processing TAMD_CMD_REGISTER_APP Rsp status: TAM_SUCCESS
2026-08-10 14:28:16.222943[INFO] tamsvcs_tamm: [1047] cmd type: TAMM_CMD_REGISTER_APP
2026-08-10 14:28:16.222974[INFO] tamsvcs_tamm: [1047] trans id: 0x4
2026-08-10 14:28:16.222984[INFO] tamsvcs_tamm: [1047] status: TAM_SUCCESS
2026-08-10 14:28:16.222992[INFO] tamsvcs_tamm: [1047] payload len: 0
2026-08-10 14:28:16.223000[INFO] tamsvcs_tamm: [1047] Parsing TAMM_CMD_REGISTER_APP Rsp
2026-08-10 14:28:16.223010[INFO] tamsvcs_tamm: [1047] Parsing TAMM_CMD_REGISTER_APP Rsp status: TAM_SUCCESS
2026-08-10 14:28:16.223019[INFO] tamsvcs_tamm: [1047] Final response received. rc=0x1
2026-08-10 14:28:16.223082[INFO] tamsvcs_tamm: [1047] cmd type: TAMM_CMD_REGISTER_APP
2026-08-10 14:28:16.223103[INFO] tamsvcs_tamm: [1047] trans id: 0x4
2026-08-10 14:28:16.223112[INFO] tamsvcs_tamm: [1047] status: TAM_SUCCESS
2026-08-10 14:28:16.223120[INFO] tamsvcs_tamm: [1047] payload len: 0
2026-08-10 14:28:16.223128[INFO] tamsvcs_tamm: [1047] Parsing TAMM_CMD_REGISTER_APP Rsp
2026-08-10 14:28:16.223137[INFO] tamsvcs_tamm: [1047] Parsing TAMM_CMD_REGISTER_APP Rsp status: TAM_SUCCESS
2026-08-10 14:28:16.224566[INFO] tams_proc: [1118] cmd type: TAMM_CMD_APP_SET_ATTR
2026-08-10 14:28:16.224615[INFO] tams_proc: [1118] trans id: 0x5
2026-08-10 14:28:16.224633[INFO] tams_proc: [1118] payload len: 71
2026-08-10 14:28:16.224646[INFO] tams_proc: [1118] Parsing TAMM_CMD_APP_SET_ATTR Req
2026-08-10 14:28:16.224668[INFO] tams_proc: [1118] appid: test_tam
2026-08-10 14:28:16.224682[INFO] tams_proc: [1118] device_name: XRD_TAMDB
2026-08-10 14:28:16.224696[INFO] tams_proc: [1118] perm1: 65535
2026-08-10 14:28:16.224709[INFO] tams_proc: [1118] perm2: 0
2026-08-10 14:28:16.224723[INFO] tams_proc: [1118] object_quota: 10485760
2026-08-10 14:28:16.224739[INFO] tams_proc: [1118] Parsing TAMM_CMD_APP_SET_ATTR Req status: TAM_SUCCESS
2026-08-10 14:28:16.224752[INFO] tams_proc: [1118] Processing TAMM_CMD_APP_SET_ATTR Req
2026-08-10 14:28:16.224914[INFO] tams_proc: [1118] dev: XRD_TAMDB cmd: TAMD_CMD_APP_SET_ATTR new time: 24000 total time: 24000
2026-08-10 14:28:16.225028[INFO] tams_proc: [1118] App 'test_tam' attributes set pending for device 'XRD_TAMDB'
2026-08-10 14:28:16.225066[INFO] tams_proc: [1118] Processing TAMM_CMD_APP_SET_ATTR Req status: TAM_SUCCESS_IN_PROCESS
2026-08-10 14:28:16.226201[INFO] tamsvcs_tamm: [1047] cmd type: TAMM_CMD_APP_SET_ATTR
2026-08-10 14:28:16.226231[INFO] tamsvcs_tamm: [1047] trans id: 0x5
2026-08-10 14:28:16.226242[INFO] tamsvcs_tamm: [1047] status: TAM_SUCCESS_IN_PROCESS
2026-08-10 14:28:16.226225[INFO] tamd_proc: [1123] cmd type: TAMD_CMD_APP_SET_ATTR
2026-08-10 14:28:16.226250[INFO] tamsvcs_tamm: [1047] payload len: 0
2026-08-10 14:28:16.226253[INFO] tamd_proc: [1123] trans id: 0x7
2026-08-10 14:28:16.226259[INFO] tamsvcs_tamm: [1047] Parsing TAMM_CMD_APP_SET_ATTR Rsp
2026-08-10 14:28:16.226264[INFO] tamd_proc: [1123] payload len: 53
2026-08-10 14:28:16.226269[INFO] tamsvcs_tamm: [1047] Parsing TAMM_CMD_APP_SET_ATTR Rsp status: TAM_SUCCESS
2026-08-10 14:28:16.226273[INFO] tamd_proc: [1123] Parsing TAMD_CMD_APP_SET_ATTR Req
2026-08-10 14:28:16.226278[INFO] tamsvcs_tamm: [1047] Rx ACK in 3ms. Waiting 180000ms for final response...
2026-08-10 14:28:16.226286[INFO] tamd_proc: [1123] Parsing TAMD_CMD_APP_SET_ATTR Req status: TAM_SUCCESS
2026-08-10 14:28:16.244773[INFO] tamd_proc: [1123] App test_tam perm1 updated to 0xffff
2026-08-10 14:28:16.244813[INFO] tamd_proc: [1123] App test_tam object_quota updated to 10485760 bytes
2026-08-10 14:28:16.267618[INFO] tamd_proc: [1123] Processing TAMD_CMD_APP_SET_ATTR Req status: TAM_SUCCESS
2026-08-10 14:28:16.268793[INFO] tams_proc: [1118] cmd type: TAMD_CMD_APP_SET_ATTR
2026-08-10 14:28:16.268834[INFO] tams_proc: [1118] trans id: 0x7
2026-08-10 14:28:16.268848[INFO] tams_proc: [1118] status: TAM_SUCCESS
2026-08-10 14:28:16.268857[INFO] tams_proc: [1118] payload len: 0
2026-08-10 14:28:16.268865[INFO] tams_proc: [1118] Parsing TAMD_CMD_APP_SET_ATTR Rsp
2026-08-10 14:28:16.268884[INFO] tams_proc: [1118] Parsing TAMD_CMD_APP_SET_ATTR Rsp status: TAM_SUCCESS
2026-08-10 14:28:16.268894[INFO] tams_proc: [1118] Processing TAMD_CMD_APP_SET_ATTR Rsp
2026-08-10 14:28:16.268968[INFO] tams_proc: [1118] Processing TAMD_CMD_APP_SET_ATTR Rsp status: TAM_SUCCESS
2026-08-10 14:28:16.270129[INFO] tamsvcs_tamm: [1047] cmd type: TAMM_CMD_APP_SET_ATTR
2026-08-10 14:28:16.270170[INFO] tamsvcs_tamm: [1047] trans id: 0x5
2026-08-10 14:28:16.270189[INFO] tamsvcs_tamm: [1047] status: TAM_SUCCESS
2026-08-10 14:28:16.270201[INFO] tamsvcs_tamm: [1047] payload len: 0
2026-08-10 14:28:16.270219[INFO] tamsvcs_tamm: [1047] Parsing TAMM_CMD_APP_SET_ATTR Rsp
2026-08-10 14:28:16.270245[INFO] tamsvcs_tamm: [1047] Parsing TAMM_CMD_APP_SET_ATTR Rsp status: TAM_SUCCESS
2026-08-10 14:28:16.270258[INFO] tamsvcs_tamm: [1047] Final response received. rc=0x1
2026-08-10 14:28:16.270329[INFO] tamsvcs_tamm: [1047] cmd type: TAMM_CMD_APP_SET_ATTR
2026-08-10 14:28:16.270356[INFO] tamsvcs_tamm: [1047] trans id: 0x5
2026-08-10 14:28:16.270374[INFO] tamsvcs_tamm: [1047] status: TAM_SUCCESS
2026-08-10 14:28:16.270385[INFO] tamsvcs_tamm: [1047] payload len: 0
2026-08-10 14:28:16.270393[INFO] tamsvcs_tamm: [1047] Parsing TAMM_CMD_APP_SET_ATTR Rsp
2026-08-10 14:28:16.270403[INFO] tamsvcs_tamm: [1047] Parsing TAMM_CMD_APP_SET_ATTR Rsp status: TAM_SUCCESS
2026-08-10 14:28:16.271837[INFO] tams_proc: [1118] cmd type: TAMM_CMD_REGISTER_APP
2026-08-10 14:28:16.271870[INFO] tams_proc: [1118] trans id: 0x6
2026-08-10 14:28:16.271880[INFO] tams_proc: [1118] payload len: 99
2026-08-10 14:28:16.271888[INFO] tams_proc: [1118] Parsing TAMM_CMD_REGISTER_APP Req
2026-08-10 14:28:16.271897[INFO] tams_proc: [1118] credential_type: 2
2026-08-10 14:28:16.271905[INFO] tams_proc: [1118] appid: kev_app1
2026-08-10 14:28:16.271917[INFO] tams_proc: [1118] pw: ***
2026-08-10 14:28:16.271932[INFO] tams_proc: [1118] persistent_pw: 0
2026-08-10 14:28:16.271940[INFO] tams_proc: [1118] device_name: XRD_TAMDB
2026-08-10 14:28:16.271957[INFO] tams_proc: [1118] default_device: 1
2026-08-10 14:28:16.271966[INFO] tams_proc: [1118] max_sessions: 50
2026-08-10 14:28:16.271976[INFO] tams_proc: [1118] Parsing TAMM_CMD_REGISTER_APP Req status: TAM_SUCCESS
2026-08-10 14:28:16.271984[INFO] tams_proc: [1118] Processing TAMM_CMD_REGISTER_APP Req
2026-08-10 14:28:16.274138[INFO] tams_proc: [1118] dev: XRD_TAMDB cmd: TAMD_CMD_REGISTER_APP new time: 24000 total time: 24000
2026-08-10 14:28:16.274256[INFO] tams_proc: [1118] App 'kev_app1' registration in process
2026-08-10 14:28:16.274292[INFO] tams_proc: [1118] Processing TAMM_CMD_REGISTER_APP Req status: TAM_SUCCESS_IN_PROCESS
2026-08-10 14:28:16.275416[INFO] tamsvcs_tamm: [1047] cmd type: TAMM_CMD_REGISTER_APP
2026-08-10 14:28:16.275456[INFO] tamsvcs_tamm: [1047] trans id: 0x6
2026-08-10 14:28:16.275476[INFO] tamsvcs_tamm: [1047] status: TAM_SUCCESS_IN_PROCESS
2026-08-10 14:28:16.275495[INFO] tamsvcs_tamm: [1047] payload len: 0
2026-08-10 14:28:16.275505[INFO] tamsvcs_tamm: [1047] Parsing TAMM_CMD_REGISTER_APP Rsp
2026-08-10 14:28:16.275525[INFO] tamsvcs_tamm: [1047] Parsing TAMM_CMD_REGISTER_APP Rsp status: TAM_SUCCESS
2026-08-10 14:28:16.275534[INFO] tamsvcs_tamm: [1047] Rx ACK in 5ms. Waiting 180000ms for final response...
2026-08-10 14:28:16.275533[INFO] tamd_proc: [1123] cmd type: TAMD_CMD_REGISTER_APP
2026-08-10 14:28:16.275574[INFO] tamd_proc: [1123] trans id: 0x8
2026-08-10 14:28:16.275590[INFO] tamd_proc: [1123] payload len: 69
2026-08-10 14:28:16.275603[INFO] tamd_proc: [1123] Parsing TAMD_CMD_REGISTER_APP Req
2026-08-10 14:28:16.275622[INFO] tamd_proc: [1123] Parsing TAMD_CMD_REGISTER_APP Req status: TAM_SUCCESS
2026-08-10 14:28:16.321820[INFO] tamd_proc: [1123] Creating new app storage:
/misc/config/SWTAmRoot/7/XRD_TAMDB-fips-off/003c6379fd19187eeb781dad0140ff73f4c1a4622ff6a9e0a1ace14b
2026-08-10 14:28:16.322580[INFO] tamd_proc: [1123] Processing TAMD_CMD_REGISTER_APP Req status: TAM_SUCCESS
2026-08-10 14:28:16.323744[INFO] tams_proc: [1118] cmd type: TAMD_CMD_REGISTER_APP
2026-08-10 14:28:16.323777[INFO] tams_proc: [1118] trans id: 0x8
2026-08-10 14:28:16.323788[INFO] tams_proc: [1118] status: TAM_SUCCESS
2026-08-10 14:28:16.323796[INFO] tams_proc: [1118] payload len: 0
2026-08-10 14:28:16.323804[INFO] tams_proc: [1118] Parsing TAMD_CMD_REGISTER_APP Rsp
2026-08-10 14:28:16.323814[INFO] tams_proc: [1118] Parsing TAMD_CMD_REGISTER_APP Rsp status: TAM_SUCCESS
2026-08-10 14:28:16.323822[INFO] tams_proc: [1118] Processing TAMD_CMD_REGISTER_APP Rsp
2026-08-10 14:28:16.323895[INFO] tams_proc: [1118] Processing TAMD_CMD_REGISTER_APP Rsp status: TAM_SUCCESS
2026-08-10 14:28:16.325080[INFO] tamsvcs_tamm: [1047] cmd type: TAMM_CMD_REGISTER_APP
2026-08-10 14:28:16.325122[INFO] tamsvcs_tamm: [1047] trans id: 0x6
2026-08-10 14:28:16.325133[INFO] tamsvcs_tamm: [1047] status: TAM_SUCCESS
2026-08-10 14:28:16.325152[INFO] tamsvcs_tamm: [1047] payload len: 0
2026-08-10 14:28:16.325161[INFO] tamsvcs_tamm: [1047] Parsing TAMM_CMD_REGISTER_APP Rsp
2026-08-10 14:28:16.325178[INFO] tamsvcs_tamm: [1047] Parsing TAMM_CMD_REGISTER_APP Rsp status: TAM_SUCCESS
2026-08-10 14:28:16.325190[INFO] tamsvcs_tamm: [1047] Final response received. rc=0x1
2026-08-10 14:28:16.325270[INFO] tamsvcs_tamm: [1047] cmd type: TAMM_CMD_REGISTER_APP
2026-08-10 14:28:16.325303[INFO] tamsvcs_tamm: [1047] trans id: 0x6
2026-08-10 14:28:16.325322[INFO] tamsvcs_tamm: [1047] status: TAM_SUCCESS
2026-08-10 14:28:16.325331[INFO] tamsvcs_tamm: [1047] payload len: 0
2026-08-10 14:28:16.325339[INFO] tamsvcs_tamm: [1047] Parsing TAMM_CMD_REGISTER_APP Rsp
2026-08-10 14:28:16.325349[INFO] tamsvcs_tamm: [1047] Parsing TAMM_CMD_REGISTER_APP Rsp status: TAM_SUCCESS
2026-08-10 14:28:16.326771[INFO] tams_proc: [1118] cmd type: TAMM_CMD_APP_SET_ATTR
2026-08-10 14:28:16.326797[INFO] tams_proc: [1118] trans id: 0x7
2026-08-10 14:28:16.326805[INFO] tams_proc: [1118] payload len: 71
2026-08-10 14:28:16.326814[INFO] tams_proc: [1118] Parsing TAMM_CMD_APP_SET_ATTR Req
2026-08-10 14:28:16.326823[INFO] tams_proc: [1118] appid: kev_app1
2026-08-10 14:28:16.326842[INFO] tams_proc: [1118] device_name: XRD_TAMDB
2026-08-10 14:28:16.326852[INFO] tams_proc: [1118] perm1: 65535
2026-08-10 14:28:16.326860[INFO] tams_proc: [1118] perm2: 0
2026-08-10 14:28:16.326868[INFO] tams_proc: [1118] object_quota: 10485760
2026-08-10 14:28:16.326880[INFO] tams_proc: [1118] Parsing TAMM_CMD_APP_SET_ATTR Req status: TAM_SUCCESS
2026-08-10 14:28:16.326895[INFO] tams_proc: [1118] Processing TAMM_CMD_APP_SET_ATTR Req
2026-08-10 14:28:16.327001[INFO] tams_proc: [1118] dev: XRD_TAMDB cmd: TAMD_CMD_APP_SET_ATTR new time: 24000 total time: 24000
2026-08-10 14:28:16.327085[INFO] tams_proc: [1118] App 'kev_app1' attributes set pending for device 'XRD_TAMDB'
2026-08-10 14:28:16.327118[INFO] tams_proc: [1118] Processing TAMM_CMD_APP_SET_ATTR Req status: TAM_SUCCESS_IN_PROCESS
2026-08-10 14:28:16.328234[INFO] tamsvcs_tamm: [1047] cmd type: TAMM_CMD_APP_SET_ATTR
2026-08-10 14:28:16.328260[INFO] tamsvcs_tamm: [1047] trans id: 0x7
2026-08-10 14:28:16.328270[INFO] tamsvcs_tamm: [1047] status: TAM_SUCCESS_IN_PROCESS
2026-08-10 14:28:16.328278[INFO] tamsvcs_tamm: [1047] payload len: 0
2026-08-10 14:28:16.328286[INFO] tamsvcs_tamm: [1047] Parsing TAMM_CMD_APP_SET_ATTR Rsp
2026-08-10 14:28:16.328295[INFO] tamsvcs_tamm: [1047] Parsing TAMM_CMD_APP_SET_ATTR Rsp status: TAM_SUCCESS
2026-08-10 14:28:16.328304[INFO] tamsvcs_tamm: [1047] Rx ACK in 2ms. Waiting 180000ms for final response...
2026-08-10 14:28:16.328333[INFO] tamd_proc: [1123] cmd type: TAMD_CMD_APP_SET_ATTR
2026-08-10 14:28:16.328362[INFO] tamd_proc: [1123] trans id: 0x9
2026-08-10 14:28:16.328372[INFO] tamd_proc: [1123] payload len: 53
2026-08-10 14:28:16.328380[INFO] tamd_proc: [1123] Parsing TAMD_CMD_APP_SET_ATTR Req
2026-08-10 14:28:16.328392[INFO] tamd_proc: [1123] Parsing TAMD_CMD_APP_SET_ATTR Req status: TAM_SUCCESS
2026-08-10 14:28:16.347528[INFO] tamd_proc: [1123] App kev_app1 perm1 updated to 0xffff
2026-08-10 14:28:16.347561[INFO] tamd_proc: [1123] App kev_app1 object_quota updated to 10485760 bytes
2026-08-10 14:28:16.369911[INFO] tamd_proc: [1123] Processing TAMD_CMD_APP_SET_ATTR Req status: TAM_SUCCESS
2026-08-10 14:28:16.371080[INFO] tams_proc: [1118] cmd type: TAMD_CMD_APP_SET_ATTR
2026-08-10 14:28:16.371119[INFO] tams_proc: [1118] trans id: 0x9
2026-08-10 14:28:16.371137[INFO] tams_proc: [1118] status: TAM_SUCCESS
2026-08-10 14:28:16.371147[INFO] tams_proc: [1118] payload len: 0
2026-08-10 14:28:16.371156[INFO] tams_proc: [1118] Parsing TAMD_CMD_APP_SET_ATTR Rsp
2026-08-10 14:28:16.371175[INFO] tams_proc: [1118] Parsing TAMD_CMD_APP_SET_ATTR Rsp status: TAM_SUCCESS
2026-08-10 14:28:16.371183[INFO] tams_proc: [1118] Processing TAMD_CMD_APP_SET_ATTR Rsp
2026-08-10 14:28:16.371261[INFO] tams_proc: [1118] Processing TAMD_CMD_APP_SET_ATTR Rsp status: TAM_SUCCESS
2026-08-10 14:28:16.372509[INFO] tamsvcs_tamm: [1047] cmd type: TAMM_CMD_APP_SET_ATTR
2026-08-10 14:28:16.372549[INFO] tamsvcs_tamm: [1047] trans id: 0x7
2026-08-10 14:28:16.372564[INFO] tamsvcs_tamm: [1047] status: TAM_SUCCESS
2026-08-10 14:28:16.372572[INFO] tamsvcs_tamm: [1047] payload len: 0
2026-08-10 14:28:16.372580[INFO] tamsvcs_tamm: [1047] Parsing TAMM_CMD_APP_SET_ATTR Rsp
2026-08-10 14:28:16.372590[INFO] tamsvcs_tamm: [1047] Parsing TAMM_CMD_APP_SET_ATTR Rsp status: TAM_SUCCESS
2026-08-10 14:28:16.372606[INFO] tamsvcs_tamm: [1047] Final response received. rc=0x1
2026-08-10 14:28:16.372683[INFO] tamsvcs_tamm: [1047] cmd type: TAMM_CMD_APP_SET_ATTR
2026-08-10 14:28:16.372710[INFO] tamsvcs_tamm: [1047] trans id: 0x7
2026-08-10 14:28:16.372726[INFO] tamsvcs_tamm: [1047] status: TAM_SUCCESS
2026-08-10 14:28:16.372738[INFO] tamsvcs_tamm: [1047] payload len: 0
2026-08-10 14:28:16.372747[INFO] tamsvcs_tamm: [1047] Parsing TAMM_CMD_APP_SET_ATTR Rsp
2026-08-10 14:28:16.372764[INFO] tamsvcs_tamm: [1047] Parsing TAMM_CMD_APP_SET_ATTR Rsp status: TAM_SUCCESS
2026-08-10 14:28:16.376372[INFO] tams_proc: [1118] cmd type: TAMC_CMD_APP_LOGIN
2026-08-10 14:28:16.376401[INFO] tams_proc: [1118] session id: 0x0
2026-08-10 14:28:16.376432[INFO] tams_proc: [1118] trans id: 0x8
2026-08-10 14:28:16.376443[INFO] tams_proc: [1118] payload len: 343
2026-08-10 14:28:16.376451[INFO] tams_proc: [1118] Parsing TAMC_CMD_APP_LOGIN Req
2026-08-10 14:28:16.376473[INFO] tams_proc: [1118] credential_type: 2
2026-08-10 14:28:16.376482[INFO] tams_proc: [1118] Parsing TAMC_CMD_APP_LOGIN Req status: TAM_SUCCESS
2026-08-10 14:28:16.376491[INFO] tams_proc: [1118] Processing TAMC_CMD_APP_LOGIN Req for device XRD_TAMDB
2026-08-10 14:28:16.376502[INFO] tams_proc: [1118] app Init number pending sessions = 1 max=5
2026-08-10 14:28:16.376523[INFO] tams_proc: [1118] Received SRP message 1
2026-08-10 14:28:16.383479[INFO] tams_proc: [1118] Processing TAMC_CMD_APP_LOGIN Req status: TAM_SUCCESS
2026-08-10 14:28:16.393673[INFO] tams_proc: [1118] cmd type: TAMC_CMD_APP_LOGIN
2026-08-10 14:28:16.393702[INFO] tams_proc: [1118] session id: 0x1
2026-08-10 14:28:16.393712[INFO] tams_proc: [1118] trans id: 0x9
2026-08-10 14:28:16.393720[INFO] tams_proc: [1118] payload len: 83
2026-08-10 14:28:16.393727[INFO] tams_proc: [1118] Parsing TAMC_CMD_APP_LOGIN Req
2026-08-10 14:28:16.393866[INFO] tams_proc: [1118] Parsing TAMC_CMD_APP_LOGIN Req status: TAM_SUCCESS
2026-08-10 14:28:16.393882[INFO] tams_proc: [1118] Processing TAMC_CMD_APP_LOGIN Req for device XRD_TAMDB
2026-08-10 14:28:16.393891[INFO] tams_proc: [1118] Session in process
2026-08-10 14:28:16.393902[INFO] tams_proc: [1118] Received SRP message 3
2026-08-10 14:28:16.393927[INFO] tams_proc: [1118] app Init number sessions = 1 max=50
2026-08-10 14:28:16.394021[INFO] tams_proc: [1118] dev: XRD_TAMDB cmd: TAMD_CMD_DEVICE_BIND new time: 24000 total time: 24000
2026-08-10 14:28:16.394042[INFO] tams_proc: [1118] Processing TAMC_CMD_APP_LOGIN Req status: TAM_SUCCESS_IN_PROCESS
2026-08-10 14:28:16.395353[INFO] tamd_proc: [1123] cmd type: TAMD_CMD_DEVICE_BIND
2026-08-10 14:28:16.395386[INFO] tamd_proc: [1123] trans id: 0xa
2026-08-10 14:28:16.395397[INFO] tamd_proc: [1123] payload len: 12
2026-08-10 14:28:16.395406[INFO] tamd_proc: [1123] Parsing TAMD_CMD_DEVICE_BIND Req
2026-08-10 14:28:16.395426[INFO] tamd_proc: [1123] Parsing TAMD_CMD_DEVICE_BIND Req status: TAM_SUCCESS
2026-08-10 14:28:16.411784[INFO] tamd_proc: [1123] Processing TAMD_CMD_DEVICE_BIND Req status: TAM_SUCCESS
2026-08-10 14:28:16.412940[INFO] tams_proc: [1118] cmd type: TAMD_CMD_DEVICE_BIND
2026-08-10 14:28:16.412968[INFO] tams_proc: [1118] trans id: 0xa
2026-08-10 14:28:16.412979[INFO] tams_proc: [1118] status: TAM_SUCCESS
2026-08-10 14:28:16.412987[INFO] tams_proc: [1118] payload len: 0
2026-08-10 14:28:16.412995[INFO] tams_proc: [1118] Parsing TAMD_CMD_DEVICE_BIND Rsp
2026-08-10 14:28:16.413006[INFO] tams_proc: [1118] Parsing TAMD_CMD_DEVICE_BIND Rsp status: TAM_SUCCESS
2026-08-10 14:28:16.413014[INFO] tams_proc: [1118] Processing TAMD_CMD_DEVICE_BIND Rsp
2026-08-10 14:28:16.413025[INFO] tams_proc: [1118] Device XRD_TAMDB binding of app Init: TAM_SUCCESS
2026-08-10 14:28:16.413035[INFO] tams_proc: [1118] Sending SRP message 4 (80 bytes)
2026-08-10 14:28:16.413096[INFO] tams_proc: [1118] SRP session key (32 bytes):
[INFO] tams_proc: [1118] 65 F6 10 3C 2A C2 62 E9 86 4F 56 33 9F 63 1E 25 6A 95 52 85 88 68 01 E4 76 5D B1 33 D5 56 8D 11 
2026-08-10 14:28:16.413134[INFO] tams_proc: [1118] Application Init authentication succeeded!
2026-08-10 14:28:16.413142[INFO] tams_proc: [1118] Binding of app Init to device XRD_TAMDB: TAM_SUCCESS
2026-08-10 14:28:16.413152[INFO] tams_proc: [1118] Processing TAMD_CMD_DEVICE_BIND Rsp status: TAM_SUCCESS
2026-08-10 14:28:16.415725[INFO] tams_proc: [1118] cmd type: TAMC_CMD_SO_DELETE
2026-08-10 14:28:16.415751[INFO] tams_proc: [1118] session id: 0x1
2026-08-10 14:28:16.415759[INFO] tams_proc: [1118] trans id: 0xa
2026-08-10 14:28:16.415767[INFO] tams_proc: [1118] payload len: 79
2026-08-10 14:28:16.415775[INFO] tams_proc: [1118] Parsing TAMC_CMD_SO_DELETE Req
2026-08-10 14:28:16.415785[INFO] tams_proc: [1118] Session key len: 32
[INFO] tams_proc: [1118] 65 F6 10 3C 2A C2 62 E9 86 4F 56 33 9F 63 1E 25 6A 95 52 85 88 68 01 E4 76 5D B1 33 D5 56 8D 11 
2026-08-10 14:28:16.415809[INFO] tams_proc: [1118] Object owner len : 5
[INFO] tams_proc: [1118] 49 6E 69 74 00 
2026-08-10 14:28:16.415827[INFO] tams_proc: [1118] Object name len : 18
[INFO] tams_proc: [1118] 53 45 4C 46 5F 54 45 53 54 5F 74 65 73 74 5F 73 6F 00 
2026-08-10 14:28:16.415847[INFO] tams_proc: [1118] Parsing TAMC_CMD_SO_DELETE Req status: TAM_SUCCESS
2026-08-10 14:28:16.415856[INFO] tams_proc: [1118] verifying TAMC session...
2026-08-10 14:28:16.415864[INFO] tams_proc: [1118] verify success!
2026-08-10 14:28:16.415872[INFO] tams_proc: [1118] Processing TAMC_CMD_SO_DELETE Req for device XRD_TAMDB
2026-08-10 14:28:16.415963[INFO] tams_proc: [1118] dev: XRD_TAMDB cmd: TAMD_CMD_GET_SO_DELETE new time: 24000 total time: 24000
2026-08-10 14:28:16.416029[INFO] tams_proc: [1118] Processing TAMC_CMD_SO_DELETE Req status: TAM_SUCCESS
2026-08-10 14:28:16.417305[INFO] tamd_proc: [1123] cmd type: TAMD_CMD_GET_SO_DELETE
2026-08-10 14:28:16.417333[INFO] tamd_proc: [1123] trans id: 0xb
2026-08-10 14:28:16.417343[INFO] tamd_proc: [1123] payload len: 64
2026-08-10 14:28:16.417352[INFO] tamd_proc: [1123] Parsing TAMD_CMD_GET_SO_DELETE Req
2026-08-10 14:28:16.417383[INFO] tamd_proc: [1123] credential_type : 2
2026-08-10 14:28:16.417395[INFO] tamd_proc: [1123] Parsing TAMD_CMD_GET_SO_DELETE Req status: TAM_SUCCESS
2026-08-10 14:28:16.433577[INFO] tamd_proc: [1123] Sending so delete result back to TAMS on tam_ipc_handle=0x619a0b63e9a0
2026-08-10 14:28:16.433669[INFO] tamd_proc: [1123] Processing TAMD_CMD_GET_SO_DELETE Req status: TAM_SUCCESS
2026-08-10 14:28:16.434814[INFO] tams_proc: [1118] cmd type: TAMD_CMD_GET_SO_DELETE
2026-08-10 14:28:16.434841[INFO] tams_proc: [1118] trans id: 0xb
2026-08-10 14:28:16.434852[INFO] tams_proc: [1118] status: TAM_ERROR_NO_OBJECT
2026-08-10 14:28:16.434861[INFO] tams_proc: [1118] payload len: 0
2026-08-10 14:28:16.434869[INFO] tams_proc: [1118] Parsing TAMD_CMD_GET_SO_DELETE Rsp
2026-08-10 14:28:16.434878[INFO] tams_proc: [1118] Parsing TAMD_CMD_GET_SO_DELETE Rsp status: TAM_SUCCESS
2026-08-10 14:28:16.434886[INFO] tams_proc: [1118] Processing TAMD_CMD_GET_SO_DELETE Rsp
2026-08-10 14:28:16.434945[INFO] tams_proc: [1118] Processing TAMD_CMD_GET_SO_DELETE Rsp status: TAM_SUCCESS
2026-08-10 14:28:16.437517[INFO] tams_proc: [1118] cmd type: TAMC_CMD_SO_CREATE
2026-08-10 14:28:16.437543[INFO] tams_proc: [1118] session id: 0x1
2026-08-10 14:28:16.437553[INFO] tams_proc: [1118] trans id: 0xb
2026-08-10 14:28:16.437562[INFO] tams_proc: [1118] payload len: 148
2026-08-10 14:28:16.437570[INFO] tams_proc: [1118] Parsing TAMC_CMD_SO_CREATE Req
2026-08-10 14:28:16.437580[INFO] tams_proc: [1118] Session key len: 32
[INFO] tams_proc: [1118] 65 F6 10 3C 2A C2 62 E9 86 4F 56 33 9F 63 1E 25 6A 95 52 85 88 68 01 E4 76 5D B1 33 D5 56 8D 11 
2026-08-10 14:28:16.437603[INFO] tams_proc: [1118] Object owner len : 5
[INFO] tams_proc: [1118] 49 6E 69 74 00 
2026-08-10 14:28:16.437621[INFO] tams_proc: [1118] Object name len : 18
[INFO] tams_proc: [1118] 53 45 4C 46 5F 54 45 53 54 5F 74 65 73 74 5F 73 6F 00 
2026-08-10 14:28:16.437640[INFO] tams_proc: [1118] Object type 1, len : 1
2026-08-10 14:28:16.437648[INFO] tams_proc: [1118] Memory Flag 2, len : 1
2026-08-10 14:28:16.437656[INFO] tams_proc: [1118] CSP flag 0, len : 1
2026-08-10 14:28:16.437664[INFO] tams_proc: [1118] Encryption Flag 1, len : 1
2026-08-10 14:28:16.437672[INFO] tams_proc: [1118] Import flag 1, len : 1
2026-08-10 14:28:16.437680[INFO] tams_proc: [1118] Object size 23, len : 4
2026-08-10 14:28:16.437688[INFO] tams_proc: [1118] Meta data 0x0, len : 4
2026-08-10 14:28:16.437697[INFO] tams_proc: [1118] Parsing TAMC_CMD_SO_CREATE Req status: TAM_SUCCESS
2026-08-10 14:28:16.437705[INFO] tams_proc: [1118] verifying TAMC session...
2026-08-10 14:28:16.437714[INFO] tams_proc: [1118] verify success!
2026-08-10 14:28:16.437721[INFO] tams_proc: [1118] Processing TAMC_CMD_SO_CREATE Req for device XRD_TAMDB
2026-08-10 14:28:16.437814[INFO] tams_proc: [1118] dev: XRD_TAMDB cmd: TAMD_CMD_GET_SO_CREATE new time: 24000 total time: 24000
2026-08-10 14:28:16.437878[INFO] tams_proc: [1118] Processing TAMC_CMD_SO_CREATE Req status: TAM_SUCCESS
2026-08-10 14:28:16.439163[INFO] tamd_proc: [1123] cmd type: TAMD_CMD_GET_SO_CREATE
2026-08-10 14:28:16.439191[INFO] tamd_proc: [1123] trans id: 0xc
2026-08-10 14:28:16.439201[INFO] tamd_proc: [1123] payload len: 133
2026-08-10 14:28:16.439209[INFO] tamd_proc: [1123] Parsing TAMD_CMD_GET_SO_CREATE Req
2026-08-10 14:28:16.439225[INFO] tamd_proc: [1123] object_type(len): 1 1
2026-08-10 14:28:16.439236[INFO] tamd_proc: [1123] credential_type : 2
2026-08-10 14:28:16.439245[INFO] tamd_proc: [1123] Parsing TAMD_CMD_GET_SO_CREATE Req status: TAM_SUCCESS
2026-08-10 14:28:16.456819[INFO] tamd_proc: [1123] >>>> store size - object size - quota: 0 - 23 - 102400 - ./crypto/tams/tamservices/device/swtam/src/swtam_object_attr.c - 878
2026-08-10 14:28:16.460212[INFO] tamd_proc: [1123] >>>> store size - object size - quota: 23 - 23 - 102400 - ./crypto/tams/tamservices/device/swtam/src/swtam_object_attr.c - 891
2026-08-10 14:28:16.480495[INFO] tamd_proc: [1123] Sending so read result back to TAMS on tam_ipc_handle=0x619a0b63e9a0
2026-08-10 14:28:16.480592[INFO] tamd_proc: [1123] Processing TAMD_CMD_GET_SO_CREATE Req status: TAM_SUCCESS
2026-08-10 14:28:16.481754[INFO] tams_proc: [1118] cmd type: TAMD_CMD_GET_SO_CREATE
2026-08-10 14:28:16.481782[INFO] tams_proc: [1118] trans id: 0xc
2026-08-10 14:28:16.481792[INFO] tams_proc: [1118] status: TAM_SUCCESS
2026-08-10 14:28:16.481800[INFO] tams_proc: [1118] payload len: 0
2026-08-10 14:28:16.481808[INFO] tams_proc: [1118] Parsing TAMD_CMD_GET_SO_CREATE Rsp
2026-08-10 14:28:16.481817[INFO] tams_proc: [1118] Parsing TAMD_CMD_GET_SO_CREATE Rsp status: TAM_SUCCESS
2026-08-10 14:28:16.481826[INFO] tams_proc: [1118] Processing TAMD_CMD_GET_SO_CREATE Rsp
2026-08-10 14:28:16.481837[INFO] tams_proc: [1118] appname:Init sync_staus_enable:0 notify_enable:0
2026-08-10 14:28:16.481896[INFO] tams_proc: [1118] Processing TAMD_CMD_GET_SO_CREATE Rsp status: TAM_SUCCESS
2026-08-10 14:28:16.484485[INFO] tams_proc: [1118] cmd type: TAMC_CMD_SO_WRITE
2026-08-10 14:28:16.484511[INFO] tams_proc: [1118] session id: 0x1
2026-08-10 14:28:16.484520[INFO] tams_proc: [1118] trans id: 0xc
2026-08-10 14:28:16.484528[INFO] tams_proc: [1118] payload len: 109
2026-08-10 14:28:16.484536[INFO] tams_proc: [1118] Parsing TAMC_CMD_SO_WRITE Req
2026-08-10 14:28:16.484546[INFO] tams_proc: [1118] Session key len: 32
[INFO] tams_proc: [1118] 65 F6 10 3C 2A C2 62 E9 86 4F 56 33 9F 63 1E 25 6A 95 52 85 88 68 01 E4 76 5D B1 33 D5 56 8D 11 
2026-08-10 14:28:16.484570[INFO] tams_proc: [1118] Object owner len : 5
[INFO] tams_proc: [1118] 49 6E 69 74 00 
2026-08-10 14:28:16.484588[INFO] tams_proc: [1118] Object name len : 18
[INFO] tams_proc: [1118] 53 45 4C 46 5F 54 45 53 54 5F 74 65 73 74 5F 73 6F 00 
2026-08-10 14:28:16.484610[INFO] tams_proc: [1118] Data len : 22
[INFO] tams_proc: [1118] 53 65 6C 66 20 74 65 73 74 20 64 61 74 61 20 63 6F 6E 74 65 6E 74 
2026-08-10 14:28:16.484630[INFO] tams_proc: [1118] Parsing TAMC_CMD_SO_WRITE Req status: TAM_SUCCESS
2026-08-10 14:28:16.484639[INFO] tams_proc: [1118] verifying TAMC session...
2026-08-10 14:28:16.484647[INFO] tams_proc: [1118] verify success!
2026-08-10 14:28:16.484655[INFO] tams_proc: [1118] Processing TAMC_CMD_SO_WRITE Req for device XRD_TAMDB
2026-08-10 14:28:16.484747[INFO] tams_proc: [1118] dev: XRD_TAMDB cmd: TAMD_CMD_GET_SO_WRITE new time: 24000 total time: 24000
2026-08-10 14:28:16.484812[INFO] tams_proc: [1118] Processing TAMC_CMD_SO_WRITE Req status: TAM_SUCCESS
2026-08-10 14:28:16.486069[INFO] tamd_proc: [1123] cmd type: TAMD_CMD_GET_SO_WRITE
2026-08-10 14:28:16.486099[INFO] tamd_proc: [1123] trans id: 0xd
2026-08-10 14:28:16.486110[INFO] tamd_proc: [1123] payload len: 94
2026-08-10 14:28:16.486119[INFO] tamd_proc: [1123] Parsing TAMD_CMD_GET_SO_WRITE Req
2026-08-10 14:28:16.486137[INFO] tamd_proc: [1123] credential_type : 2
2026-08-10 14:28:16.486148[INFO] tamd_proc: [1123] Parsing TAMD_CMD_GET_SO_WRITE Req status: TAM_SUCCESS
2026-08-10 14:28:16.508759[INFO] tamd_proc: [1123] Sending so read result back to TAMS on tam_ipc_handle=0x619a0b63e9a0
2026-08-10 14:28:16.508849[INFO] tamd_proc: [1123] Processing TAMD_CMD_GET_SO_WRITE Req status: TAM_SUCCESS
2026-08-10 14:28:16.510032[INFO] tams_proc: [1118] cmd type: TAMD_CMD_GET_SO_WRITE
2026-08-10 14:28:16.510063[INFO] tams_proc: [1118] trans id: 0xd
2026-08-10 14:28:16.510129[INFO] tams_proc: [1118] status: TAM_SUCCESS
2026-08-10 14:28:16.510147[INFO] tams_proc: [1118] payload len: 0
2026-08-10 14:28:16.510156[INFO] tams_proc: [1118] Parsing TAMD_CMD_GET_SO_WRITE Rsp
2026-08-10 14:28:16.510167[INFO] tams_proc: [1118] Parsing TAMD_CMD_GET_SO_WRITE Rsp status: TAM_SUCCESS
2026-08-10 14:28:16.510175[INFO] tams_proc: [1118] Processing TAMD_CMD_GET_SO_WRITE Rsp
2026-08-10 14:28:16.510186[INFO] tams_proc: [1118] appname:Init sync_staus_enable:0 notify_enable:0
2026-08-10 14:28:16.510251[INFO] tams_proc: [1118] Processing TAMD_CMD_GET_SO_WRITE Rsp status: TAM_SUCCESS
2026-08-10 14:28:16.512813[INFO] tams_proc: [1118] cmd type: TAMC_CMD_SO_READ
2026-08-10 14:28:16.512840[INFO] tams_proc: [1118] session id: 0x1
2026-08-10 14:28:16.512850[INFO] tams_proc: [1118] trans id: 0xd
2026-08-10 14:28:16.512858[INFO] tams_proc: [1118] payload len: 79
2026-08-10 14:28:16.512866[INFO] tams_proc: [1118] Parsing TAMC_CMD_SO_READ Req
2026-08-10 14:28:16.512876[INFO] tams_proc: [1118] Session key len: 32
[INFO] tams_proc: [1118] 65 F6 10 3C 2A C2 62 E9 86 4F 56 33 9F 63 1E 25 6A 95 52 85 88 68 01 E4 76 5D B1 33 D5 56 8D 11 
2026-08-10 14:28:16.512900[INFO] tams_proc: [1118] Object owner len : 5
[INFO] tams_proc: [1118] 49 6E 69 74 00 
2026-08-10 14:28:16.512918[INFO] tams_proc: [1118] Object name len : 18
[INFO] tams_proc: [1118] 53 45 4C 46 5F 54 45 53 54 5F 74 65 73 74 5F 73 6F 00 
2026-08-10 14:28:16.512938[INFO] tams_proc: [1118] Parsing TAMC_CMD_SO_READ Req status: TAM_SUCCESS
2026-08-10 14:28:16.512947[INFO] tams_proc: [1118] verifying TAMC session...
2026-08-10 14:28:16.512955[INFO] tams_proc: [1118] verify success!
2026-08-10 14:28:16.512963[INFO] tams_proc: [1118] Processing TAMC_CMD_SO_READ Req for device XRD_TAMDB
2026-08-10 14:28:16.513059[INFO] tams_proc: [1118] dev: XRD_TAMDB cmd: TAMD_CMD_GET_SO_READ new time: 24000 total time: 24000
2026-08-10 14:28:16.513124[INFO] tams_proc: [1118] Processing TAMC_CMD_SO_READ Req status: TAM_SUCCESS
2026-08-10 14:28:16.514360[INFO] tamd_proc: [1123] cmd type: TAMD_CMD_GET_SO_READ
2026-08-10 14:28:16.514388[INFO] tamd_proc: [1123] trans id: 0xe
2026-08-10 14:28:16.514399[INFO] tamd_proc: [1123] payload len: 64
2026-08-10 14:28:16.514407[INFO] tamd_proc: [1123] Parsing TAMD_CMD_GET_SO_READ Req
2026-08-10 14:28:16.514424[INFO] tamd_proc: [1123] credential_type : 2
2026-08-10 14:28:16.514436[INFO] tamd_proc: [1123] Parsing TAMD_CMD_GET_SO_READ Req status: TAM_SUCCESS
2026-08-10 14:28:16.531383[INFO] tamd_proc: [1123] Sending so read result back to TAMS on tam_ipc_handle=0x619a0b63e9a0
2026-08-10 14:28:16.531475[INFO] tamd_proc: [1123] Processing TAMD_CMD_GET_SO_READ Req status: TAM_SUCCESS
2026-08-10 14:28:16.532630[INFO] tams_proc: [1118] cmd type: TAMD_CMD_GET_SO_READ
2026-08-10 14:28:16.532658[INFO] tams_proc: [1118] trans id: 0xe
2026-08-10 14:28:16.532669[INFO] tams_proc: [1118] status: TAM_SUCCESS
2026-08-10 14:28:16.532678[INFO] tams_proc: [1118] payload len: 30
2026-08-10 14:28:16.532686[INFO] tams_proc: [1118] Parsing TAMD_CMD_GET_SO_READ Rsp
2026-08-10 14:28:16.532696[INFO] tams_proc: [1118] Parsing TAMD_CMD_GET_SO_READ Rsp status: TAM_SUCCESS
2026-08-10 14:28:16.532705[INFO] tams_proc: [1118] Processing TAMD_CMD_GET_SO_READ Rsp
2026-08-10 14:28:16.532765[INFO] tams_proc: [1118] Processing TAMD_CMD_GET_SO_READ Rsp status: TAM_SUCCESS
2026-08-10 14:28:16.535367[INFO] tams_proc: [1118] cmd type: TAMC_CMD_SO_DELETE
2026-08-10 14:28:16.535394[INFO] tams_proc: [1118] session id: 0x1
2026-08-10 14:28:16.535403[INFO] tams_proc: [1118] trans id: 0xe
2026-08-10 14:28:16.535412[INFO] tams_proc: [1118] payload len: 79
2026-08-10 14:28:16.535420[INFO] tams_proc: [1118] Parsing TAMC_CMD_SO_DELETE Req
2026-08-10 14:28:16.535430[INFO] tams_proc: [1118] Session key len: 32
[INFO] tams_proc: [1118] 65 F6 10 3C 2A C2 62 E9 86 4F 56 33 9F 63 1E 25 6A 95 52 85 88 68 01 E4 76 5D B1 33 D5 56 8D 11 
2026-08-10 14:28:16.535454[INFO] tams_proc: [1118] Object owner len : 5
[INFO] tams_proc: [1118] 49 6E 69 74 00 
2026-08-10 14:28:16.535471[INFO] tams_proc: [1118] Object name len : 18
[INFO] tams_proc: [1118] 53 45 4C 46 5F 54 45 53 54 5F 74 65 73 74 5F 73 6F 00 
2026-08-10 14:28:16.535491[INFO] tams_proc: [1118] Parsing TAMC_CMD_SO_DELETE Req status: TAM_SUCCESS
2026-08-10 14:28:16.535500[INFO] tams_proc: [1118] verifying TAMC session...
2026-08-10 14:28:16.535508[INFO] tams_proc: [1118] verify success!
2026-08-10 14:28:16.535517[INFO] tams_proc: [1118] Processing TAMC_CMD_SO_DELETE Req for device XRD_TAMDB
2026-08-10 14:28:16.535605[INFO] tams_proc: [1118] dev: XRD_TAMDB cmd: TAMD_CMD_GET_SO_DELETE new time: 24000 total time: 24000
2026-08-10 14:28:16.535670[INFO] tams_proc: [1118] Processing TAMC_CMD_SO_DELETE Req status: TAM_SUCCESS
2026-08-10 14:28:16.536892[INFO] tamd_proc: [1123] cmd type: TAMD_CMD_GET_SO_DELETE
2026-08-10 14:28:16.536919[INFO] tamd_proc: [1123] trans id: 0xf
2026-08-10 14:28:16.536928[INFO] tamd_proc: [1123] payload len: 64
2026-08-10 14:28:16.536937[INFO] tamd_proc: [1123] Parsing TAMD_CMD_GET_SO_DELETE Req
2026-08-10 14:28:16.536948[INFO] tamd_proc: [1123] credential_type : 2
2026-08-10 14:28:16.536957[INFO] tamd_proc: [1123] Parsing TAMD_CMD_GET_SO_DELETE Req status: TAM_SUCCESS
2026-08-10 14:28:16.553941[INFO] tamd_proc: [1123] >>>> store size: 0 - ./crypto/tams/tamservices/device/swtam/src/swtam_object_attr.c - 625
2026-08-10 14:28:16.573405[INFO] tamd_proc: [1123] Sending so delete result back to TAMS on tam_ipc_handle=0x619a0b63e9a0
2026-08-10 14:28:16.573488[INFO] tamd_proc: [1123] Processing TAMD_CMD_GET_SO_DELETE Req status: TAM_SUCCESS
2026-08-10 14:28:16.574637[INFO] tams_proc: [1118] cmd type: TAMD_CMD_GET_SO_DELETE
2026-08-10 14:28:16.574666[INFO] tams_proc: [1118] trans id: 0xf
2026-08-10 14:28:16.574676[INFO] tams_proc: [1118] status: TAM_SUCCESS
2026-08-10 14:28:16.574685[INFO] tams_proc: [1118] payload len: 0
2026-08-10 14:28:16.574692[INFO] tams_proc: [1118] Parsing TAMD_CMD_GET_SO_DELETE Rsp
2026-08-10 14:28:16.574702[INFO] tams_proc: [1118] Parsing TAMD_CMD_GET_SO_DELETE Rsp status: TAM_SUCCESS
2026-08-10 14:28:16.574710[INFO] tams_proc: [1118] Processing TAMD_CMD_GET_SO_DELETE Rsp
2026-08-10 14:28:16.574720[INFO] tams_proc: [1118] appname:Init sync_staus_enable:0 notify_enable:0
2026-08-10 14:28:16.574780[INFO] tams_proc: [1118] Processing TAMD_CMD_GET_SO_DELETE Rsp status: TAM_SUCCESS
2026-08-10 14:28:16.577352[INFO] tams_proc: [1118] cmd type: TAMC_CMD_APP_LOGOUT
2026-08-10 14:28:16.577378[INFO] tams_proc: [1118] session id: 0x1
2026-08-10 14:28:16.577387[INFO] tams_proc: [1118] trans id: 0xf
2026-08-10 14:28:16.577395[INFO] tams_proc: [1118] payload len: 40
2026-08-10 14:28:16.577407[INFO] tams_proc: [1118] Parsing TAMC_CMD_APP_LOGOUT Req
2026-08-10 14:28:16.577417[INFO] tams_proc: [1118] Session key len: 32
[INFO] tams_proc: [1118] 65 F6 10 3C 2A C2 62 E9 86 4F 56 33 9F 63 1E 25 6A 95 52 85 88 68 01 E4 76 5D B1 33 D5 56 8D 11 
2026-08-10 14:28:16.577441[INFO] tams_proc: [1118] Parsing TAMC_CMD_APP_LOGOUT Req status: TAM_SUCCESS
2026-08-10 14:28:16.577450[INFO] tams_proc: [1118] verifying TAMC session...
2026-08-10 14:28:16.577459[INFO] tams_proc: [1118] verify success!
2026-08-10 14:28:16.577467[INFO] tams_proc: [1118] Processing TAMC_CMD_APP_LOGOUT Req for device XRD_TAMDB
2026-08-10 14:28:16.577476[INFO] tams_proc: [1118] Client Notify is not enabled.
2026-08-10 14:28:16.577487[INFO] tams_proc: [1118] Deleting session 1 status TAM_SUCCESS
2026-08-10 14:28:16.577495[INFO] tams_proc: [1118] Sending status response: TAM_SUCCESS (0x1)
2026-08-10 14:28:16.577551[INFO] tams_proc: [1118] Processing TAMC_CMD_APP_LOGOUT Req status: TAM_SUCCESS
2026-08-10 14:28:16.578732[INFO] tamsvcs_tamm: [1047] SELF_TEST  Test for device : XRD_TAMDB App:0 Successful 
2026-08-10 14:28:16.582054[INFO] tams_proc: [1118] cmd type: TAMC_CMD_APP_LOGIN
2026-08-10 14:28:16.582082[INFO] tams_proc: [1118] session id: 0x0
2026-08-10 14:28:16.582092[INFO] tams_proc: [1118] trans id: 0x10
2026-08-10 14:28:16.582100[INFO] tams_proc: [1118] payload len: 347
2026-08-10 14:28:16.582108[INFO] tams_proc: [1118] Parsing TAMC_CMD_APP_LOGIN Req
2026-08-10 14:28:16.582129[INFO] tams_proc: [1118] credential_type: 2
2026-08-10 14:28:16.582138[INFO] tams_proc: [1118] Parsing TAMC_CMD_APP_LOGIN Req status: TAM_SUCCESS
2026-08-10 14:28:16.582146[INFO] tams_proc: [1118] Processing TAMC_CMD_APP_LOGIN Req for device XRD_TAMDB
2026-08-10 14:28:16.582156[INFO] tams_proc: [1118] app test_tam number pending sessions = 1 max=5
2026-08-10 14:28:16.582165[INFO] tams_proc: [1118] Received SRP message 1
2026-08-10 14:28:16.588716[INFO] tams_proc: [1118] Processing TAMC_CMD_APP_LOGIN Req status: TAM_SUCCESS
2026-08-10 14:28:16.598751[INFO] tams_proc: [1118] cmd type: TAMC_CMD_APP_LOGIN
2026-08-10 14:28:16.598777[INFO] tams_proc: [1118] session id: 0x2
2026-08-10 14:28:16.598786[INFO] tams_proc: [1118] trans id: 0x11
2026-08-10 14:28:16.598794[INFO] tams_proc: [1118] payload len: 87
2026-08-10 14:28:16.598802[INFO] tams_proc: [1118] Parsing TAMC_CMD_APP_LOGIN Req
2026-08-10 14:28:16.598815[INFO] tams_proc: [1118] Parsing TAMC_CMD_APP_LOGIN Req status: TAM_SUCCESS
2026-08-10 14:28:16.598823[INFO] tams_proc: [1118] Processing TAMC_CMD_APP_LOGIN Req for device XRD_TAMDB
2026-08-10 14:28:16.598832[INFO] tams_proc: [1118] Session in process
2026-08-10 14:28:16.598840[INFO] tams_proc: [1118] Received SRP message 3
2026-08-10 14:28:16.598849[INFO] tams_proc: [1118] app test_tam number sessions = 1 max=50
2026-08-10 14:28:16.598941[INFO] tams_proc: [1118] dev: XRD_TAMDB cmd: TAMD_CMD_DEVICE_BIND new time: 24000 total time: 24000
2026-08-10 14:28:16.598962[INFO] tams_proc: [1118] Processing TAMC_CMD_APP_LOGIN Req status: TAM_SUCCESS_IN_PROCESS
2026-08-10 14:28:16.600381[INFO] tamd_proc: [1123] cmd type: TAMD_CMD_DEVICE_BIND
2026-08-10 14:28:16.600449[INFO] tamd_proc: [1123] trans id: 0x10
2026-08-10 14:28:16.600468[INFO] tamd_proc: [1123] payload len: 16
2026-08-10 14:28:16.600482[INFO] tamd_proc: [1123] Parsing TAMD_CMD_DEVICE_BIND Req
2026-08-10 14:28:16.600516[INFO] tamd_proc: [1123] Parsing TAMD_CMD_DEVICE_BIND Req status: TAM_SUCCESS
2026-08-10 14:28:16.617238[INFO] tamd_proc: [1123] Processing TAMD_CMD_DEVICE_BIND Req status: TAM_SUCCESS
2026-08-10 14:28:16.618380[INFO] tams_proc: [1118] cmd type: TAMD_CMD_DEVICE_BIND
2026-08-10 14:28:16.618405[INFO] tams_proc: [1118] trans id: 0x10
2026-08-10 14:28:16.618415[INFO] tams_proc: [1118] status: TAM_SUCCESS
2026-08-10 14:28:16.618423[INFO] tams_proc: [1118] payload len: 0
2026-08-10 14:28:16.618430[INFO] tams_proc: [1118] Parsing TAMD_CMD_DEVICE_BIND Rsp
2026-08-10 14:28:16.618440[INFO] tams_proc: [1118] Parsing TAMD_CMD_DEVICE_BIND Rsp status: TAM_SUCCESS
2026-08-10 14:28:16.618447[INFO] tams_proc: [1118] Processing TAMD_CMD_DEVICE_BIND Rsp
2026-08-10 14:28:16.618456[INFO] tams_proc: [1118] Device XRD_TAMDB binding of app test_tam: TAM_SUCCESS
2026-08-10 14:28:16.618466[INFO] tams_proc: [1118] Sending SRP message 4 (80 bytes)
2026-08-10 14:28:16.618525[INFO] tams_proc: [1118] SRP session key (32 bytes):
[INFO] tams_proc: [1118] 9F BF 56 FF C9 C9 13 A6 06 FC 95 D6 5F 28 0A AE 85 8A 27 A7 35 56 0C 62 42 35 BF FC A7 71 B0 8E 
2026-08-10 14:28:16.618561[INFO] tams_proc: [1118] Application test_tam authentication succeeded!
2026-08-10 14:28:16.618570[INFO] tams_proc: [1118] Binding of app test_tam to device XRD_TAMDB: TAM_SUCCESS
2026-08-10 14:28:16.618579[INFO] tams_proc: [1118] Processing TAMD_CMD_DEVICE_BIND Rsp status: TAM_SUCCESS
2026-08-10 14:28:16.621093[INFO] tams_proc: [1118] cmd type: TAMC_CMD_SO_DELETE
2026-08-10 14:28:16.621118[INFO] tams_proc: [1118] session id: 0x2
2026-08-10 14:28:16.621127[INFO] tams_proc: [1118] trans id: 0x12
2026-08-10 14:28:16.621134[INFO] tams_proc: [1118] payload len: 83
2026-08-10 14:28:16.621142[INFO] tams_proc: [1118] Parsing TAMC_CMD_SO_DELETE Req
2026-08-10 14:28:16.621152[INFO] tams_proc: [1118] Session key len: 32
[INFO] tams_proc: [1118] 9F BF 56 FF C9 C9 13 A6 06 FC 95 D6 5F 28 0A AE 85 8A 27 A7 35 56 0C 62 42 35 BF FC A7 71 B0 8E 
2026-08-10 14:28:16.621174[INFO] tams_proc: [1118] Object owner len : 9
[INFO] tams_proc: [1118] 74 65 73 74 5F 74 61 6D 00 
2026-08-10 14:28:16.621192[INFO] tams_proc: [1118] Object name len : 18
[INFO] tams_proc: [1118] 53 45 4C 46 5F 54 45 53 54 5F 74 65 73 74 5F 73 6F 00 
2026-08-10 14:28:16.621211[INFO] tams_proc: [1118] Parsing TAMC_CMD_SO_DELETE Req status: TAM_SUCCESS
2026-08-10 14:28:16.621220[INFO] tams_proc: [1118] verifying TAMC session...
2026-08-10 14:28:16.621228[INFO] tams_proc: [1118] verify success!
2026-08-10 14:28:16.621236[INFO] tams_proc: [1118] Processing TAMC_CMD_SO_DELETE Req for device XRD_TAMDB
2026-08-10 14:28:16.621322[INFO] tams_proc: [1118] dev: XRD_TAMDB cmd: TAMD_CMD_GET_SO_DELETE new time: 24000 total time: 24000
2026-08-10 14:28:16.621388[INFO] tams_proc: [1118] Processing TAMC_CMD_SO_DELETE Req status: TAM_SUCCESS
2026-08-10 14:28:16.622616[INFO] tamd_proc: [1123] cmd type: TAMD_CMD_GET_SO_DELETE
2026-08-10 14:28:16.622643[INFO] tamd_proc: [1123] trans id: 0x11
2026-08-10 14:28:16.622652[INFO] tamd_proc: [1123] payload len: 72
2026-08-10 14:28:16.622661[INFO] tamd_proc: [1123] Parsing TAMD_CMD_GET_SO_DELETE Req
2026-08-10 14:28:16.622671[INFO] tamd_proc: [1123] credential_type : 2
2026-08-10 14:28:16.622680[INFO] tamd_proc: [1123] Parsing TAMD_CMD_GET_SO_DELETE Req status: TAM_SUCCESS
2026-08-10 14:28:16.639071[INFO] tamd_proc: [1123] Sending so delete result back to TAMS on tam_ipc_handle=0x619a0b63e9a0
2026-08-10 14:28:16.639156[INFO] tamd_proc: [1123] Processing TAMD_CMD_GET_SO_DELETE Req status: TAM_SUCCESS
2026-08-10 14:28:16.640312[INFO] tams_proc: [1118] cmd type: TAMD_CMD_GET_SO_DELETE
2026-08-10 14:28:16.640340[INFO] tams_proc: [1118] trans id: 0x11
2026-08-10 14:28:16.640350[INFO] tams_proc: [1118] status: TAM_ERROR_NO_OBJECT
2026-08-10 14:28:16.640363[INFO] tams_proc: [1118] payload len: 0
2026-08-10 14:28:16.640372[INFO] tams_proc: [1118] Parsing TAMD_CMD_GET_SO_DELETE Rsp
2026-08-10 14:28:16.640381[INFO] tams_proc: [1118] Parsing TAMD_CMD_GET_SO_DELETE Rsp status: TAM_SUCCESS
2026-08-10 14:28:16.640389[INFO] tams_proc: [1118] Processing TAMD_CMD_GET_SO_DELETE Rsp
2026-08-10 14:28:16.640490[INFO] tams_proc: [1118] Processing TAMD_CMD_GET_SO_DELETE Rsp status: TAM_SUCCESS
2026-08-10 14:28:16.643085[INFO] tams_proc: [1118] cmd type: TAMC_CMD_SO_CREATE
2026-08-10 14:28:16.643112[INFO] tams_proc: [1118] session id: 0x2
2026-08-10 14:28:16.643121[INFO] tams_proc: [1118] trans id: 0x13
2026-08-10 14:28:16.643129[INFO] tams_proc: [1118] payload len: 152
2026-08-10 14:28:16.643137[INFO] tams_proc: [1118] Parsing TAMC_CMD_SO_CREATE Req
2026-08-10 14:28:16.643147[INFO] tams_proc: [1118] Session key len: 32
[INFO] tams_proc: [1118] 9F BF 56 FF C9 C9 13 A6 06 FC 95 D6 5F 28 0A AE 85 8A 27 A7 35 56 0C 62 42 35 BF FC A7 71 B0 8E 
2026-08-10 14:28:16.643170[INFO] tams_proc: [1118] Object owner len : 9
[INFO] tams_proc: [1118] 74 65 73 74 5F 74 61 6D 00 
2026-08-10 14:28:16.643188[INFO] tams_proc: [1118] Object name len : 18
[INFO] tams_proc: [1118] 53 45 4C 46 5F 54 45 53 54 5F 74 65 73 74 5F 73 6F 00 
2026-08-10 14:28:16.643207[INFO] tams_proc: [1118] Object type 1, len : 1
2026-08-10 14:28:16.643216[INFO] tams_proc: [1118] Memory Flag 2, len : 1
2026-08-10 14:28:16.643223[INFO] tams_proc: [1118] CSP flag 0, len : 1
2026-08-10 14:28:16.643232[INFO] tams_proc: [1118] Encryption Flag 1, len : 1
2026-08-10 14:28:16.643240[INFO] tams_proc: [1118] Import flag 1, len : 1
2026-08-10 14:28:16.643248[INFO] tams_proc: [1118] Object size 23, len : 4
2026-08-10 14:28:16.643256[INFO] tams_proc: [1118] Meta data 0x0, len : 4
2026-08-10 14:28:16.643265[INFO] tams_proc: [1118] Parsing TAMC_CMD_SO_CREATE Req status: TAM_SUCCESS
2026-08-10 14:28:16.643273[INFO] tams_proc: [1118] verifying TAMC session...
2026-08-10 14:28:16.643281[INFO] tams_proc: [1118] verify success!
2026-08-10 14:28:16.643289[INFO] tams_proc: [1118] Processing TAMC_CMD_SO_CREATE Req for device XRD_TAMDB
2026-08-10 14:28:16.643379[INFO] tams_proc: [1118] dev: XRD_TAMDB cmd: TAMD_CMD_GET_SO_CREATE new time: 24000 total time: 24000
2026-08-10 14:28:16.643443[INFO] tams_proc: [1118] Processing TAMC_CMD_SO_CREATE Req status: TAM_SUCCESS
2026-08-10 14:28:16.644715[INFO] tamd_proc: [1123] cmd type: TAMD_CMD_GET_SO_CREATE
2026-08-10 14:28:16.644741[INFO] tamd_proc: [1123] trans id: 0x12
2026-08-10 14:28:16.644751[INFO] tamd_proc: [1123] payload len: 141
2026-08-10 14:28:16.644759[INFO] tamd_proc: [1123] Parsing TAMD_CMD_GET_SO_CREATE Req
2026-08-10 14:28:16.644770[INFO] tamd_proc: [1123] object_type(len): 1 1
2026-08-10 14:28:16.644780[INFO] tamd_proc: [1123] credential_type : 2
2026-08-10 14:28:16.644789[INFO] tamd_proc: [1123] Parsing TAMD_CMD_GET_SO_CREATE Req status: TAM_SUCCESS
2026-08-10 14:28:16.661486[INFO] tamd_proc: [1123] >>>> store size - object size - quota: 0 - 23 - 10485760 - ./crypto/tams/tamservices/device/swtam/src/swtam_object_attr.c - 878
2026-08-10 14:28:16.664951[INFO] tamd_proc: [1123] >>>> store size - object size - quota: 23 - 23 - 10485760 - ./crypto/tams/tamservices/device/swtam/src/swtam_object_attr.c - 891
2026-08-10 14:28:16.684373[INFO] tamd_proc: [1123] Sending so read result back to TAMS on tam_ipc_handle=0x619a0b63e9a0
2026-08-10 14:28:16.684571[INFO] tamd_proc: [1123] Processing TAMD_CMD_GET_SO_CREATE Req status: TAM_SUCCESS
2026-08-10 14:28:16.685779[INFO] tams_proc: [1118] cmd type: TAMD_CMD_GET_SO_CREATE
2026-08-10 14:28:16.685832[INFO] tams_proc: [1118] trans id: 0x12
2026-08-10 14:28:16.685852[INFO] tams_proc: [1118] status: TAM_SUCCESS
2026-08-10 14:28:16.685867[INFO] tams_proc: [1118] payload len: 0
2026-08-10 14:28:16.685882[INFO] tams_proc: [1118] Parsing TAMD_CMD_GET_SO_CREATE Rsp
2026-08-10 14:28:16.685898[INFO] tams_proc: [1118] Parsing TAMD_CMD_GET_SO_CREATE Rsp status: TAM_SUCCESS
2026-08-10 14:28:16.685912[INFO] tams_proc: [1118] Processing TAMD_CMD_GET_SO_CREATE Rsp
2026-08-10 14:28:16.685930[INFO] tams_proc: [1118] appname:test_tam sync_staus_enable:0 notify_enable:0
2026-08-10 14:28:16.686029[INFO] tams_proc: [1118] Processing TAMD_CMD_GET_SO_CREATE Rsp status: TAM_SUCCESS
2026-08-10 14:28:16.688544[INFO] tams_proc: [1118] cmd type: TAMC_CMD_SO_WRITE
2026-08-10 14:28:16.688584[INFO] tams_proc: [1118] session id: 0x2
2026-08-10 14:28:16.688598[INFO] tams_proc: [1118] trans id: 0x14
2026-08-10 14:28:16.688612[INFO] tams_proc: [1118] payload len: 113
2026-08-10 14:28:16.688625[INFO] tams_proc: [1118] Parsing TAMC_CMD_SO_WRITE Req
2026-08-10 14:28:16.688642[INFO] tams_proc: [1118] Session key len: 32
[INFO] tams_proc: [1118] 9F BF 56 FF C9 C9 13 A6 06 FC 95 D6 5F 28 0A AE 85 8A 27 A7 35 56 0C 62 42 35 BF FC A7 71 B0 8E 
2026-08-10 14:28:16.688681[INFO] tams_proc: [1118] Object owner len : 9
[INFO] tams_proc: [1118] 74 65 73 74 5F 74 61 6D 00 
2026-08-10 14:28:16.688711[INFO] tams_proc: [1118] Object name len : 18
[INFO] tams_proc: [1118] 53 45 4C 46 5F 54 45 53 54 5F 74 65 73 74 5F 73 6F 00 
2026-08-10 14:28:16.688744[INFO] tams_proc: [1118] Data len : 22
[INFO] tams_proc: [1118] 53 65 6C 66 20 74 65 73 74 20 64 61 74 61 20 63 6F 6E 74 65 6E 74 
2026-08-10 14:28:16.688795[INFO] tams_proc: [1118] Parsing TAMC_CMD_SO_WRITE Req status: TAM_SUCCESS
2026-08-10 14:28:16.688809[INFO] tams_proc: [1118] verifying TAMC session...
2026-08-10 14:28:16.688823[INFO] tams_proc: [1118] verify success!
2026-08-10 14:28:16.688836[INFO] tams_proc: [1118] Processing TAMC_CMD_SO_WRITE Req for device XRD_TAMDB
2026-08-10 14:28:16.688984[INFO] tams_proc: [1118] dev: XRD_TAMDB cmd: TAMD_CMD_GET_SO_WRITE new time: 24000 total time: 24000
2026-08-10 14:28:16.689086[INFO] tams_proc: [1118] Processing TAMC_CMD_SO_WRITE Req status: TAM_SUCCESS
2026-08-10 14:28:16.690266[INFO] tamd_proc: [1123] cmd type: TAMD_CMD_GET_SO_WRITE
2026-08-10 14:28:16.690293[INFO] tamd_proc: [1123] trans id: 0x13
2026-08-10 14:28:16.690304[INFO] tamd_proc: [1123] payload len: 102
2026-08-10 14:28:16.690312[INFO] tamd_proc: [1123] Parsing TAMD_CMD_GET_SO_WRITE Req
2026-08-10 14:28:16.690324[INFO] tamd_proc: [1123] credential_type : 2
2026-08-10 14:28:16.690334[INFO] tamd_proc: [1123] Parsing TAMD_CMD_GET_SO_WRITE Req status: TAM_SUCCESS
2026-08-10 14:28:16.712517[INFO] tamd_proc: [1123] Sending so read result back to TAMS on tam_ipc_handle=0x619a0b63e9a0
2026-08-10 14:28:16.712613[INFO] tamd_proc: [1123] Processing TAMD_CMD_GET_SO_WRITE Req status: TAM_SUCCESS
2026-08-10 14:28:16.713782[INFO] tams_proc: [1118] cmd type: TAMD_CMD_GET_SO_WRITE
2026-08-10 14:28:16.713811[INFO] tams_proc: [1118] trans id: 0x13
2026-08-10 14:28:16.713821[INFO] tams_proc: [1118] status: TAM_SUCCESS
2026-08-10 14:28:16.713829[INFO] tams_proc: [1118] payload len: 0
2026-08-10 14:28:16.713838[INFO] tams_proc: [1118] Parsing TAMD_CMD_GET_SO_WRITE Rsp
2026-08-10 14:28:16.713847[INFO] tams_proc: [1118] Parsing TAMD_CMD_GET_SO_WRITE Rsp status: TAM_SUCCESS
2026-08-10 14:28:16.713855[INFO] tams_proc: [1118] Processing TAMD_CMD_GET_SO_WRITE Rsp
2026-08-10 14:28:16.713866[INFO] tams_proc: [1118] appname:test_tam sync_staus_enable:0 notify_enable:0
2026-08-10 14:28:16.713929[INFO] tams_proc: [1118] Processing TAMD_CMD_GET_SO_WRITE Rsp status: TAM_SUCCESS
2026-08-10 14:28:16.716487[INFO] tams_proc: [1118] cmd type: TAMC_CMD_SO_READ
2026-08-10 14:28:16.716514[INFO] tams_proc: [1118] session id: 0x2
2026-08-10 14:28:16.716523[INFO] tams_proc: [1118] trans id: 0x15
2026-08-10 14:28:16.716531[INFO] tams_proc: [1118] payload len: 83
2026-08-10 14:28:16.716539[INFO] tams_proc: [1118] Parsing TAMC_CMD_SO_READ Req
2026-08-10 14:28:16.716548[INFO] tams_proc: [1118] Session key len: 32
[INFO] tams_proc: [1118] 9F BF 56 FF C9 C9 13 A6 06 FC 95 D6 5F 28 0A AE 85 8A 27 A7 35 56 0C 62 42 35 BF FC A7 71 B0 8E 
2026-08-10 14:28:16.716572[INFO] tams_proc: [1118] Object owner len : 9
[INFO] tams_proc: [1118] 74 65 73 74 5F 74 61 6D 00 
2026-08-10 14:28:16.716590[INFO] tams_proc: [1118] Object name len : 18
[INFO] tams_proc: [1118] 53 45 4C 46 5F 54 45 53 54 5F 74 65 73 74 5F 73 6F 00 
2026-08-10 14:28:16.716610[INFO] tams_proc: [1118] Parsing TAMC_CMD_SO_READ Req status: TAM_SUCCESS
2026-08-10 14:28:16.716619[INFO] tams_proc: [1118] verifying TAMC session...
2026-08-10 14:28:16.716628[INFO] tams_proc: [1118] verify success!
2026-08-10 14:28:16.716636[INFO] tams_proc: [1118] Processing TAMC_CMD_SO_READ Req for device XRD_TAMDB
2026-08-10 14:28:16.716728[INFO] tams_proc: [1118] dev: XRD_TAMDB cmd: TAMD_CMD_GET_SO_READ new time: 24000 total time: 24000
2026-08-10 14:28:16.716793[INFO] tams_proc: [1118] Processing TAMC_CMD_SO_READ Req status: TAM_SUCCESS
2026-08-10 14:28:16.718019[INFO] tamd_proc: [1123] cmd type: TAMD_CMD_GET_SO_READ
2026-08-10 14:28:16.718047[INFO] tamd_proc: [1123] trans id: 0x14
2026-08-10 14:28:16.718058[INFO] tamd_proc: [1123] payload len: 72
2026-08-10 14:28:16.718066[INFO] tamd_proc: [1123] Parsing TAMD_CMD_GET_SO_READ Req
2026-08-10 14:28:16.718078[INFO] tamd_proc: [1123] credential_type : 2
2026-08-10 14:28:16.718087[INFO] tamd_proc: [1123] Parsing TAMD_CMD_GET_SO_READ Req status: TAM_SUCCESS
2026-08-10 14:28:16.734892[INFO] tamd_proc: [1123] Sending so read result back to TAMS on tam_ipc_handle=0x619a0b63e9a0
2026-08-10 14:28:16.734972[INFO] tamd_proc: [1123] Processing TAMD_CMD_GET_SO_READ Req status: TAM_SUCCESS
2026-08-10 14:28:16.736141[INFO] tams_proc: [1118] cmd type: TAMD_CMD_GET_SO_READ
2026-08-10 14:28:16.736169[INFO] tams_proc: [1118] trans id: 0x14
2026-08-10 14:28:16.736179[INFO] tams_proc: [1118] status: TAM_SUCCESS
2026-08-10 14:28:16.736187[INFO] tams_proc: [1118] payload len: 30
2026-08-10 14:28:16.736195[INFO] tams_proc: [1118] Parsing TAMD_CMD_GET_SO_READ Rsp
2026-08-10 14:28:16.736206[INFO] tams_proc: [1118] Parsing TAMD_CMD_GET_SO_READ Rsp status: TAM_SUCCESS
2026-08-10 14:28:16.736215[INFO] tams_proc: [1118] Processing TAMD_CMD_GET_SO_READ Rsp
2026-08-10 14:28:16.736281[INFO] tams_proc: [1118] Processing TAMD_CMD_GET_SO_READ Rsp status: TAM_SUCCESS
2026-08-10 14:28:16.738999[INFO] tams_proc: [1118] cmd type: TAMC_CMD_SO_DELETE
2026-08-10 14:28:16.739027[INFO] tams_proc: [1118] session id: 0x2
2026-08-10 14:28:16.739037[INFO] tams_proc: [1118] trans id: 0x16
2026-08-10 14:28:16.739045[INFO] tams_proc: [1118] payload len: 83
2026-08-10 14:28:16.739053[INFO] tams_proc: [1118] Parsing TAMC_CMD_SO_DELETE Req
2026-08-10 14:28:16.739063[INFO] tams_proc: [1118] Session key len: 32
[INFO] tams_proc: [1118] 9F BF 56 FF C9 C9 13 A6 06 FC 95 D6 5F 28 0A AE 85 8A 27 A7 35 56 0C 62 42 35 BF FC A7 71 B0 8E 
2026-08-10 14:28:16.739086[INFO] tams_proc: [1118] Object owner len : 9
[INFO] tams_proc: [1118] 74 65 73 74 5F 74 61 6D 00 
2026-08-10 14:28:16.739104[INFO] tams_proc: [1118] Object name len : 18
[INFO] tams_proc: [1118] 53 45 4C 46 5F 54 45 53 54 5F 74 65 73 74 5F 73 6F 00 
2026-08-10 14:28:16.739125[INFO] tams_proc: [1118] Parsing TAMC_CMD_SO_DELETE Req status: TAM_SUCCESS
2026-08-10 14:28:16.739133[INFO] tams_proc: [1118] verifying TAMC session...
2026-08-10 14:28:16.739142[INFO] tams_proc: [1118] verify success!
2026-08-10 14:28:16.739150[INFO] tams_proc: [1118] Processing TAMC_CMD_SO_DELETE Req for device XRD_TAMDB
2026-08-10 14:28:16.739237[INFO] tams_proc: [1118] dev: XRD_TAMDB cmd: TAMD_CMD_GET_SO_DELETE new time: 24000 total time: 24000
2026-08-10 14:28:16.739304[INFO] tams_proc: [1118] Processing TAMC_CMD_SO_DELETE Req status: TAM_SUCCESS
2026-08-10 14:28:16.740489[INFO] tamd_proc: [1123] cmd type: TAMD_CMD_GET_SO_DELETE
2026-08-10 14:28:16.740516[INFO] tamd_proc: [1123] trans id: 0x15
2026-08-10 14:28:16.740525[INFO] tamd_proc: [1123] payload len: 72
2026-08-10 14:28:16.740533[INFO] tamd_proc: [1123] Parsing TAMD_CMD_GET_SO_DELETE Req
2026-08-10 14:28:16.740544[INFO] tamd_proc: [1123] credential_type : 2
2026-08-10 14:28:16.740553[INFO] tamd_proc: [1123] Parsing TAMD_CMD_GET_SO_DELETE Req status: TAM_SUCCESS
2026-08-10 14:28:16.757070[INFO] tamd_proc: [1123] >>>> store size: 0 - ./crypto/tams/tamservices/device/swtam/src/swtam_object_attr.c - 625
2026-08-10 14:28:16.776644[INFO] tamd_proc: [1123] Sending so delete result back to TAMS on tam_ipc_handle=0x619a0b63e9a0
2026-08-10 14:28:16.776727[INFO] tamd_proc: [1123] Processing TAMD_CMD_GET_SO_DELETE Req status: TAM_SUCCESS
2026-08-10 14:28:16.777904[INFO] tams_proc: [1118] cmd type: TAMD_CMD_GET_SO_DELETE
2026-08-10 14:28:16.777945[INFO] tams_proc: [1118] trans id: 0x15
2026-08-10 14:28:16.777973[INFO] tams_proc: [1118] status: TAM_SUCCESS
2026-08-10 14:28:16.777989[INFO] tams_proc: [1118] payload len: 0
2026-08-10 14:28:16.778004[INFO] tams_proc: [1118] Parsing TAMD_CMD_GET_SO_DELETE Rsp
2026-08-10 14:28:16.778022[INFO] tams_proc: [1118] Parsing TAMD_CMD_GET_SO_DELETE Rsp status: TAM_SUCCESS
2026-08-10 14:28:16.778039[INFO] tams_proc: [1118] Processing TAMD_CMD_GET_SO_DELETE Rsp
2026-08-10 14:28:16.778053[INFO] tams_proc: [1118] appname:test_tam sync_staus_enable:0 notify_enable:0
2026-08-10 14:28:16.778139[INFO] tams_proc: [1118] Processing TAMD_CMD_GET_SO_DELETE Rsp status: TAM_SUCCESS
2026-08-10 14:28:16.780740[INFO] tams_proc: [1118] cmd type: TAMC_CMD_APP_LOGOUT
2026-08-10 14:28:16.780777[INFO] tams_proc: [1118] session id: 0x2
2026-08-10 14:28:16.780794[INFO] tams_proc: [1118] trans id: 0x17
2026-08-10 14:28:16.780811[INFO] tams_proc: [1118] payload len: 40
2026-08-10 14:28:16.780826[INFO] tams_proc: [1118] Parsing TAMC_CMD_APP_LOGOUT Req
2026-08-10 14:28:16.780838[INFO] tams_proc: [1118] Session key len: 32
[INFO] tams_proc: [1118] 9F BF 56 FF C9 C9 13 A6 06 FC 95 D6 5F 28 0A AE 85 8A 27 A7 35 56 0C 62 42 35 BF FC A7 71 B0 8E 
2026-08-10 14:28:16.780881[INFO] tams_proc: [1118] Parsing TAMC_CMD_APP_LOGOUT Req status: TAM_SUCCESS
2026-08-10 14:28:16.780894[INFO] tams_proc: [1118] verifying TAMC session...
2026-08-10 14:28:16.780908[INFO] tams_proc: [1118] verify success!
2026-08-10 14:28:16.780922[INFO] tams_proc: [1118] Processing TAMC_CMD_APP_LOGOUT Req for device XRD_TAMDB
2026-08-10 14:28:16.780935[INFO] tams_proc: [1118] Client Notify is not enabled.
2026-08-10 14:28:16.780959[INFO] tams_proc: [1118] Deleting session 2 status TAM_SUCCESS
2026-08-10 14:28:16.780976[INFO] tams_proc: [1118] Sending status response: TAM_SUCCESS (0x1)
2026-08-10 14:28:16.781077[INFO] tams_proc: [1118] Processing TAMC_CMD_APP_LOGOUT Req status: TAM_SUCCESS
2026-08-10 14:28:16.782259[INFO] tamsvcs_tamm: [1047] SELF_TEST  Test for device : XRD_TAMDB App:1 Successful 
2026-08-10 14:28:16.785533[INFO] tams_proc: [1118] cmd type: TAMC_CMD_APP_LOGIN
2026-08-10 14:28:16.785558[INFO] tams_proc: [1118] session id: 0x0
2026-08-10 14:28:16.785567[INFO] tams_proc: [1118] trans id: 0x18
2026-08-10 14:28:16.785575[INFO] tams_proc: [1118] payload len: 347
2026-08-10 14:28:16.785582[INFO] tams_proc: [1118] Parsing TAMC_CMD_APP_LOGIN Req
2026-08-10 14:28:16.785609[INFO] tams_proc: [1118] credential_type: 2
2026-08-10 14:28:16.785618[INFO] tams_proc: [1118] Parsing TAMC_CMD_APP_LOGIN Req status: TAM_SUCCESS
2026-08-10 14:28:16.785626[INFO] tams_proc: [1118] Processing TAMC_CMD_APP_LOGIN Req for device XRD_TAMDB
2026-08-10 14:28:16.785637[INFO] tams_proc: [1118] app kev_app1 number pending sessions = 1 max=5
2026-08-10 14:28:16.785646[INFO] tams_proc: [1118] Received SRP message 1
2026-08-10 14:28:16.792181[INFO] tams_proc: [1118] Processing TAMC_CMD_APP_LOGIN Req status: TAM_SUCCESS
2026-08-10 14:28:16.802197[INFO] tams_proc: [1118] cmd type: TAMC_CMD_APP_LOGIN
2026-08-10 14:28:16.802225[INFO] tams_proc: [1118] session id: 0x3
2026-08-10 14:28:16.802234[INFO] tams_proc: [1118] trans id: 0x19
2026-08-10 14:28:16.802242[INFO] tams_proc: [1118] payload len: 87
2026-08-10 14:28:16.802250[INFO] tams_proc: [1118] Parsing TAMC_CMD_APP_LOGIN Req
2026-08-10 14:28:16.802263[INFO] tams_proc: [1118] Parsing TAMC_CMD_APP_LOGIN Req status: TAM_SUCCESS
2026-08-10 14:28:16.802272[INFO] tams_proc: [1118] Processing TAMC_CMD_APP_LOGIN Req for device XRD_TAMDB
2026-08-10 14:28:16.802281[INFO] tams_proc: [1118] Session in process
2026-08-10 14:28:16.802289[INFO] tams_proc: [1118] Received SRP message 3
2026-08-10 14:28:16.802298[INFO] tams_proc: [1118] app kev_app1 number sessions = 1 max=50
2026-08-10 14:28:16.802385[INFO] tams_proc: [1118] dev: XRD_TAMDB cmd: TAMD_CMD_DEVICE_BIND new time: 24000 total time: 24000
2026-08-10 14:28:16.802406[INFO] tams_proc: [1118] Processing TAMC_CMD_APP_LOGIN Req status: TAM_SUCCESS_IN_PROCESS
2026-08-10 14:28:16.803679[INFO] tamd_proc: [1123] cmd type: TAMD_CMD_DEVICE_BIND
2026-08-10 14:28:16.803708[INFO] tamd_proc: [1123] trans id: 0x16
2026-08-10 14:28:16.803718[INFO] tamd_proc: [1123] payload len: 16
2026-08-10 14:28:16.803727[INFO] tamd_proc: [1123] Parsing TAMD_CMD_DEVICE_BIND Req
2026-08-10 14:28:16.803738[INFO] tamd_proc: [1123] Parsing TAMD_CMD_DEVICE_BIND Req status: TAM_SUCCESS
2026-08-10 14:28:16.825905[INFO] tamd_proc: [1123] Processing TAMD_CMD_DEVICE_BIND Req status: TAM_SUCCESS
2026-08-10 14:28:16.827052[INFO] tams_proc: [1118] cmd type: TAMD_CMD_DEVICE_BIND
2026-08-10 14:28:16.827079[INFO] tams_proc: [1118] trans id: 0x16
2026-08-10 14:28:16.827089[INFO] tams_proc: [1118] status: TAM_SUCCESS
2026-08-10 14:28:16.827098[INFO] tams_proc: [1118] payload len: 0
2026-08-10 14:28:16.827106[INFO] tams_proc: [1118] Parsing TAMD_CMD_DEVICE_BIND Rsp
2026-08-10 14:28:16.827115[INFO] tams_proc: [1118] Parsing TAMD_CMD_DEVICE_BIND Rsp status: TAM_SUCCESS
2026-08-10 14:28:16.827123[INFO] tams_proc: [1118] Processing TAMD_CMD_DEVICE_BIND Rsp
2026-08-10 14:28:16.827132[INFO] tams_proc: [1118] Device XRD_TAMDB binding of app kev_app1: TAM_SUCCESS
2026-08-10 14:28:16.827142[INFO] tams_proc: [1118] Sending SRP message 4 (80 bytes)
2026-08-10 14:28:16.827204[INFO] tams_proc: [1118] SRP session key (32 bytes):
[INFO] tams_proc: [1118] 97 4D 59 B9 DD 05 0B 41 30 EE EF 2E AA 69 06 98 8B EF 76 D9 5F B6 52 06 6C A6 53 F9 6D 26 57 5D 
2026-08-10 14:28:16.827240[INFO] tams_proc: [1118] Application kev_app1 authentication succeeded!
2026-08-10 14:28:16.827249[INFO] tams_proc: [1118] Binding of app kev_app1 to device XRD_TAMDB: TAM_SUCCESS
2026-08-10 14:28:16.827259[INFO] tams_proc: [1118] Processing TAMD_CMD_DEVICE_BIND Rsp status: TAM_SUCCESS
2026-08-10 14:28:16.829824[INFO] tams_proc: [1118] cmd type: TAMC_CMD_SO_DELETE
2026-08-10 14:28:16.829850[INFO] tams_proc: [1118] session id: 0x3
2026-08-10 14:28:16.829858[INFO] tams_proc: [1118] trans id: 0x1a
2026-08-10 14:28:16.829866[INFO] tams_proc: [1118] payload len: 83
2026-08-10 14:28:16.829875[INFO] tams_proc: [1118] Parsing TAMC_CMD_SO_DELETE Req
2026-08-10 14:28:16.829884[INFO] tams_proc: [1118] Session key len: 32
[INFO] tams_proc: [1118] 97 4D 59 B9 DD 05 0B 41 30 EE EF 2E AA 69 06 98 8B EF 76 D9 5F B6 52 06 6C A6 53 F9 6D 26 57 5D 
2026-08-10 14:28:16.829907[INFO] tams_proc: [1118] Object owner len : 9
[INFO] tams_proc: [1118] 6B 65 76 5F 61 70 70 31 00 
2026-08-10 14:28:16.829925[INFO] tams_proc: [1118] Object name len : 18
[INFO] tams_proc: [1118] 53 45 4C 46 5F 54 45 53 54 5F 74 65 73 74 5F 73 6F 00 
2026-08-10 14:28:16.829951[INFO] tams_proc: [1118] Parsing TAMC_CMD_SO_DELETE Req status: TAM_SUCCESS
2026-08-10 14:28:16.829960[INFO] tams_proc: [1118] verifying TAMC session...
2026-08-10 14:28:16.829968[INFO] tams_proc: [1118] verify success!
2026-08-10 14:28:16.829976[INFO] tams_proc: [1118] Processing TAMC_CMD_SO_DELETE Req for device XRD_TAMDB
2026-08-10 14:28:16.830066[INFO] tams_proc: [1118] dev: XRD_TAMDB cmd: TAMD_CMD_GET_SO_DELETE new time: 24000 total time: 24000
2026-08-10 14:28:16.830130[INFO] tams_proc: [1118] Processing TAMC_CMD_SO_DELETE Req status: TAM_SUCCESS
2026-08-10 14:28:16.831384[INFO] tamd_proc: [1123] cmd type: TAMD_CMD_GET_SO_DELETE
2026-08-10 14:28:16.831412[INFO] tamd_proc: [1123] trans id: 0x17
2026-08-10 14:28:16.831422[INFO] tamd_proc: [1123] payload len: 72
2026-08-10 14:28:16.831431[INFO] tamd_proc: [1123] Parsing TAMD_CMD_GET_SO_DELETE Req
2026-08-10 14:28:16.831441[INFO] tamd_proc: [1123] credential_type : 2
2026-08-10 14:28:16.831451[INFO] tamd_proc: [1123] Parsing TAMD_CMD_GET_SO_DELETE Req status: TAM_SUCCESS
2026-08-10 14:28:16.848584[INFO] tamd_proc: [1123] Sending so delete result back to TAMS on tam_ipc_handle=0x619a0b63e9a0
2026-08-10 14:28:16.848669[INFO] tamd_proc: [1123] Processing TAMD_CMD_GET_SO_DELETE Req status: TAM_SUCCESS
2026-08-10 14:28:16.849827[INFO] tams_proc: [1118] cmd type: TAMD_CMD_GET_SO_DELETE
2026-08-10 14:28:16.849856[INFO] tams_proc: [1118] trans id: 0x17
2026-08-10 14:28:16.849866[INFO] tams_proc: [1118] status: TAM_ERROR_NO_OBJECT
2026-08-10 14:28:16.849874[INFO] tams_proc: [1118] payload len: 0
2026-08-10 14:28:16.849882[INFO] tams_proc: [1118] Parsing TAMD_CMD_GET_SO_DELETE Rsp
2026-08-10 14:28:16.849892[INFO] tams_proc: [1118] Parsing TAMD_CMD_GET_SO_DELETE Rsp status: TAM_SUCCESS
2026-08-10 14:28:16.849900[INFO] tams_proc: [1118] Processing TAMD_CMD_GET_SO_DELETE Rsp
2026-08-10 14:28:16.849963[INFO] tams_proc: [1118] Processing TAMD_CMD_GET_SO_DELETE Rsp status: TAM_SUCCESS
2026-08-10 14:28:16.852563[INFO] tams_proc: [1118] cmd type: TAMC_CMD_SO_CREATE
2026-08-10 14:28:16.852614[INFO] tams_proc: [1118] session id: 0x3
2026-08-10 14:28:16.852630[INFO] tams_proc: [1118] trans id: 0x1b
2026-08-10 14:28:16.852644[INFO] tams_proc: [1118] payload len: 152
2026-08-10 14:28:16.852658[INFO] tams_proc: [1118] Parsing TAMC_CMD_SO_CREATE Req
2026-08-10 14:28:16.852675[INFO] tams_proc: [1118] Session key len: 32
[INFO] tams_proc: [1118] 97 4D 59 B9 DD 05 0B 41 30 EE EF 2E AA 69 06 98 8B EF 76 D9 5F B6 52 06 6C A6 53 F9 6D 26 57 5D 
2026-08-10 14:28:16.852714[INFO] tams_proc: [1118] Object owner len : 9
[INFO] tams_proc: [1118] 6B 65 76 5F 61 70 70 31 00 
2026-08-10 14:28:16.852744[INFO] tams_proc: [1118] Object name len : 18
[INFO] tams_proc: [1118] 53 45 4C 46 5F 54 45 53 54 5F 74 65 73 74 5F 73 6F 00 
2026-08-10 14:28:16.852776[INFO] tams_proc: [1118] Object type 1, len : 1
2026-08-10 14:28:16.852790[INFO] tams_proc: [1118] Memory Flag 2, len : 1
2026-08-10 14:28:16.852803[INFO] tams_proc: [1118] CSP flag 0, len : 1
2026-08-10 14:28:16.852816[INFO] tams_proc: [1118] Encryption Flag 1, len : 1
2026-08-10 14:28:16.852829[INFO] tams_proc: [1118] Import flag 1, len : 1
2026-08-10 14:28:16.852842[INFO] tams_proc: [1118] Object size 23, len : 4
2026-08-10 14:28:16.852856[INFO] tams_proc: [1118] Meta data 0x0, len : 4
2026-08-10 14:28:16.852871[INFO] tams_proc: [1118] Parsing TAMC_CMD_SO_CREATE Req status: TAM_SUCCESS
2026-08-10 14:28:16.852886[INFO] tams_proc: [1118] verifying TAMC session...
2026-08-10 14:28:16.852901[INFO] tams_proc: [1118] verify success!
2026-08-10 14:28:16.852914[INFO] tams_proc: [1118] Processing TAMC_CMD_SO_CREATE Req for device XRD_TAMDB
2026-08-10 14:28:16.853131[INFO] tams_proc: [1118] dev: XRD_TAMDB cmd: TAMD_CMD_GET_SO_CREATE new time: 24000 total time: 24000
2026-08-10 14:28:16.853236[INFO] tams_proc: [1118] Processing TAMC_CMD_SO_CREATE Req status: TAM_SUCCESS
2026-08-10 14:28:16.854437[INFO] tamd_proc: [1123] cmd type: TAMD_CMD_GET_SO_CREATE
2026-08-10 14:28:16.854466[INFO] tamd_proc: [1123] trans id: 0x18
2026-08-10 14:28:16.854477[INFO] tamd_proc: [1123] payload len: 141
2026-08-10 14:28:16.854485[INFO] tamd_proc: [1123] Parsing TAMD_CMD_GET_SO_CREATE Req
2026-08-10 14:28:16.854496[INFO] tamd_proc: [1123] object_type(len): 1 1
2026-08-10 14:28:16.854506[INFO] tamd_proc: [1123] credential_type : 2
2026-08-10 14:28:16.854516[INFO] tamd_proc: [1123] Parsing TAMD_CMD_GET_SO_CREATE Req status: TAM_SUCCESS
2026-08-10 14:28:16.873291[INFO] tamd_proc: [1123] >>>> store size - object size - quota: 0 - 23 - 10485760 - ./crypto/tams/tamservices/device/swtam/src/swtam_object_attr.c - 878
2026-08-10 14:28:16.876966[INFO] tamd_proc: [1123] >>>> store size - object size - quota: 23 - 23 - 10485760 - ./crypto/tams/tamservices/device/swtam/src/swtam_object_attr.c - 891
2026-08-10 14:28:16.896834[INFO] tamd_proc: [1123] Sending so read result back to TAMS on tam_ipc_handle=0x619a0b63e9a0
2026-08-10 14:28:16.896918[INFO] tamd_proc: [1123] Processing TAMD_CMD_GET_SO_CREATE Req status: TAM_SUCCESS
2026-08-10 14:28:16.898081[INFO] tams_proc: [1118] cmd type: TAMD_CMD_GET_SO_CREATE
2026-08-10 14:28:16.898113[INFO] tams_proc: [1118] trans id: 0x18
2026-08-10 14:28:16.898124[INFO] tams_proc: [1118] status: TAM_SUCCESS
2026-08-10 14:28:16.898133[INFO] tams_proc: [1118] payload len: 0
2026-08-10 14:28:16.898141[INFO] tams_proc: [1118] Parsing TAMD_CMD_GET_SO_CREATE Rsp
2026-08-10 14:28:16.898150[INFO] tams_proc: [1118] Parsing TAMD_CMD_GET_SO_CREATE Rsp status: TAM_SUCCESS
2026-08-10 14:28:16.898159[INFO] tams_proc: [1118] Processing TAMD_CMD_GET_SO_CREATE Rsp
2026-08-10 14:28:16.898170[INFO] tams_proc: [1118] appname:kev_app1 sync_staus_enable:0 notify_enable:0
2026-08-10 14:28:16.898234[INFO] tams_proc: [1118] Processing TAMD_CMD_GET_SO_CREATE Rsp status: TAM_SUCCESS
2026-08-10 14:28:16.900949[INFO] tams_proc: [1118] cmd type: TAMC_CMD_SO_WRITE
2026-08-10 14:28:16.900975[INFO] tams_proc: [1118] session id: 0x3
2026-08-10 14:28:16.900984[INFO] tams_proc: [1118] trans id: 0x1c
2026-08-10 14:28:16.900992[INFO] tams_proc: [1118] payload len: 113
2026-08-10 14:28:16.901000[INFO] tams_proc: [1118] Parsing TAMC_CMD_SO_WRITE Req
2026-08-10 14:28:16.901010[INFO] tams_proc: [1118] Session key len: 32
[INFO] tams_proc: [1118] 97 4D 59 B9 DD 05 0B 41 30 EE EF 2E AA 69 06 98 8B EF 76 D9 5F B6 52 06 6C A6 53 F9 6D 26 57 5D 
2026-08-10 14:28:16.901041[INFO] tams_proc: [1118] Object owner len : 9
[INFO] tams_proc: [1118] 6B 65 76 5F 61 70 70 31 00 
2026-08-10 14:28:16.901059[INFO] tams_proc: [1118] Object name len : 18
[INFO] tams_proc: [1118] 53 45 4C 46 5F 54 45 53 54 5F 74 65 73 74 5F 73 6F 00 
2026-08-10 14:28:16.901078[INFO] tams_proc: [1118] Data len : 22
[INFO] tams_proc: [1118] 53 65 6C 66 20 74 65 73 74 20 64 61 74 61 20 63 6F 6E 74 65 6E 74 
2026-08-10 14:28:16.901098[INFO] tams_proc: [1118] Parsing TAMC_CMD_SO_WRITE Req status: TAM_SUCCESS
2026-08-10 14:28:16.901107[INFO] tams_proc: [1118] verifying TAMC session...
2026-08-10 14:28:16.901115[INFO] tams_proc: [1118] verify success!
2026-08-10 14:28:16.901124[INFO] tams_proc: [1118] Processing TAMC_CMD_SO_WRITE Req for device XRD_TAMDB
2026-08-10 14:28:16.901216[INFO] tams_proc: [1118] dev: XRD_TAMDB cmd: TAMD_CMD_GET_SO_WRITE new time: 24000 total time: 24000
2026-08-10 14:28:16.901280[INFO] tams_proc: [1118] Processing TAMC_CMD_SO_WRITE Req status: TAM_SUCCESS
2026-08-10 14:28:16.902509[INFO] tamd_proc: [1123] cmd type: TAMD_CMD_GET_SO_WRITE
2026-08-10 14:28:16.902536[INFO] tamd_proc: [1123] trans id: 0x19
2026-08-10 14:28:16.902546[INFO] tamd_proc: [1123] payload len: 102
2026-08-10 14:28:16.902560[INFO] tamd_proc: [1123] Parsing TAMD_CMD_GET_SO_WRITE Req
2026-08-10 14:28:16.902572[INFO] tamd_proc: [1123] credential_type : 2
2026-08-10 14:28:16.902581[INFO] tamd_proc: [1123] Parsing TAMD_CMD_GET_SO_WRITE Req status: TAM_SUCCESS
2026-08-10 14:28:16.924525[INFO] tamd_proc: [1123] Sending so read result back to TAMS on tam_ipc_handle=0x619a0b63e9a0
2026-08-10 14:28:16.924621[INFO] tamd_proc: [1123] Processing TAMD_CMD_GET_SO_WRITE Req status: TAM_SUCCESS
2026-08-10 14:28:16.925772[INFO] tams_proc: [1118] cmd type: TAMD_CMD_GET_SO_WRITE
2026-08-10 14:28:16.925799[INFO] tams_proc: [1118] trans id: 0x19
2026-08-10 14:28:16.925810[INFO] tams_proc: [1118] status: TAM_SUCCESS
2026-08-10 14:28:16.925818[INFO] tams_proc: [1118] payload len: 0
2026-08-10 14:28:16.925826[INFO] tams_proc: [1118] Parsing TAMD_CMD_GET_SO_WRITE Rsp
2026-08-10 14:28:16.925836[INFO] tams_proc: [1118] Parsing TAMD_CMD_GET_SO_WRITE Rsp status: TAM_SUCCESS
2026-08-10 14:28:16.925844[INFO] tams_proc: [1118] Processing TAMD_CMD_GET_SO_WRITE Rsp
2026-08-10 14:28:16.925854[INFO] tams_proc: [1118] appname:kev_app1 sync_staus_enable:0 notify_enable:0
2026-08-10 14:28:16.925915[INFO] tams_proc: [1118] Processing TAMD_CMD_GET_SO_WRITE Rsp status: TAM_SUCCESS
2026-08-10 14:28:16.928485[INFO] tams_proc: [1118] cmd type: TAMC_CMD_SO_READ
2026-08-10 14:28:16.928510[INFO] tams_proc: [1118] session id: 0x3
2026-08-10 14:28:16.928519[INFO] tams_proc: [1118] trans id: 0x1d
2026-08-10 14:28:16.928527[INFO] tams_proc: [1118] payload len: 83
2026-08-10 14:28:16.928535[INFO] tams_proc: [1118] Parsing TAMC_CMD_SO_READ Req
2026-08-10 14:28:16.928545[INFO] tams_proc: [1118] Session key len: 32
[INFO] tams_proc: [1118] 97 4D 59 B9 DD 05 0B 41 30 EE EF 2E AA 69 06 98 8B EF 76 D9 5F B6 52 06 6C A6 53 F9 6D 26 57 5D 
2026-08-10 14:28:16.928569[INFO] tams_proc: [1118] Object owner len : 9
[INFO] tams_proc: [1118] 6B 65 76 5F 61 70 70 31 00 
2026-08-10 14:28:16.928587[INFO] tams_proc: [1118] Object name len : 18
[INFO] tams_proc: [1118] 53 45 4C 46 5F 54 45 53 54 5F 74 65 73 74 5F 73 6F 00 
2026-08-10 14:28:16.928607[INFO] tams_proc: [1118] Parsing TAMC_CMD_SO_READ Req status: TAM_SUCCESS
2026-08-10 14:28:16.928616[INFO] tams_proc: [1118] verifying TAMC session...
2026-08-10 14:28:16.928625[INFO] tams_proc: [1118] verify success!
2026-08-10 14:28:16.928633[INFO] tams_proc: [1118] Processing TAMC_CMD_SO_READ Req for device XRD_TAMDB
2026-08-10 14:28:16.928727[INFO] tams_proc: [1118] dev: XRD_TAMDB cmd: TAMD_CMD_GET_SO_READ new time: 24000 total time: 24000
2026-08-10 14:28:16.928793[INFO] tams_proc: [1118] Processing TAMC_CMD_SO_READ Req status: TAM_SUCCESS
2026-08-10 14:28:16.930032[INFO] tamd_proc: [1123] cmd type: TAMD_CMD_GET_SO_READ
2026-08-10 14:28:16.930061[INFO] tamd_proc: [1123] trans id: 0x1a
2026-08-10 14:28:16.930072[INFO] tamd_proc: [1123] payload len: 72
2026-08-10 14:28:16.930080[INFO] tamd_proc: [1123] Parsing TAMD_CMD_GET_SO_READ Req
2026-08-10 14:28:16.930092[INFO] tamd_proc: [1123] credential_type : 2
2026-08-10 14:28:16.930107[INFO] tamd_proc: [1123] Parsing TAMD_CMD_GET_SO_READ Req status: TAM_SUCCESS
2026-08-10 14:28:16.946853[INFO] tamd_proc: [1123] Sending so read result back to TAMS on tam_ipc_handle=0x619a0b63e9a0
2026-08-10 14:28:16.946942[INFO] tamd_proc: [1123] Processing TAMD_CMD_GET_SO_READ Req status: TAM_SUCCESS
2026-08-10 14:28:16.948096[INFO] tams_proc: [1118] cmd type: TAMD_CMD_GET_SO_READ
2026-08-10 14:28:16.948125[INFO] tams_proc: [1118] trans id: 0x1a
2026-08-10 14:28:16.948136[INFO] tams_proc: [1118] status: TAM_SUCCESS
2026-08-10 14:28:16.948145[INFO] tams_proc: [1118] payload len: 30
2026-08-10 14:28:16.948153[INFO] tams_proc: [1118] Parsing TAMD_CMD_GET_SO_READ Rsp
2026-08-10 14:28:16.948163[INFO] tams_proc: [1118] Parsing TAMD_CMD_GET_SO_READ Rsp status: TAM_SUCCESS
2026-08-10 14:28:16.948172[INFO] tams_proc: [1118] Processing TAMD_CMD_GET_SO_READ Rsp
2026-08-10 14:28:16.948231[INFO] tams_proc: [1118] Processing TAMD_CMD_GET_SO_READ Rsp status: TAM_SUCCESS
2026-08-10 14:28:16.950772[INFO] tams_proc: [1118] cmd type: TAMC_CMD_SO_DELETE
2026-08-10 14:28:16.950797[INFO] tams_proc: [1118] session id: 0x3
2026-08-10 14:28:16.950806[INFO] tams_proc: [1118] trans id: 0x1e
2026-08-10 14:28:16.950814[INFO] tams_proc: [1118] payload len: 83
2026-08-10 14:28:16.950822[INFO] tams_proc: [1118] Parsing TAMC_CMD_SO_DELETE Req
2026-08-10 14:28:16.950831[INFO] tams_proc: [1118] Session key len: 32
[INFO] tams_proc: [1118] 97 4D 59 B9 DD 05 0B 41 30 EE EF 2E AA 69 06 98 8B EF 76 D9 5F B6 52 06 6C A6 53 F9 6D 26 57 5D 
2026-08-10 14:28:16.950855[INFO] tams_proc: [1118] Object owner len : 9
[INFO] tams_proc: [1118] 6B 65 76 5F 61 70 70 31 00 
2026-08-10 14:28:16.950878[INFO] tams_proc: [1118] Object name len : 18
[INFO] tams_proc: [1118] 53 45 4C 46 5F 54 45 53 54 5F 74 65 73 74 5F 73 6F 00 
2026-08-10 14:28:16.950899[INFO] tams_proc: [1118] Parsing TAMC_CMD_SO_DELETE Req status: TAM_SUCCESS
2026-08-10 14:28:16.950908[INFO] tams_proc: [1118] verifying TAMC session...
2026-08-10 14:28:16.950916[INFO] tams_proc: [1118] verify success!
2026-08-10 14:28:16.950924[INFO] tams_proc: [1118] Processing TAMC_CMD_SO_DELETE Req for device XRD_TAMDB
2026-08-10 14:28:16.951015[INFO] tams_proc: [1118] dev: XRD_TAMDB cmd: TAMD_CMD_GET_SO_DELETE new time: 24000 total time: 24000
2026-08-10 14:28:16.951080[INFO] tams_proc: [1118] Processing TAMC_CMD_SO_DELETE Req status: TAM_SUCCESS
2026-08-10 14:28:16.952328[INFO] tamd_proc: [1123] cmd type: TAMD_CMD_GET_SO_DELETE
2026-08-10 14:28:16.952357[INFO] tamd_proc: [1123] trans id: 0x1b
2026-08-10 14:28:16.952367[INFO] tamd_proc: [1123] payload len: 72
2026-08-10 14:28:16.952375[INFO] tamd_proc: [1123] Parsing TAMD_CMD_GET_SO_DELETE Req
2026-08-10 14:28:16.952386[INFO] tamd_proc: [1123] credential_type : 2
2026-08-10 14:28:16.952395[INFO] tamd_proc: [1123] Parsing TAMD_CMD_GET_SO_DELETE Req status: TAM_SUCCESS
2026-08-10 14:28:16.969374[INFO] tamd_proc: [1123] >>>> store size: 0 - ./crypto/tams/tamservices/device/swtam/src/swtam_object_attr.c - 625
2026-08-10 14:28:16.989226[INFO] tamd_proc: [1123] Sending so delete result back to TAMS on tam_ipc_handle=0x619a0b63e9a0
2026-08-10 14:28:16.989325[INFO] tamd_proc: [1123] Processing TAMD_CMD_GET_SO_DELETE Req status: TAM_SUCCESS
2026-08-10 14:28:16.990486[INFO] tams_proc: [1118] cmd type: TAMD_CMD_GET_SO_DELETE
2026-08-10 14:28:16.990518[INFO] tams_proc: [1118] trans id: 0x1b
2026-08-10 14:28:16.990530[INFO] tams_proc: [1118] status: TAM_SUCCESS
2026-08-10 14:28:16.990538[INFO] tams_proc: [1118] payload len: 0
2026-08-10 14:28:16.990547[INFO] tams_proc: [1118] Parsing TAMD_CMD_GET_SO_DELETE Rsp
2026-08-10 14:28:16.990557[INFO] tams_proc: [1118] Parsing TAMD_CMD_GET_SO_DELETE Rsp status: TAM_SUCCESS
2026-08-10 14:28:16.990565[INFO] tams_proc: [1118] Processing TAMD_CMD_GET_SO_DELETE Rsp
2026-08-10 14:28:16.990577[INFO] tams_proc: [1118] appname:kev_app1 sync_staus_enable:0 notify_enable:0
2026-08-10 14:28:16.990638[INFO] tams_proc: [1118] Processing TAMD_CMD_GET_SO_DELETE Rsp status: TAM_SUCCESS
2026-08-10 14:28:16.993268[INFO] tams_proc: [1118] cmd type: TAMC_CMD_APP_LOGOUT
2026-08-10 14:28:16.993294[INFO] tams_proc: [1118] session id: 0x3
2026-08-10 14:28:16.993303[INFO] tams_proc: [1118] trans id: 0x1f
2026-08-10 14:28:16.993311[INFO] tams_proc: [1118] payload len: 40
2026-08-10 14:28:16.993319[INFO] tams_proc: [1118] Parsing TAMC_CMD_APP_LOGOUT Req
2026-08-10 14:28:16.993328[INFO] tams_proc: [1118] Session key len: 32
[INFO] tams_proc: [1118] 97 4D 59 B9 DD 05 0B 41 30 EE EF 2E AA 69 06 98 8B EF 76 D9 5F B6 52 06 6C A6 53 F9 6D 26 57 5D 
2026-08-10 14:28:16.993360[INFO] tams_proc: [1118] Parsing TAMC_CMD_APP_LOGOUT Req status: TAM_SUCCESS
2026-08-10 14:28:16.993369[INFO] tams_proc: [1118] verifying TAMC session...
2026-08-10 14:28:16.993378[INFO] tams_proc: [1118] verify success!
2026-08-10 14:28:16.993386[INFO] tams_proc: [1118] Processing TAMC_CMD_APP_LOGOUT Req for device XRD_TAMDB
2026-08-10 14:28:16.993396[INFO] tams_proc: [1118] Client Notify is not enabled.
2026-08-10 14:28:16.993407[INFO] tams_proc: [1118] Deleting session 3 status TAM_SUCCESS
2026-08-10 14:28:16.993415[INFO] tams_proc: [1118] Sending status response: TAM_SUCCESS (0x1)
2026-08-10 14:28:16.993482[INFO] tams_proc: [1118] Processing TAMC_CMD_APP_LOGOUT Req status: TAM_SUCCESS
2026-08-10 14:28:16.994650[INFO] tamsvcs_tamm: [1047] SELF_TEST  Test for device : XRD_TAMDB App:2 Successful 
2026-08-10 14:28:16.996180[INFO] tamsvcs_tamm: [1047] Successfully initialized TAM device XRD_TAMDB
2026-08-10 14:28:16.996230[INFO] tamsvcs_tamm: [1047] VUDI init: XRD_TAMDB: About to query if VUDI supported, and initialize if so
2026-08-10 14:28:16.997711[INFO] tams_proc: [1118] cmd type: TAMM_CMD_VUDI_INIT
2026-08-10 14:28:16.997740[INFO] tams_proc: [1118] trans id: 0x20
2026-08-10 14:28:16.997749[INFO] tams_proc: [1118] payload len: 46
2026-08-10 14:28:16.997757[INFO] tams_proc: [1118] Parsing TAMM_CMD_VUDI_INIT Req
2026-08-10 14:28:16.997767[INFO] tams_proc: [1118] device_name: XRD_TAMDB
2026-08-10 14:28:16.997775[INFO] tams_proc: [1118] VUDI pid: XRd-CP-C-01
2026-08-10 14:28:16.997783[INFO] tams_proc: [1118] VUDI regen: 0
2026-08-10 14:28:16.997792[INFO] tams_proc: [1118] Parsing TAMM_CMD_VUDI_INIT Req status: TAM_SUCCESS
2026-08-10 14:28:16.997800[INFO] tams_proc: [1118] Processing TAMM_CMD_VUDI_INIT Req
2026-08-10 14:28:16.997812[INFO] tams_proc: [1118] Send dev_vudi_init req TAMS->TAMD
2026-08-10 14:28:16.997901[INFO] tams_proc: [1118] Record dev_vudi_init req TAMS->TAMD
2026-08-10 14:28:16.997922[INFO] tams_proc: [1118] dev: XRD_TAMDB cmd: TAMD_CMD_VUDI_INIT new time: 24000 total time: 24000
2026-08-10 14:28:16.997975[INFO] tams_proc: [1118] Initialize VUDI pending for device 'XRD_TAMDB'
2026-08-10 14:28:16.997995[INFO] tams_proc: [1118] Processing TAMM_CMD_VUDI_INIT Req status: TAM_SUCCESS_IN_PROCESS
2026-08-10 14:28:16.999118[INFO] tamsvcs_tamm: [1047] cmd type: TAMM_CMD_VUDI_INIT
2026-08-10 14:28:16.999143[INFO] tamsvcs_tamm: [1047] trans id: 0x20
2026-08-10 14:28:16.999152[INFO] tamsvcs_tamm: [1047] status: TAM_SUCCESS_IN_PROCESS
2026-08-10 14:28:16.999160[INFO] tamsvcs_tamm: [1047] payload len: 0
2026-08-10 14:28:16.999168[INFO] tamsvcs_tamm: [1047] Parsing TAMM_CMD_VUDI_INIT Rsp
2026-08-10 14:28:16.999178[INFO] tamsvcs_tamm: [1047] Parsing TAMM_CMD_VUDI_INIT Rsp status: TAM_SUCCESS
2026-08-10 14:28:16.999187[INFO] tamsvcs_tamm: [1047] Rx ACK in 3ms. Waiting 180000ms for final response...
2026-08-10 14:28:16.999225[INFO] tamd_proc: [1123] cmd type: TAMD_CMD_VUDI_INIT
2026-08-10 14:28:16.999255[INFO] tamd_proc: [1123] trans id: 0x1c
2026-08-10 14:28:16.999264[INFO] tamd_proc: [1123] payload len: 28
2026-08-10 14:28:16.999273[INFO] tamd_proc: [1123] Parsing TAMD_CMD_VUDI_INIT Req
2026-08-10 14:28:16.999293[INFO] tamd_proc: [1123] PID: XRd-CP-C-01
2026-08-10 14:28:16.999304[INFO] tamd_proc: [1123] Parsing TAMD_CMD_VUDI_INIT Req status: TAM_SUCCESS
2026-08-10 14:28:16.999314[INFO] tamd_proc: [1123] SWTAM process VUDI initialization
2026-08-10 14:28:17.16368Z[ERR] tamd_proc: [1123] Problem retrieving VUDI: TAM_ERROR_VUDI_DNE
2026-08-10 14:28:17.16402Z[INFO] tamd_proc: [1123] Initialize VUDI: no VUDI. Initializing.
2026-08-10 14:28:17.16466Z[INFO] tamd_proc: [1123] VUDI generated serial number=VSN-H856H55
2026-08-10 14:28:17.32856Z[INFO] tamd_proc: [1123] >>>> store size - object size - quota: 0 - 34 - 0 - ./crypto/tams/tamservices/device/swtam/src/swtam_object_attr.c - 878
2026-08-10 14:28:17.36676Z[INFO] tamd_proc: [1123] >>>> store size - object size - quota: 34 - 34 - 0 - ./crypto/tams/tamservices/device/swtam/src/swtam_object_attr.c - 891
2026-08-10 14:28:17.78754Z[INFO] tamd_proc: [1123] Sending response TAM_SUCCESS
2026-08-10 14:28:17.78856Z[INFO] tamd_proc: [1123] Processing TAMD_CMD_VUDI_INIT Req status: TAM_SUCCESS
2026-08-10 14:28:17.80033Z[INFO] tams_proc: [1118] cmd type: TAMD_CMD_VUDI_INIT
2026-08-10 14:28:17.80066Z[INFO] tams_proc: [1118] trans id: 0x1c
2026-08-10 14:28:17.80075Z[INFO] tams_proc: [1118] status: TAM_SUCCESS
2026-08-10 14:28:17.80084Z[INFO] tams_proc: [1118] payload len: 0
2026-08-10 14:28:17.80092Z[INFO] tams_proc: [1118] Parsing TAMD_CMD_VUDI_INIT Rsp
2026-08-10 14:28:17.80102Z[INFO] tams_proc: [1118] Parsing TAMD_CMD_VUDI_INIT Rsp status: TAM_SUCCESS
2026-08-10 14:28:17.80111Z[INFO] tams_proc: [1118] Processing TAMD_CMD_VUDI_INIT Rsp
2026-08-10 14:28:17.80176Z[INFO] tams_proc: [1118] Processing TAMD_CMD_VUDI_INIT Rsp status: TAM_SUCCESS
2026-08-10 14:28:17.81359Z[INFO] tamsvcs_tamm: [1047] cmd type: TAMM_CMD_VUDI_INIT
2026-08-10 14:28:17.81393Z[INFO] tamsvcs_tamm: [1047] trans id: 0x20
2026-08-10 14:28:17.81404Z[INFO] tamsvcs_tamm: [1047] status: TAM_SUCCESS
2026-08-10 14:28:17.81412Z[INFO] tamsvcs_tamm: [1047] payload len: 0
2026-08-10 14:28:17.81421Z[INFO] tamsvcs_tamm: [1047] Parsing TAMM_CMD_VUDI_INIT Rsp
2026-08-10 14:28:17.81431Z[INFO] tamsvcs_tamm: [1047] Parsing TAMM_CMD_VUDI_INIT Rsp status: TAM_SUCCESS
2026-08-10 14:28:17.81440Z[INFO] tamsvcs_tamm: [1047] Final response received. rc=0x1
2026-08-10 14:28:17.81503Z[INFO] tamsvcs_tamm: [1047] cmd type: TAMM_CMD_VUDI_INIT
2026-08-10 14:28:17.81524Z[INFO] tamsvcs_tamm: [1047] trans id: 0x20
2026-08-10 14:28:17.81532Z[INFO] tamsvcs_tamm: [1047] status: TAM_SUCCESS
2026-08-10 14:28:17.81540Z[INFO] tamsvcs_tamm: [1047] payload len: 0
2026-08-10 14:28:17.81548Z[INFO] tamsvcs_tamm: [1047] Parsing TAMM_CMD_VUDI_INIT Rsp
2026-08-10 14:28:17.81557Z[INFO] tamsvcs_tamm: [1047] Parsing TAMM_CMD_VUDI_INIT Rsp status: TAM_SUCCESS
2026-08-10 14:28:17.81565Z[INFO] tamsvcs_tamm: [1047] VUDI initialization response TAM_SUCCESS
2026-08-10 14:28:17.81577Z[INFO] tamsvcs_tamm: [1047] VUDI init: XRD_TAMDB: VUDI supported
2026-08-10 14:28:17.81585Z[INFO] tamsvcs_tamm: [1047] VUDI init: XRD_TAMDB: About to query VUDI for file cache
2026-08-10 14:28:17.84913Z[INFO] tams_proc: [1118] cmd type: TAMC_CMD_APP_LOGIN
2026-08-10 14:28:17.84941Z[INFO] tams_proc: [1118] session id: 0x0
2026-08-10 14:28:17.84951Z[INFO] tams_proc: [1118] trans id: 0x21
2026-08-10 14:28:17.84959Z[INFO] tams_proc: [1118] payload len: 333
2026-08-10 14:28:17.84967Z[INFO] tams_proc: [1118] Parsing TAMC_CMD_APP_LOGIN Req
2026-08-10 14:28:17.84989Z[INFO] tams_proc: [1118] credential_type: 2
2026-08-10 14:28:17.84998Z[INFO] tams_proc: [1118] Parsing TAMC_CMD_APP_LOGIN Req status: TAM_SUCCESS
2026-08-10 14:28:17.85007Z[INFO] tams_proc: [1118] Processing TAMC_CMD_APP_LOGIN Req for device 
2026-08-10 14:28:17.85019Z[INFO] tams_proc: [1118] app Init number pending sessions = 1 max=5
2026-08-10 14:28:17.85027Z[INFO] tams_proc: [1118] Received SRP message 1
2026-08-10 14:28:17.91612Z[INFO] tams_proc: [1118] Processing TAMC_CMD_APP_LOGIN Req status: TAM_SUCCESS
2026-08-10 14:28:17.101523[INFO] tams_proc: [1118] cmd type: TAMC_CMD_APP_LOGIN
2026-08-10 14:28:17.101553[INFO] tams_proc: [1118] session id: 0x4
2026-08-10 14:28:17.101563[INFO] tams_proc: [1118] trans id: 0x22
2026-08-10 14:28:17.101572[INFO] tams_proc: [1118] payload len: 73
2026-08-10 14:28:17.101580[INFO] tams_proc: [1118] Parsing TAMC_CMD_APP_LOGIN Req
2026-08-10 14:28:17.101593[INFO] tams_proc: [1118] Parsing TAMC_CMD_APP_LOGIN Req status: TAM_SUCCESS
2026-08-10 14:28:17.101603[INFO] tams_proc: [1118] Processing TAMC_CMD_APP_LOGIN Req for device 
2026-08-10 14:28:17.101613[INFO] tams_proc: [1118] Session in process
2026-08-10 14:28:17.101622[INFO] tams_proc: [1118] Received SRP message 3
2026-08-10 14:28:17.101632[INFO] tams_proc: [1118] app Init number sessions = 1 max=50
2026-08-10 14:28:17.101731[INFO] tams_proc: [1118] dev: XRD_TAMDB cmd: TAMD_CMD_DEVICE_BIND new time: 24000 total time: 24000
2026-08-10 14:28:17.101752[INFO] tams_proc: [1118] Processing TAMC_CMD_APP_LOGIN Req status: TAM_SUCCESS_IN_PROCESS
2026-08-10 14:28:17.103102[INFO] tamd_proc: [1123] cmd type: TAMD_CMD_DEVICE_BIND
2026-08-10 14:28:17.103138[INFO] tamd_proc: [1123] trans id: 0x1d
2026-08-10 14:28:17.103151[INFO] tamd_proc: [1123] payload len: 12
2026-08-10 14:28:17.103161[INFO] tamd_proc: [1123] Parsing TAMD_CMD_DEVICE_BIND Req
2026-08-10 14:28:17.103174[INFO] tamd_proc: [1123] Parsing TAMD_CMD_DEVICE_BIND Req status: TAM_SUCCESS
2026-08-10 14:28:17.120380[INFO] tamd_proc: [1123] Processing TAMD_CMD_DEVICE_BIND Req status: TAM_SUCCESS
2026-08-10 14:28:17.121591[INFO] tams_proc: [1118] cmd type: TAMD_CMD_DEVICE_BIND
2026-08-10 14:28:17.121620[INFO] tams_proc: [1118] trans id: 0x1d
2026-08-10 14:28:17.121631[INFO] tams_proc: [1118] status: TAM_SUCCESS
2026-08-10 14:28:17.121639[INFO] tams_proc: [1118] payload len: 0
2026-08-10 14:28:17.121647[INFO] tams_proc: [1118] Parsing TAMD_CMD_DEVICE_BIND Rsp
2026-08-10 14:28:17.121657[INFO] tams_proc: [1118] Parsing TAMD_CMD_DEVICE_BIND Rsp status: TAM_SUCCESS
2026-08-10 14:28:17.121665[INFO] tams_proc: [1118] Processing TAMD_CMD_DEVICE_BIND Rsp
2026-08-10 14:28:17.121674[INFO] tams_proc: [1118] Device XRD_TAMDB binding of app Init: TAM_SUCCESS
2026-08-10 14:28:17.121684[INFO] tams_proc: [1118] Sending SRP message 4 (80 bytes)
2026-08-10 14:28:17.121746[INFO] tams_proc: [1118] SRP session key (32 bytes):
[INFO] tams_proc: [1118] E0 69 32 C3 8E 4F DF 8C 19 5B C3 55 72 7D D1 46 27 97 60 5C 6D F2 89 B3 0A EB FF 6A 50 68 B2 19 
2026-08-10 14:28:17.121784[INFO] tams_proc: [1118] Application Init authentication succeeded!
2026-08-10 14:28:17.121792[INFO] tams_proc: [1118] Binding of app Init to device XRD_TAMDB: TAM_SUCCESS
2026-08-10 14:28:17.121803[INFO] tams_proc: [1118] Processing TAMD_CMD_DEVICE_BIND Rsp status: TAM_SUCCESS
2026-08-10 14:28:17.124368[INFO] tams_proc: [1118] cmd type: TAMC_CMD_UDI
2026-08-10 14:28:17.124394[INFO] tams_proc: [1118] session id: 0x4
2026-08-10 14:28:17.124403[INFO] tams_proc: [1118] trans id: 0x23
2026-08-10 14:28:17.124426[INFO] tams_proc: [1118] payload len: 40
2026-08-10 14:28:17.124436[INFO] tams_proc: [1118] Parsing TAMC_CMD_UDI Req
2026-08-10 14:28:17.124446[INFO] tams_proc: [1118] Session key len: 32
[INFO] tams_proc: [1118] E0 69 32 C3 8E 4F DF 8C 19 5B C3 55 72 7D D1 46 27 97 60 5C 6D F2 89 B3 0A EB FF 6A 50 68 B2 19 
2026-08-10 14:28:17.124470[INFO] tams_proc: [1118] Parsing TAMC_CMD_UDI Req status: TAM_SUCCESS
2026-08-10 14:28:17.124480[INFO] tams_proc: [1118] verifying TAMC session...
2026-08-10 14:28:17.124491[INFO] tams_proc: [1118] verify success!
2026-08-10 14:28:17.124500[INFO] tams_proc: [1118] Processing TAMC_CMD_UDI Req for device XRD_TAMDB
2026-08-10 14:28:17.124592[INFO] tams_proc: [1118] dev: XRD_TAMDB cmd: TAMD_CMD_UDI new time: 24000 total time: 24000
2026-08-10 14:28:17.124658[INFO] tams_proc: [1118] Processing TAMC_CMD_UDI Req status: TAM_SUCCESS
2026-08-10 14:28:17.125908[INFO] tamd_proc: [1123] cmd type: TAMD_CMD_UDI
2026-08-10 14:28:17.125937[INFO] tamd_proc: [1123] trans id: 0x1e
2026-08-10 14:28:17.125948[INFO] tamd_proc: [1123] payload len: 0
2026-08-10 14:28:17.125956[INFO] tamd_proc: [1123] Parsing TAMD_CMD_UDI Req
2026-08-10 14:28:17.125977[INFO] tamd_proc: [1123] Parsing TAMD_CMD_UDI Req status: TAM_SUCCESS
2026-08-10 14:28:17.146354[INFO] tamd_proc: [1123] PID = XRd-CP-C-01 SN = VSN-H856H55
2026-08-10 14:28:17.146453[INFO] tamd_proc: [1123] tam_ipc_send = TAM_SUCCESS rsp_msg=0x619a0b63f6b0 rsp_msg_len= 58
2026-08-10 14:28:17.146477[INFO] tamd_proc: [1123] Processing TAMD_CMD_UDI Req status: TAM_SUCCESS
2026-08-10 14:28:17.147605[INFO] tams_proc: [1118] cmd type: TAMD_CMD_UDI
2026-08-10 14:28:17.147633[INFO] tams_proc: [1118] trans id: 0x1e
2026-08-10 14:28:17.147643[INFO] tams_proc: [1118] status: TAM_SUCCESS
2026-08-10 14:28:17.147652[INFO] tams_proc: [1118] payload len: 38
2026-08-10 14:28:17.147660[INFO] tams_proc: [1118] Parsing TAMD_CMD_UDI Rsp
2026-08-10 14:28:17.147670[INFO] tams_proc: [1118] Parsing TAMD_CMD_UDI Rsp status: TAM_SUCCESS
2026-08-10 14:28:17.147678[INFO] tams_proc: [1118] Processing TAMD_CMD_UDI Rsp
2026-08-10 14:28:17.147743[INFO] tams_proc: [1118] Processing TAMD_CMD_UDI Rsp status: TAM_SUCCESS
2026-08-10 14:28:17.149069[INFO] tamsvcs_tamm: [1047] VUDI init: XRD_TAMDB: Saved VSN to cache file: /var/run/cisco/tamsvcs/tamsvcs_vsn: 'VSN-H856H55'
2026-08-10 14:28:17.150490[INFO] tams_proc: [1118] cmd type: TAMC_CMD_APP_LOGOUT
2026-08-10 14:28:17.150516[INFO] tams_proc: [1118] session id: 0x4
2026-08-10 14:28:17.150525[INFO] tams_proc: [1118] trans id: 0x24
2026-08-10 14:28:17.150533[INFO] tams_proc: [1118] payload len: 40
2026-08-10 14:28:17.150541[INFO] tams_proc: [1118] Parsing TAMC_CMD_APP_LOGOUT Req
2026-08-10 14:28:17.150550[INFO] tams_proc: [1118] Session key len: 32
[INFO] tams_proc: [1118] E0 69 32 C3 8E 4F DF 8C 19 5B C3 55 72 7D D1 46 27 97 60 5C 6D F2 89 B3 0A EB FF 6A 50 68 B2 19 
2026-08-10 14:28:17.150577[INFO] tams_proc: [1118] Parsing TAMC_CMD_APP_LOGOUT Req status: TAM_SUCCESS
2026-08-10 14:28:17.150586[INFO] tams_proc: [1118] verifying TAMC session...
2026-08-10 14:28:17.150594[INFO] tams_proc: [1118] verify success!
2026-08-10 14:28:17.150603[INFO] tams_proc: [1118] Processing TAMC_CMD_APP_LOGOUT Req for device XRD_TAMDB
2026-08-10 14:28:17.150613[INFO] tams_proc: [1118] Client Notify is not enabled.
2026-08-10 14:28:17.150625[INFO] tams_proc: [1118] Deleting session 4 status TAM_SUCCESS
2026-08-10 14:28:17.150633[INFO] tams_proc: [1118] Sending status response: TAM_SUCCESS (0x1)
2026-08-10 14:28:17.150690[INFO] tams_proc: [1118] Processing TAMC_CMD_APP_LOGOUT Req status: TAM_SUCCESS
2026-08-10 14:28:17.151844[INFO] tamsvcs_tamm: [1047] TAMM init successful (1 attempt(s)).
2026-08-10 14:28:17.151882[INFO] tamsvcs_tamm: [1047] TAM_NS: Server:tam_ns_set_service_status Entry: status:1
2026-08-10 14:28:17.151896[INFO] tamsvcs_tamm: [1047] Starting TAM Entropy, Sync and Ownershipd process !!
2026-08-10 14:28:17.162109[INFO] tamsvcs_tamm: [1047] Sending proc_ready....
2026-08-10 14:28:28.589856[INFO] tams_proc: [1118] cmd type: TAMC_CMD_APP_LOGIN
2026-08-10 14:28:28.589910[INFO] tams_proc: [1118] session id: 0x0
2026-08-10 14:28:28.589922[INFO] tams_proc: [1118] trans id: 0x1
2026-08-10 14:28:28.589931[INFO] tams_proc: [1118] payload len: 343
2026-08-10 14:28:28.589939[INFO] tams_proc: [1118] Parsing TAMC_CMD_APP_LOGIN Req
2026-08-10 14:28:28.589962[INFO] tams_proc: [1118] credential_type: 2
2026-08-10 14:28:28.589973[INFO] tams_proc: [1118] Parsing TAMC_CMD_APP_LOGIN Req status: TAM_SUCCESS
2026-08-10 14:28:28.589982[INFO] tams_proc: [1118] Processing TAMC_CMD_APP_LOGIN Req for device XRD_TAMDB
2026-08-10 14:28:28.589994[INFO] tams_proc: [1118] app Init number pending sessions = 1 max=5
2026-08-10 14:28:28.590002[INFO] tams_proc: [1118] Received SRP message 1
2026-08-10 14:28:28.603276[INFO] tams_proc: [1118] Processing TAMC_CMD_APP_LOGIN Req status: TAM_SUCCESS
2026-08-10 14:28:28.616882[INFO] tams_proc: [1118] cmd type: TAMC_CMD_APP_LOGIN
2026-08-10 14:28:28.616943[INFO] tams_proc: [1118] session id: 0x5
2026-08-10 14:28:28.616957[INFO] tams_proc: [1118] trans id: 0x2
2026-08-10 14:28:28.616966[INFO] tams_proc: [1118] payload len: 83
2026-08-10 14:28:28.616975[INFO] tams_proc: [1118] Parsing TAMC_CMD_APP_LOGIN Req
2026-08-10 14:28:28.616992[INFO] tams_proc: [1118] Parsing TAMC_CMD_APP_LOGIN Req status: TAM_SUCCESS
2026-08-10 14:28:28.617003[INFO] tams_proc: [1118] Processing TAMC_CMD_APP_LOGIN Req for device XRD_TAMDB
2026-08-10 14:28:28.617014[INFO] tams_proc: [1118] Session in process
2026-08-10 14:28:28.617023[INFO] tams_proc: [1118] Received SRP message 3
2026-08-10 14:28:28.617034[INFO] tams_proc: [1118] app Init number sessions = 1 max=50
2026-08-10 14:28:28.617127[INFO] tams_proc: [1118] dev: XRD_TAMDB cmd: TAMD_CMD_DEVICE_BIND new time: 24000 total time: 24000
2026-08-10 14:28:28.617151[INFO] tams_proc: [1118] Processing TAMC_CMD_APP_LOGIN Req status: TAM_SUCCESS_IN_PROCESS
2026-08-10 14:28:28.618421[INFO] tamd_proc: [1123] cmd type: TAMD_CMD_DEVICE_BIND
2026-08-10 14:28:28.618457[INFO] tamd_proc: [1123] trans id: 0x22
2026-08-10 14:28:28.618467[INFO] tamd_proc: [1123] payload len: 12
2026-08-10 14:28:28.618476[INFO] tamd_proc: [1123] Parsing TAMD_CMD_DEVICE_BIND Req
2026-08-10 14:28:28.618488[INFO] tamd_proc: [1123] Parsing TAMD_CMD_DEVICE_BIND Req status: TAM_SUCCESS
2026-08-10 14:28:28.665338[INFO] tamd_proc: [1123] Processing TAMD_CMD_DEVICE_BIND Req status: TAM_SUCCESS
2026-08-10 14:28:28.669691[INFO] tams_proc: [1118] cmd type: TAMD_CMD_DEVICE_BIND
2026-08-10 14:28:28.669803[INFO] tams_proc: [1118] trans id: 0x22
2026-08-10 14:28:28.669849[INFO] tams_proc: [1118] status: TAM_SUCCESS
2026-08-10 14:28:28.669863[INFO] tams_proc: [1118] payload len: 0
2026-08-10 14:28:28.669872[INFO] tams_proc: [1118] Parsing TAMD_CMD_DEVICE_BIND Rsp
2026-08-10 14:28:28.669882[INFO] tams_proc: [1118] Parsing TAMD_CMD_DEVICE_BIND Rsp status: TAM_SUCCESS
2026-08-10 14:28:28.669891[INFO] tams_proc: [1118] Processing TAMD_CMD_DEVICE_BIND Rsp
2026-08-10 14:28:28.669901[INFO] tams_proc: [1118] Device XRD_TAMDB binding of app Init: TAM_SUCCESS
2026-08-10 14:28:28.669914[INFO] tams_proc: [1118] Sending SRP message 4 (80 bytes)
2026-08-10 14:28:28.670046[INFO] tams_proc: [1118] SRP session key (32 bytes):
[INFO] tams_proc: [1118] 21 D3 16 9C 02 E9 04 E9 5B D6 05 93 90 44 AB 30 85 08 C1 ED 8D 63 8A 04 D5 CF 21 67 66 9F D3 54 
2026-08-10 14:28:28.670181[INFO] tams_proc: [1118] Application Init authentication succeeded!
2026-08-10 14:28:28.670234[INFO] tams_proc: [1118] Binding of app Init to device XRD_TAMDB: TAM_SUCCESS
2026-08-10 14:28:28.670269[INFO] tams_proc: [1118] Processing TAMD_CMD_DEVICE_BIND Rsp status: TAM_SUCCESS
2026-08-10 14:28:28.821212[INFO] tams_proc: [1118] cmd type: TAMC_CMD_SO_READ
2026-08-10 14:28:28.821307[INFO] tams_proc: [1118] session id: 0x5
2026-08-10 14:28:28.821328[INFO] tams_proc: [1118] trans id: 0x3
2026-08-10 14:28:28.821337[INFO] tams_proc: [1118] payload len: 75
2026-08-10 14:28:28.821346[INFO] tams_proc: [1118] Parsing TAMC_CMD_SO_READ Req
2026-08-10 14:28:28.821356[INFO] tams_proc: [1118] Session key len: 32
[INFO] tams_proc: [1118] 21 D3 16 9C 02 E9 04 E9 5B D6 05 93 90 44 AB 30 85 08 C1 ED 8D 63 8A 04 D5 CF 21 67 66 9F D3 54 
2026-08-10 14:28:28.821383[INFO] tams_proc: [1118] Object owner len : 5
[INFO] tams_proc: [1118] 49 6E 69 74 00 
2026-08-10 14:28:28.821401[INFO] tams_proc: [1118] Object name len : 14
[INFO] tams_proc: [1118] 54 79 70 65 36 41 63 74 69 76 65 4D 4B 00 
2026-08-10 14:28:28.821422[INFO] tams_proc: [1118] Parsing TAMC_CMD_SO_READ Req status: TAM_SUCCESS
2026-08-10 14:28:28.821431[INFO] tams_proc: [1118] verifying TAMC session...
2026-08-10 14:28:28.821440[INFO] tams_proc: [1118] verify success!
2026-08-10 14:28:28.821448[INFO] tams_proc: [1118] Processing TAMC_CMD_SO_READ Req for device XRD_TAMDB
2026-08-10 14:28:28.821552[INFO] tams_proc: [1118] dev: XRD_TAMDB cmd: TAMD_CMD_GET_SO_READ new time: 24000 total time: 24000
2026-08-10 14:28:28.821664[INFO] tams_proc: [1118] Processing TAMC_CMD_SO_READ Req status: TAM_SUCCESS
2026-08-10 14:28:28.822997[INFO] tamd_proc: [1123] cmd type: TAMD_CMD_GET_SO_READ
2026-08-10 14:28:28.823080[INFO] tamd_proc: [1123] trans id: 0x23
2026-08-10 14:28:28.823101[INFO] tamd_proc: [1123] payload len: 60
2026-08-10 14:28:28.823111[INFO] tamd_proc: [1123] Parsing TAMD_CMD_GET_SO_READ Req
2026-08-10 14:28:28.823123[INFO] tamd_proc: [1123] credential_type : 2
2026-08-10 14:28:28.823134[INFO] tamd_proc: [1123] Parsing TAMD_CMD_GET_SO_READ Req status: TAM_SUCCESS
2026-08-10 14:28:28.842494[INFO] tamd_proc: [1123] Sending so read result back to TAMS on tam_ipc_handle=0x619a0b63e9a0
2026-08-10 14:28:28.842630[INFO] tamd_proc: [1123] Processing TAMD_CMD_GET_SO_READ Req status: TAM_SUCCESS
2026-08-10 14:28:28.843897[INFO] tams_proc: [1118] cmd type: TAMD_CMD_GET_SO_READ
2026-08-10 14:28:28.843971[INFO] tams_proc: [1118] trans id: 0x23
2026-08-10 14:28:28.843993[INFO] tams_proc: [1118] status: TAM_ERROR_NO_OBJECT
2026-08-10 14:28:28.844002[INFO] tams_proc: [1118] payload len: 0
2026-08-10 14:28:28.844010[INFO] tams_proc: [1118] Parsing TAMD_CMD_GET_SO_READ Rsp
2026-08-10 14:28:28.844020[INFO] tams_proc: [1118] Parsing TAMD_CMD_GET_SO_READ Rsp status: TAM_SUCCESS
2026-08-10 14:28:28.844029[INFO] tams_proc: [1118] Processing TAMD_CMD_GET_SO_READ Rsp
2026-08-10 14:28:28.844092[INFO] tams_proc: [1118] Processing TAMD_CMD_GET_SO_READ Rsp status: TAM_SUCCESS
2026-08-10 14:28:29.142778[INFO] tams_proc: [1118] cmd type: TAMC_CMD_SO_DELETE
2026-08-10 14:28:29.142861[INFO] tams_proc: [1118] session id: 0x5
2026-08-10 14:28:29.142882[INFO] tams_proc: [1118] trans id: 0x4
2026-08-10 14:28:29.142892[INFO] tams_proc: [1118] payload len: 72
2026-08-10 14:28:29.142900[INFO] tams_proc: [1118] Parsing TAMC_CMD_SO_DELETE Req
2026-08-10 14:28:29.142913[INFO] tams_proc: [1118] Session key len: 32
[INFO] tams_proc: [1118] 21 D3 16 9C 02 E9 04 E9 5B D6 05 93 90 44 AB 30 85 08 C1 ED 8D 63 8A 04 D5 CF 21 67 66 9F D3 54 
2026-08-10 14:28:29.142938[INFO] tams_proc: [1118] Object owner len : 5
[INFO] tams_proc: [1118] 49 6E 69 74 00 
2026-08-10 14:28:29.142961[INFO] tams_proc: [1118] Object name len : 11
[INFO] tams_proc: [1118] 54 79 70 65 36 4E 65 77 4D 4B 00 
2026-08-10 14:28:29.142982[INFO] tams_proc: [1118] Parsing TAMC_CMD_SO_DELETE Req status: TAM_SUCCESS
2026-08-10 14:28:29.142992[INFO] tams_proc: [1118] verifying TAMC session...
2026-08-10 14:28:29.143044[INFO] tams_proc: [1118] verify success!
2026-08-10 14:28:29.143065[INFO] tams_proc: [1118] Processing TAMC_CMD_SO_DELETE Req for device XRD_TAMDB
2026-08-10 14:28:29.143165[INFO] tams_proc: [1118] dev: XRD_TAMDB cmd: TAMD_CMD_GET_SO_DELETE new time: 24000 total time: 24000
2026-08-10 14:28:29.143234[INFO] tams_proc: [1118] Processing TAMC_CMD_SO_DELETE Req status: TAM_SUCCESS
2026-08-10 14:28:29.144588[INFO] tamd_proc: [1123] cmd type: TAMD_CMD_GET_SO_DELETE
2026-08-10 14:28:29.144713[INFO] tamd_proc: [1123] trans id: 0x24
2026-08-10 14:28:29.144746[INFO] tamd_proc: [1123] payload len: 57
2026-08-10 14:28:29.144762[INFO] tamd_proc: [1123] Parsing TAMD_CMD_GET_SO_DELETE Req
2026-08-10 14:28:29.144782[INFO] tamd_proc: [1123] credential_type : 2
2026-08-10 14:28:29.144800[INFO] tamd_proc: [1123] Parsing TAMD_CMD_GET_SO_DELETE Req status: TAM_SUCCESS
2026-08-10 14:28:29.169052[INFO] tamd_proc: [1123] Sending so delete result back to TAMS on tam_ipc_handle=0x619a0b63e9a0
2026-08-10 14:28:29.169254[INFO] tamd_proc: [1123] Processing TAMD_CMD_GET_SO_DELETE Req status: TAM_SUCCESS
2026-08-10 14:28:29.170571[INFO] tams_proc: [1118] cmd type: TAMD_CMD_GET_SO_DELETE
2026-08-10 14:28:29.170666[INFO] tams_proc: [1118] trans id: 0x24
2026-08-10 14:28:29.170692[INFO] tams_proc: [1118] status: TAM_ERROR_NO_OBJECT
2026-08-10 14:28:29.170703[INFO] tams_proc: [1118] payload len: 0
2026-08-10 14:28:29.170713[INFO] tams_proc: [1118] Parsing TAMD_CMD_GET_SO_DELETE Rsp
2026-08-10 14:28:29.170725[INFO] tams_proc: [1118] Parsing TAMD_CMD_GET_SO_DELETE Rsp status: TAM_SUCCESS
2026-08-10 14:28:29.170735[INFO] tams_proc: [1118] Processing TAMD_CMD_GET_SO_DELETE Rsp
2026-08-10 14:28:29.170812[INFO] tams_proc: [1118] Processing TAMD_CMD_GET_SO_DELETE Rsp status: TAM_SUCCESS
2026-08-10 14:28:29.815581[INFO] tams_proc: [1118] cmd type: TAMC_CMD_APP_LOGIN
2026-08-10 14:28:29.815702[INFO] tams_proc: [1118] session id: 0x0
2026-08-10 14:28:29.815724[INFO] tams_proc: [1118] trans id: 0x1
2026-08-10 14:28:29.815733[INFO] tams_proc: [1118] payload len: 343
2026-08-10 14:28:29.815742[INFO] tams_proc: [1118] Parsing TAMC_CMD_APP_LOGIN Req
2026-08-10 14:28:29.815765[INFO] tams_proc: [1118] credential_type: 2
2026-08-10 14:28:29.815774[INFO] tams_proc: [1118] Parsing TAMC_CMD_APP_LOGIN Req status: TAM_SUCCESS
2026-08-10 14:28:29.815783[INFO] tams_proc: [1118] Processing TAMC_CMD_APP_LOGIN Req for device XRD_TAMDB
2026-08-10 14:28:29.815795[INFO] tams_proc: [1118] app Init number pending sessions = 1 max=5
2026-08-10 14:28:29.815803[INFO] tams_proc: [1118] Received SRP message 1
2026-08-10 14:28:29.822841[INFO] tams_proc: [1118] Processing TAMC_CMD_APP_LOGIN Req status: TAM_SUCCESS
2026-08-10 14:28:29.833179[INFO] tams_proc: [1118] cmd type: TAMC_CMD_APP_LOGIN
2026-08-10 14:28:29.833261[INFO] tams_proc: [1118] session id: 0x6
2026-08-10 14:28:29.833284[INFO] tams_proc: [1118] trans id: 0x2
2026-08-10 14:28:29.833293[INFO] tams_proc: [1118] payload len: 83
2026-08-10 14:28:29.833302[INFO] tams_proc: [1118] Parsing TAMC_CMD_APP_LOGIN Req
2026-08-10 14:28:29.833317[INFO] tams_proc: [1118] Parsing TAMC_CMD_APP_LOGIN Req status: TAM_SUCCESS
2026-08-10 14:28:29.833326[INFO] tams_proc: [1118] Processing TAMC_CMD_APP_LOGIN Req for device XRD_TAMDB
2026-08-10 14:28:29.833337[INFO] tams_proc: [1118] Session in process
2026-08-10 14:28:29.833345[INFO] tams_proc: [1118] Received SRP message 3
2026-08-10 14:28:29.833356[INFO] tams_proc: [1118] app Init number sessions = 2 max=50
2026-08-10 14:28:29.833473[INFO] tams_proc: [1118] dev: XRD_TAMDB cmd: TAMD_CMD_DEVICE_BIND new time: 24000 total time: 24000
2026-08-10 14:28:29.833545[INFO] tams_proc: [1118] Processing TAMC_CMD_APP_LOGIN Req status: TAM_SUCCESS_IN_PROCESS
2026-08-10 14:28:29.834843[INFO] tamd_proc: [1123] cmd type: TAMD_CMD_DEVICE_BIND
2026-08-10 14:28:29.834925[INFO] tamd_proc: [1123] trans id: 0x26
2026-08-10 14:28:29.834947[INFO] tamd_proc: [1123] payload len: 12
2026-08-10 14:28:29.834957[INFO] tamd_proc: [1123] Parsing TAMD_CMD_DEVICE_BIND Req
2026-08-10 14:28:29.834969[INFO] tamd_proc: [1123] Parsing TAMD_CMD_DEVICE_BIND Req status: TAM_SUCCESS
2026-08-10 14:28:29.853439[INFO] tamd_proc: [1123] Processing TAMD_CMD_DEVICE_BIND Req status: TAM_SUCCESS
2026-08-10 14:28:29.854618[INFO] tams_proc: [1118] cmd type: TAMD_CMD_DEVICE_BIND
2026-08-10 14:28:29.854703[INFO] tams_proc: [1118] trans id: 0x26
2026-08-10 14:28:29.854726[INFO] tams_proc: [1118] status: TAM_SUCCESS
2026-08-10 14:28:29.854735[INFO] tams_proc: [1118] payload len: 0
2026-08-10 14:28:29.854744[INFO] tams_proc: [1118] Parsing TAMD_CMD_DEVICE_BIND Rsp
2026-08-10 14:28:29.854755[INFO] tams_proc: [1118] Parsing TAMD_CMD_DEVICE_BIND Rsp status: TAM_SUCCESS
2026-08-10 14:28:29.854763[INFO] tams_proc: [1118] Processing TAMD_CMD_DEVICE_BIND Rsp
2026-08-10 14:28:29.854773[INFO] tams_proc: [1118] Device XRD_TAMDB binding of app Init: TAM_SUCCESS
2026-08-10 14:28:29.854786[INFO] tams_proc: [1118] Sending SRP message 4 (80 bytes)
2026-08-10 14:28:29.854852[INFO] tams_proc: [1118] SRP session key (32 bytes):
[INFO] tams_proc: [1118] 7A BD 8E A4 D9 E3 1A 63 F7 38 77 C9 F3 9F 22 73 84 D5 1F FC 2E DE C1 FE 0B 8C C6 80 DC 4D 0F 58 
2026-08-10 14:28:29.854891[INFO] tams_proc: [1118] Application Init authentication succeeded!
2026-08-10 14:28:29.854901[INFO] tams_proc: [1118] Binding of app Init to device XRD_TAMDB: TAM_SUCCESS
2026-08-10 14:28:29.854917[INFO] tams_proc: [1118] Processing TAMD_CMD_DEVICE_BIND Rsp status: TAM_SUCCESS
2026-08-10 14:28:29.857673[INFO] tams_proc: [1118] cmd type: TAMC_CMD_APP_LOGOUT
2026-08-10 14:28:29.857755[INFO] tams_proc: [1118] session id: 0x6
2026-08-10 14:28:29.857777[INFO] tams_proc: [1118] trans id: 0x3
2026-08-10 14:28:29.857786[INFO] tams_proc: [1118] payload len: 40
2026-08-10 14:28:29.857795[INFO] tams_proc: [1118] Parsing TAMC_CMD_APP_LOGOUT Req
2026-08-10 14:28:29.857807[INFO] tams_proc: [1118] Session key len: 32
[INFO] tams_proc: [1118] 7A BD 8E A4 D9 E3 1A 63 F7 38 77 C9 F3 9F 22 73 84 D5 1F FC 2E DE C1 FE 0B 8C C6 80 DC 4D 0F 58 
2026-08-10 14:28:29.857832[INFO] tams_proc: [1118] Parsing TAMC_CMD_APP_LOGOUT Req status: TAM_SUCCESS
2026-08-10 14:28:29.857842[INFO] tams_proc: [1118] verifying TAMC session...
2026-08-10 14:28:29.857851[INFO] tams_proc: [1118] verify success!
2026-08-10 14:28:29.857859[INFO] tams_proc: [1118] Processing TAMC_CMD_APP_LOGOUT Req for device XRD_TAMDB
2026-08-10 14:28:29.857870[INFO] tams_proc: [1118] Client Notify is not enabled.
2026-08-10 14:28:29.857882[INFO] tams_proc: [1118] Deleting session 6 status TAM_SUCCESS
2026-08-10 14:28:29.857891[INFO] tams_proc: [1118] Sending status response: TAM_SUCCESS (0x1)
2026-08-10 14:28:29.857950[INFO] tams_proc: [1118] Processing TAMC_CMD_APP_LOGOUT Req status: TAM_SUCCESS
2026-08-10 14:28:30.96479Z[INFO] tams_proc: [1118] cmd type: TAMC_CMD_APP_LOGIN
2026-08-10 14:28:30.96565Z[INFO] tams_proc: [1118] session id: 0x0
2026-08-10 14:28:30.96586Z[INFO] tams_proc: [1118] trans id: 0x4
2026-08-10 14:28:30.96595Z[INFO] tams_proc: [1118] payload len: 343
2026-08-10 14:28:30.96604Z[INFO] tams_proc: [1118] Parsing TAMC_CMD_APP_LOGIN Req
2026-08-10 14:28:30.96627Z[INFO] tams_proc: [1118] credential_type: 16
2026-08-10 14:28:30.96637Z[INFO] tams_proc: [1118] Parsing TAMC_CMD_APP_LOGIN Req status: TAM_SUCCESS
2026-08-10 14:28:30.96647Z[INFO] tams_proc: [1118] Processing TAMC_CMD_APP_LOGIN Req for device XRD_TAMDB
2026-08-10 14:28:30.96658Z[INFO] tams_proc: [1118] app Init number pending sessions = 1 max=5
2026-08-10 14:28:30.96667Z[INFO] tams_proc: [1118] Received SRP message 1
2026-08-10 14:28:30.105036[INFO] tams_proc: [1118] Processing TAMC_CMD_APP_LOGIN Req status: TAM_SUCCESS
2026-08-10 14:28:30.115174[INFO] tams_proc: [1118] cmd type: TAMC_CMD_APP_LOGIN
2026-08-10 14:28:30.115217[INFO] tams_proc: [1118] session id: 0x7
2026-08-10 14:28:30.115228[INFO] tams_proc: [1118] trans id: 0x5
2026-08-10 14:28:30.115237[INFO] tams_proc: [1118] payload len: 83
2026-08-10 14:28:30.115245[INFO] tams_proc: [1118] Parsing TAMC_CMD_APP_LOGIN Req
2026-08-10 14:28:30.115259[INFO] tams_proc: [1118] Parsing TAMC_CMD_APP_LOGIN Req status: TAM_SUCCESS
2026-08-10 14:28:30.115268[INFO] tams_proc: [1118] Processing TAMC_CMD_APP_LOGIN Req for device XRD_TAMDB
2026-08-10 14:28:30.115279[INFO] tams_proc: [1118] Session in process
2026-08-10 14:28:30.115286[INFO] tams_proc: [1118] Received SRP message 3
2026-08-10 14:28:30.115297[INFO] tams_proc: [1118] app Init number sessions = 2 max=50
2026-08-10 14:28:30.115397[INFO] tams_proc: [1118] dev: XRD_TAMDB cmd: TAMD_CMD_DEVICE_BIND new time: 24000 total time: 24000
2026-08-10 14:28:30.115419[INFO] tams_proc: [1118] Processing TAMC_CMD_APP_LOGIN Req status: TAM_SUCCESS_IN_PROCESS
2026-08-10 14:28:30.117264[INFO] tamd_proc: [1123] cmd type: TAMD_CMD_DEVICE_BIND
2026-08-10 14:28:30.117316[INFO] tamd_proc: [1123] trans id: 0x27
2026-08-10 14:28:30.117331[INFO] tamd_proc: [1123] payload len: 12
2026-08-10 14:28:30.117341[INFO] tamd_proc: [1123] Parsing TAMD_CMD_DEVICE_BIND Req
2026-08-10 14:28:30.117353[INFO] tamd_proc: [1123] Parsing TAMD_CMD_DEVICE_BIND Req status: TAM_SUCCESS
2026-08-10 14:28:30.135887[INFO] tamd_proc: [1123] Processing TAMD_CMD_DEVICE_BIND Req status: TAM_SUCCESS
2026-08-10 14:28:30.137017[INFO] tams_proc: [1118] cmd type: TAMD_CMD_DEVICE_BIND
2026-08-10 14:28:30.137160[INFO] tams_proc: [1118] trans id: 0x27
2026-08-10 14:28:30.137235[INFO] tams_proc: [1118] status: TAM_SUCCESS
2026-08-10 14:28:30.137252[INFO] tams_proc: [1118] payload len: 0
2026-08-10 14:28:30.137262[INFO] tams_proc: [1118] Parsing TAMD_CMD_DEVICE_BIND Rsp
2026-08-10 14:28:30.137306[INFO] tams_proc: [1118] Parsing TAMD_CMD_DEVICE_BIND Rsp status: TAM_SUCCESS
2026-08-10 14:28:30.137340[INFO] tams_proc: [1118] Processing TAMD_CMD_DEVICE_BIND Rsp
2026-08-10 14:28:30.137378[INFO] tams_proc: [1118] Device XRD_TAMDB binding of app Init: TAM_SUCCESS
2026-08-10 14:28:30.137396[INFO] tams_proc: [1118] Sending SRP message 4 (80 bytes)
2026-08-10 14:28:30.137448[INFO] tams_proc: [1118] SRP session key (32 bytes):
[INFO] tams_proc: [1118] BF 39 FB A4 1B 94 68 78 27 21 10 E1 9E A4 04 01 7B 11 7F 82 50 8B 4B 4B 31 FD F4 A9 F4 BB 51 FA 
2026-08-10 14:28:30.137485[INFO] tams_proc: [1118] Application Init authentication succeeded!
2026-08-10 14:28:30.137493[INFO] tams_proc: [1118] Binding of app Init to device XRD_TAMDB: TAM_SUCCESS
2026-08-10 14:28:30.137504[INFO] tams_proc: [1118] Processing TAMD_CMD_DEVICE_BIND Rsp status: TAM_SUCCESS
2026-08-10 14:28:30.142725[INFO] tams_proc: [1118] cmd type: TAMC_CMD_APP_LOGIN
2026-08-10 14:28:30.142772[INFO] tams_proc: [1118] session id: 0x0
2026-08-10 14:28:30.142783[INFO] tams_proc: [1118] trans id: 0x6
2026-08-10 14:28:30.142792[INFO] tams_proc: [1118] payload len: 343
2026-08-10 14:28:30.142800[INFO] tams_proc: [1118] Parsing TAMC_CMD_APP_LOGIN Req
2026-08-10 14:28:30.142822[INFO] tams_proc: [1118] credential_type: 2
2026-08-10 14:28:30.142832[INFO] tams_proc: [1118] Parsing TAMC_CMD_APP_LOGIN Req status: TAM_SUCCESS
2026-08-10 14:28:30.142841[INFO] tams_proc: [1118] Processing TAMC_CMD_APP_LOGIN Req for device XRD_TAMDB
2026-08-10 14:28:30.142852[INFO] tams_proc: [1118] app Init number pending sessions = 1 max=5
2026-08-10 14:28:30.142861[INFO] tams_proc: [1118] Received SRP message 1
2026-08-10 14:28:30.149620[INFO] tams_proc: [1118] Processing TAMC_CMD_APP_LOGIN Req status: TAM_SUCCESS
2026-08-10 14:28:30.161671[INFO] tams_proc: [1118] cmd type: TAMC_CMD_APP_LOGIN
2026-08-10 14:28:30.161802[INFO] tams_proc: [1118] session id: 0x8
2026-08-10 14:28:30.161884[INFO] tams_proc: [1118] trans id: 0x7
2026-08-10 14:28:30.161974[INFO] tams_proc: [1118] payload len: 83
2026-08-10 14:28:30.162049[INFO] tams_proc: [1118] Parsing TAMC_CMD_APP_LOGIN Req
2026-08-10 14:28:30.162123[INFO] tams_proc: [1118] Parsing TAMC_CMD_APP_LOGIN Req status: TAM_SUCCESS
2026-08-10 14:28:30.162191[INFO] tams_proc: [1118] Processing TAMC_CMD_APP_LOGIN Req for device XRD_TAMDB
2026-08-10 14:28:30.162257[INFO] tams_proc: [1118] Session in process
2026-08-10 14:28:30.162323[INFO] tams_proc: [1118] Received SRP message 3
2026-08-10 14:28:30.162391[INFO] tams_proc: [1118] app Init number sessions = 3 max=50
2026-08-10 14:28:30.162563[INFO] tams_proc: [1118] dev: XRD_TAMDB cmd: TAMD_CMD_DEVICE_BIND new time: 24000 total time: 24000
2026-08-10 14:28:30.162674[INFO] tams_proc: [1118] Processing TAMC_CMD_APP_LOGIN Req status: TAM_SUCCESS_IN_PROCESS
2026-08-10 14:28:30.163949[INFO] tamd_proc: [1123] cmd type: TAMD_CMD_DEVICE_BIND
2026-08-10 14:28:30.164000[INFO] tamd_proc: [1123] trans id: 0x28
2026-08-10 14:28:30.164014[INFO] tamd_proc: [1123] payload len: 12
2026-08-10 14:28:30.164023[INFO] tamd_proc: [1123] Parsing TAMD_CMD_DEVICE_BIND Req
2026-08-10 14:28:30.164035[INFO] tamd_proc: [1123] Parsing TAMD_CMD_DEVICE_BIND Req status: TAM_SUCCESS
2026-08-10 14:28:30.181961[INFO] tamd_proc: [1123] Processing TAMD_CMD_DEVICE_BIND Req status: TAM_SUCCESS
2026-08-10 14:28:30.183189[INFO] tams_proc: [1118] cmd type: TAMD_CMD_DEVICE_BIND
2026-08-10 14:28:30.183240[INFO] tams_proc: [1118] trans id: 0x28
2026-08-10 14:28:30.183254[INFO] tams_proc: [1118] status: TAM_SUCCESS
2026-08-10 14:28:30.183263[INFO] tams_proc: [1118] payload len: 0
2026-08-10 14:28:30.183271[INFO] tams_proc: [1118] Parsing TAMD_CMD_DEVICE_BIND Rsp
2026-08-10 14:28:30.183281[INFO] tams_proc: [1118] Parsing TAMD_CMD_DEVICE_BIND Rsp status: TAM_SUCCESS
2026-08-10 14:28:30.183290[INFO] tams_proc: [1118] Processing TAMD_CMD_DEVICE_BIND Rsp
2026-08-10 14:28:30.183301[INFO] tams_proc: [1118] Device XRD_TAMDB binding of app Init: TAM_SUCCESS
2026-08-10 14:28:30.183313[INFO] tams_proc: [1118] Sending SRP message 4 (80 bytes)
2026-08-10 14:28:30.183378[INFO] tams_proc: [1118] SRP session key (32 bytes):
[INFO] tams_proc: [1118] 6C 97 21 6B 4F D0 CA E6 FA 4F 16 18 2D 35 21 3F 92 9B 42 13 D5 06 2F 8F 62 F3 30 F2 1E 3C CD 35 
2026-08-10 14:28:30.183416[INFO] tams_proc: [1118] Application Init authentication succeeded!
2026-08-10 14:28:30.183424[INFO] tams_proc: [1118] Binding of app Init to device XRD_TAMDB: TAM_SUCCESS
2026-08-10 14:28:30.183435[INFO] tams_proc: [1118] Processing TAMD_CMD_DEVICE_BIND Rsp status: TAM_SUCCESS
2026-08-10 14:28:30.186306[INFO] tams_proc: [1118] cmd type: TAMC_CMD_SO_READ
2026-08-10 14:28:30.186383[INFO] tams_proc: [1118] session id: 0x8
2026-08-10 14:28:30.186404[INFO] tams_proc: [1118] trans id: 0x8
2026-08-10 14:28:30.186414[INFO] tams_proc: [1118] payload len: 68
2026-08-10 14:28:30.186422[INFO] tams_proc: [1118] Parsing TAMC_CMD_SO_READ Req
2026-08-10 14:28:30.186433[INFO] tams_proc: [1118] Session key len: 32
[INFO] tams_proc: [1118] 6C 97 21 6B 4F D0 CA E6 FA 4F 16 18 2D 35 21 3F 92 9B 42 13 D5 06 2F 8F 62 F3 30 F2 1E 3C CD 35 
2026-08-10 14:28:30.186458[INFO] tams_proc: [1118] Object owner len : 5
[INFO] tams_proc: [1118] 49 6E 69 74 00 
2026-08-10 14:28:30.186476[INFO] tams_proc: [1118] Object name len : 7
[INFO] tams_proc: [1118] 58 52 2D 50 44 43 00 
2026-08-10 14:28:30.186495[INFO] tams_proc: [1118] Parsing TAMC_CMD_SO_READ Req status: TAM_SUCCESS
2026-08-10 14:28:30.186503[INFO] tams_proc: [1118] verifying TAMC session...
2026-08-10 14:28:30.186513[INFO] tams_proc: [1118] verify success!
2026-08-10 14:28:30.186522[INFO] tams_proc: [1118] Processing TAMC_CMD_SO_READ Req for device XRD_TAMDB
2026-08-10 14:28:30.186623[INFO] tams_proc: [1118] dev: XRD_TAMDB cmd: TAMD_CMD_GET_SO_READ new time: 24000 total time: 24000
2026-08-10 14:28:30.186705[INFO] tams_proc: [1118] Processing TAMC_CMD_SO_READ Req status: TAM_SUCCESS
2026-08-10 14:28:30.188020[INFO] tamd_proc: [1123] cmd type: TAMD_CMD_GET_SO_READ
2026-08-10 14:28:30.188061[INFO] tamd_proc: [1123] trans id: 0x29
2026-08-10 14:28:30.188074[INFO] tamd_proc: [1123] payload len: 53
2026-08-10 14:28:30.188083[INFO] tamd_proc: [1123] Parsing TAMD_CMD_GET_SO_READ Req
2026-08-10 14:28:30.188095[INFO] tamd_proc: [1123] credential_type : 2
2026-08-10 14:28:30.188105[INFO] tamd_proc: [1123] Parsing TAMD_CMD_GET_SO_READ Req status: TAM_SUCCESS
2026-08-10 14:28:30.206186[INFO] tamd_proc: [1123] Sending so read result back to TAMS on tam_ipc_handle=0x619a0b63e9a0
2026-08-10 14:28:30.206318[INFO] tamd_proc: [1123] Processing TAMD_CMD_GET_SO_READ Req status: TAM_SUCCESS
2026-08-10 14:28:30.207485[INFO] tams_proc: [1118] cmd type: TAMD_CMD_GET_SO_READ
2026-08-10 14:28:30.207564[INFO] tams_proc: [1118] trans id: 0x29
2026-08-10 14:28:30.207586[INFO] tams_proc: [1118] status: TAM_ERROR_NO_OBJECT
2026-08-10 14:28:30.207596[INFO] tams_proc: [1118] payload len: 0
2026-08-10 14:28:30.207604[INFO] tams_proc: [1118] Parsing TAMD_CMD_GET_SO_READ Rsp
2026-08-10 14:28:30.207615[INFO] tams_proc: [1118] Parsing TAMD_CMD_GET_SO_READ Rsp status: TAM_SUCCESS
2026-08-10 14:28:30.207623[INFO] tams_proc: [1118] Processing TAMD_CMD_GET_SO_READ Rsp
2026-08-10 14:28:30.207655[INFO] tams_proc: [1118] Processing TAMD_CMD_GET_SO_READ Rsp status: TAM_SUCCESS
2026-08-10 14:28:30.210382[INFO] tams_proc: [1118] cmd type: TAMC_CMD_APP_LOGOUT
2026-08-10 14:28:30.210459[INFO] tams_proc: [1118] session id: 0x8
2026-08-10 14:28:30.210480[INFO] tams_proc: [1118] trans id: 0x9
2026-08-10 14:28:30.210489[INFO] tams_proc: [1118] payload len: 40
2026-08-10 14:28:30.210498[INFO] tams_proc: [1118] Parsing TAMC_CMD_APP_LOGOUT Req
2026-08-10 14:28:30.210508[INFO] tams_proc: [1118] Session key len: 32
[INFO] tams_proc: [1118] 6C 97 21 6B 4F D0 CA E6 FA 4F 16 18 2D 35 21 3F 92 9B 42 13 D5 06 2F 8F 62 F3 30 F2 1E 3C CD 35 
2026-08-10 14:28:30.210533[INFO] tams_proc: [1118] Parsing TAMC_CMD_APP_LOGOUT Req status: TAM_SUCCESS
2026-08-10 14:28:30.210542[INFO] tams_proc: [1118] verifying TAMC session...
2026-08-10 14:28:30.210551[INFO] tams_proc: [1118] verify success!
2026-08-10 14:28:30.210560[INFO] tams_proc: [1118] Processing TAMC_CMD_APP_LOGOUT Req for device XRD_TAMDB
2026-08-10 14:28:30.210571[INFO] tams_proc: [1118] Client Notify is not enabled.
2026-08-10 14:28:30.210581[INFO] tams_proc: [1118] Deleting session 8 status TAM_SUCCESS
2026-08-10 14:28:30.210590[INFO] tams_proc: [1118] Sending status response: TAM_SUCCESS (0x1)
2026-08-10 14:28:30.210696[INFO] tams_proc: [1118] Processing TAMC_CMD_APP_LOGOUT Req status: TAM_SUCCESS
2026-08-10 14:28:30.213338[INFO] tams_proc: [1118] cmd type: TAMC_CMD_APP_LOGOUT
2026-08-10 14:28:30.213418[INFO] tams_proc: [1118] session id: 0x7
2026-08-10 14:28:30.213439[INFO] tams_proc: [1118] trans id: 0xa
2026-08-10 14:28:30.213449[INFO] tams_proc: [1118] payload len: 40
2026-08-10 14:28:30.213457[INFO] tams_proc: [1118] Parsing TAMC_CMD_APP_LOGOUT Req
2026-08-10 14:28:30.213467[INFO] tams_proc: [1118] Session key len: 32
[INFO] tams_proc: [1118] BF 39 FB A4 1B 94 68 78 27 21 10 E1 9E A4 04 01 7B 11 7F 82 50 8B 4B 4B 31 FD F4 A9 F4 BB 51 FA 
2026-08-10 14:28:30.213492[INFO] tams_proc: [1118] Parsing TAMC_CMD_APP_LOGOUT Req status: TAM_SUCCESS
2026-08-10 14:28:30.213501[INFO] tams_proc: [1118] verifying TAMC session...
2026-08-10 14:28:30.213510[INFO] tams_proc: [1118] verify success!
2026-08-10 14:28:30.213518[INFO] tams_proc: [1118] Processing TAMC_CMD_APP_LOGOUT Req for device XRD_TAMDB
2026-08-10 14:28:30.213528[INFO] tams_proc: [1118] Client Notify is not enabled.
2026-08-10 14:28:30.213540[INFO] tams_proc: [1118] Deleting session 7 status TAM_SUCCESS
2026-08-10 14:28:30.213549[INFO] tams_proc: [1118] Sending status response: TAM_SUCCESS (0x1)
2026-08-10 14:28:30.213607[INFO] tams_proc: [1118] Processing TAMC_CMD_APP_LOGOUT Req status: TAM_SUCCESS
2026-08-10 14:28:33.336991[INFO] tams_proc: [1118] cmd type: TAMC_CMD_APP_LOGIN
2026-08-10 14:28:33.337077[INFO] tams_proc: [1118] session id: 0x0
2026-08-10 14:28:33.337098[INFO] tams_proc: [1118] trans id: 0x1
2026-08-10 14:28:33.337107[INFO] tams_proc: [1118] payload len: 347
2026-08-10 14:28:33.337116[INFO] tams_proc: [1118] Parsing TAMC_CMD_APP_LOGIN Req
2026-08-10 14:28:33.337141[INFO] tams_proc: [1118] credential_type: 2
2026-08-10 14:28:33.337151[INFO] tams_proc: [1118] Parsing TAMC_CMD_APP_LOGIN Req status: TAM_SUCCESS
2026-08-10 14:28:33.337159[INFO] tams_proc: [1118] Processing TAMC_CMD_APP_LOGIN Req for device XRD_TAMDB
2026-08-10 14:28:33.337172[INFO] tams_proc: [1118] app kev_app1 number pending sessions = 1 max=5
2026-08-10 14:28:33.337181[INFO] tams_proc: [1118] Received SRP message 1
2026-08-10 14:28:33.343820[INFO] tams_proc: [1118] Processing TAMC_CMD_APP_LOGIN Req status: TAM_SUCCESS
2026-08-10 14:28:33.354129[INFO] tams_proc: [1118] cmd type: TAMC_CMD_APP_LOGIN
2026-08-10 14:28:33.354201[INFO] tams_proc: [1118] session id: 0x9
2026-08-10 14:28:33.354221[INFO] tams_proc: [1118] trans id: 0x2
2026-08-10 14:28:33.354229[INFO] tams_proc: [1118] payload len: 87
2026-08-10 14:28:33.354238[INFO] tams_proc: [1118] Parsing TAMC_CMD_APP_LOGIN Req
2026-08-10 14:28:33.354251[INFO] tams_proc: [1118] Parsing TAMC_CMD_APP_LOGIN Req status: TAM_SUCCESS
2026-08-10 14:28:33.354260[INFO] tams_proc: [1118] Processing TAMC_CMD_APP_LOGIN Req for device XRD_TAMDB
2026-08-10 14:28:33.354270[INFO] tams_proc: [1118] Session in process
2026-08-10 14:28:33.354278[INFO] tams_proc: [1118] Received SRP message 3
2026-08-10 14:28:33.354288[INFO] tams_proc: [1118] app kev_app1 number sessions = 1 max=50
2026-08-10 14:28:33.354383[INFO] tams_proc: [1118] dev: XRD_TAMDB cmd: TAMD_CMD_DEVICE_BIND new time: 24000 total time: 24000
2026-08-10 14:28:33.354444[INFO] tams_proc: [1118] Processing TAMC_CMD_APP_LOGIN Req status: TAM_SUCCESS_IN_PROCESS
2026-08-10 14:28:33.355728[INFO] tamd_proc: [1123] cmd type: TAMD_CMD_DEVICE_BIND
2026-08-10 14:28:33.355804[INFO] tamd_proc: [1123] trans id: 0x2b
2026-08-10 14:28:33.355825[INFO] tamd_proc: [1123] payload len: 16
2026-08-10 14:28:33.355835[INFO] tamd_proc: [1123] Parsing TAMD_CMD_DEVICE_BIND Req
2026-08-10 14:28:33.355847[INFO] tamd_proc: [1123] Parsing TAMD_CMD_DEVICE_BIND Req status: TAM_SUCCESS
2026-08-10 14:28:33.374623[INFO] tamd_proc: [1123] Processing TAMD_CMD_DEVICE_BIND Req status: TAM_SUCCESS
2026-08-10 14:28:33.375809[INFO] tams_proc: [1118] cmd type: TAMD_CMD_DEVICE_BIND
2026-08-10 14:28:33.375888[INFO] tams_proc: [1118] trans id: 0x2b
2026-08-10 14:28:33.375911[INFO] tams_proc: [1118] status: TAM_SUCCESS
2026-08-10 14:28:33.375920[INFO] tams_proc: [1118] payload len: 0
2026-08-10 14:28:33.375929[INFO] tams_proc: [1118] Parsing TAMD_CMD_DEVICE_BIND Rsp
2026-08-10 14:28:33.375940[INFO] tams_proc: [1118] Parsing TAMD_CMD_DEVICE_BIND Rsp status: TAM_SUCCESS
2026-08-10 14:28:33.375948[INFO] tams_proc: [1118] Processing TAMD_CMD_DEVICE_BIND Rsp
2026-08-10 14:28:33.375958[INFO] tams_proc: [1118] Device XRD_TAMDB binding of app kev_app1: TAM_SUCCESS
2026-08-10 14:28:33.375969[INFO] tams_proc: [1118] Sending SRP message 4 (80 bytes)
2026-08-10 14:28:33.376026[INFO] tams_proc: [1118] SRP session key (32 bytes):
[INFO] tams_proc: [1118] 10 B1 E6 79 40 67 95 FD DD 17 D6 52 E7 B5 2B E4 87 9C 76 82 13 54 F9 C4 09 3D 67 33 CD F0 CE F8 
2026-08-10 14:28:33.376113[INFO] tams_proc: [1118] Application kev_app1 authentication succeeded!
2026-08-10 14:28:33.376122[INFO] tams_proc: [1118] Binding of app kev_app1 to device XRD_TAMDB: TAM_SUCCESS
2026-08-10 14:28:33.376133[INFO] tams_proc: [1118] Processing TAMD_CMD_DEVICE_BIND Rsp status: TAM_SUCCESS
2026-08-10 14:28:33.380774[INFO] tams_proc: [1118] cmd type: TAMC_CMD_APP_LOGIN
2026-08-10 14:28:33.380850[INFO] tams_proc: [1118] session id: 0x0
2026-08-10 14:28:33.380871[INFO] tams_proc: [1118] trans id: 0x3
2026-08-10 14:28:33.380881[INFO] tams_proc: [1118] payload len: 343
2026-08-10 14:28:33.380890[INFO] tams_proc: [1118] Parsing TAMC_CMD_APP_LOGIN Req
2026-08-10 14:28:33.380912[INFO] tams_proc: [1118] credential_type: 2
2026-08-10 14:28:33.380921[INFO] tams_proc: [1118] Parsing TAMC_CMD_APP_LOGIN Req status: TAM_SUCCESS
2026-08-10 14:28:33.380930[INFO] tams_proc: [1118] Processing TAMC_CMD_APP_LOGIN Req for device XRD_TAMDB
2026-08-10 14:28:33.380941[INFO] tams_proc: [1118] app Init number pending sessions = 1 max=5
2026-08-10 14:28:33.380949[INFO] tams_proc: [1118] Received SRP message 1
2026-08-10 14:28:33.387614[INFO] tams_proc: [1118] Processing TAMC_CMD_APP_LOGIN Req status: TAM_SUCCESS
2026-08-10 14:28:33.402813[INFO] tams_proc: [1118] cmd type: TAMC_CMD_APP_LOGIN
2026-08-10 14:28:33.402884[INFO] tams_proc: [1118] session id: 0xa
2026-08-10 14:28:33.402905[INFO] tams_proc: [1118] trans id: 0x4
2026-08-10 14:28:33.402914[INFO] tams_proc: [1118] payload len: 83
2026-08-10 14:28:33.402922[INFO] tams_proc: [1118] Parsing TAMC_CMD_APP_LOGIN Req
2026-08-10 14:28:33.402936[INFO] tams_proc: [1118] Parsing TAMC_CMD_APP_LOGIN Req status: TAM_SUCCESS
2026-08-10 14:28:33.402945[INFO] tams_proc: [1118] Processing TAMC_CMD_APP_LOGIN Req for device XRD_TAMDB
2026-08-10 14:28:33.402955[INFO] tams_proc: [1118] Session in process
2026-08-10 14:28:33.402964[INFO] tams_proc: [1118] Received SRP message 3
2026-08-10 14:28:33.402974[INFO] tams_proc: [1118] app Init number sessions = 2 max=50
2026-08-10 14:28:33.403077[INFO] tams_proc: [1118] dev: XRD_TAMDB cmd: TAMD_CMD_DEVICE_BIND new time: 24000 total time: 24000
2026-08-10 14:28:33.403137[INFO] tams_proc: [1118] Processing TAMC_CMD_APP_LOGIN Req status: TAM_SUCCESS_IN_PROCESS
2026-08-10 14:28:33.404394[INFO] tamd_proc: [1123] cmd type: TAMD_CMD_DEVICE_BIND
2026-08-10 14:28:33.404482[INFO] tamd_proc: [1123] trans id: 0x2c
2026-08-10 14:28:33.404540[INFO] tamd_proc: [1123] payload len: 12
2026-08-10 14:28:33.404554[INFO] tamd_proc: [1123] Parsing TAMD_CMD_DEVICE_BIND Req
2026-08-10 14:28:33.404566[INFO] tamd_proc: [1123] Parsing TAMD_CMD_DEVICE_BIND Req status: TAM_SUCCESS
2026-08-10 14:28:33.422900[INFO] tamd_proc: [1123] Processing TAMD_CMD_DEVICE_BIND Req status: TAM_SUCCESS
2026-08-10 14:28:33.424069[INFO] tams_proc: [1118] cmd type: TAMD_CMD_DEVICE_BIND
2026-08-10 14:28:33.424147[INFO] tams_proc: [1118] trans id: 0x2c
2026-08-10 14:28:33.424170[INFO] tams_proc: [1118] status: TAM_SUCCESS
2026-08-10 14:28:33.424179[INFO] tams_proc: [1118] payload len: 0
2026-08-10 14:28:33.424187[INFO] tams_proc: [1118] Parsing TAMD_CMD_DEVICE_BIND Rsp
2026-08-10 14:28:33.424197[INFO] tams_proc: [1118] Parsing TAMD_CMD_DEVICE_BIND Rsp status: TAM_SUCCESS
2026-08-10 14:28:33.424206[INFO] tams_proc: [1118] Processing TAMD_CMD_DEVICE_BIND Rsp
2026-08-10 14:28:33.424216[INFO] tams_proc: [1118] Device XRD_TAMDB binding of app Init: TAM_SUCCESS
2026-08-10 14:28:33.424227[INFO] tams_proc: [1118] Sending SRP message 4 (80 bytes)
2026-08-10 14:28:33.424286[INFO] tams_proc: [1118] SRP session key (32 bytes):
[INFO] tams_proc: [1118] C5 24 B7 D8 44 5C 2A 5D 89 25 D4 18 7B B8 F1 F6 27 EE 82 98 0E 22 D6 80 EE 2C 3E 9A 9D E3 81 92 
2026-08-10 14:28:33.424375[INFO] tams_proc: [1118] Application Init authentication succeeded!
2026-08-10 14:28:33.424385[INFO] tams_proc: [1118] Binding of app Init to device XRD_TAMDB: TAM_SUCCESS
2026-08-10 14:28:33.424396[INFO] tams_proc: [1118] Processing TAMD_CMD_DEVICE_BIND Rsp status: TAM_SUCCESS
2026-08-10 14:28:33.558591[INFO] tams_proc: [1118] cmd type: TAMC_CMD_SO_LIST
2026-08-10 14:28:33.558677[INFO] tams_proc: [1118] session id: 0xa
2026-08-10 14:28:33.558705[INFO] tams_proc: [1118] trans id: 0x5
2026-08-10 14:28:33.558714[INFO] tams_proc: [1118] payload len: 40
2026-08-10 14:28:33.558723[INFO] tams_proc: [1118] Parsing TAMC_CMD_SO_LIST Req
2026-08-10 14:28:33.558733[INFO] tams_proc: [1118] Session key len: 32
[INFO] tams_proc: [1118] C5 24 B7 D8 44 5C 2A 5D 89 25 D4 18 7B B8 F1 F6 27 EE 82 98 0E 22 D6 80 EE 2C 3E 9A 9D E3 81 92 
2026-08-10 14:28:33.558759[INFO] tams_proc: [1118] Parsing TAMC_CMD_SO_LIST Req status: TAM_SUCCESS
2026-08-10 14:28:33.558769[INFO] tams_proc: [1118] verifying TAMC session...
2026-08-10 14:28:33.558778[INFO] tams_proc: [1118] verify success!
2026-08-10 14:28:33.558786[INFO] tams_proc: [1118] Processing TAMC_CMD_SO_LIST Req for device XRD_TAMDB
2026-08-10 14:28:33.558892[INFO] tams_proc: [1118] dev: XRD_TAMDB cmd: TAMD_CMD_GET_SO_GET_LIST new time: 24000 total time: 24000
2026-08-10 14:28:33.558999[INFO] tams_proc: [1118] Processing TAMC_CMD_SO_LIST Req status: TAM_SUCCESS
2026-08-10 14:28:33.560234[INFO] tamd_proc: [1123] cmd type: TAMD_CMD_GET_SO_GET_LIST
2026-08-10 14:28:33.560310[INFO] tamd_proc: [1123] trans id: 0x2d
2026-08-10 14:28:33.560332[INFO] tamd_proc: [1123] payload len: 25
2026-08-10 14:28:33.560342[INFO] tamd_proc: [1123] Parsing TAMD_CMD_GET_SO_GET_LIST Req
2026-08-10 14:28:33.560364[INFO] tamd_proc: [1123] credential_type : 2
2026-08-10 14:28:33.560375[INFO] tamd_proc: [1123] Parsing TAMD_CMD_GET_SO_GET_LIST Req status: TAM_SUCCESS
2026-08-10 14:28:33.578996[INFO] tamd_proc: [1123] Sending so list result back to TAMS on tam_ipc_handle=0x619a0b63e9a0
2026-08-10 14:28:33.579131[INFO] tamd_proc: [1123] Processing TAMD_CMD_GET_SO_GET_LIST Req status: TAM_SUCCESS
2026-08-10 14:28:33.580304[INFO] tams_proc: [1118] cmd type: TAMD_CMD_GET_SO_GET_LIST
2026-08-10 14:28:33.580378[INFO] tams_proc: [1118] trans id: 0x2d
2026-08-10 14:28:33.580400[INFO] tams_proc: [1118] status: TAM_SUCCESS
2026-08-10 14:28:33.580477[INFO] tams_proc: [1118] payload len: 10
2026-08-10 14:28:33.580499[INFO] tams_proc: [1118] Parsing TAMD_CMD_GET_SO_GET_LIST Rsp
2026-08-10 14:28:33.580511[INFO] tams_proc: [1118] List size 2
2026-08-10 14:28:33.580564[INFO] tams_proc: [1118] Parsing TAMD_CMD_GET_SO_GET_LIST Rsp status: TAM_SUCCESS
2026-08-10 14:28:33.580584[INFO] tams_proc: [1118] Processing TAMD_CMD_GET_SO_GET_LIST Rsp
2026-08-10 14:28:33.580652[INFO] tams_proc: [1118] Processing TAMD_CMD_GET_SO_GET_LIST Rsp status: TAM_SUCCESS
