2026-08-10 14:28:15.222746[INFO] tamsvcs_tamm: [1022] TAM NS process started
2026-08-10 14:28:15.223592[ERR] tamsvcs_tamm: [1022] 
*
*
* Starting tamsvcs_tamm process...
*
*
*
2026-08-10 14:28:15.223636[INFO] tamsvcs_tamm: [1022] TAM sync is NOT enabled for this platform
2026-08-10 14:28:15.223648[INFO] tamsvcs_tamm: [1022] TAM entropy is NOT enabled for this platform
2026-08-10 14:28:15.234854[INFO] tamsvcs_tamm: [1022] Ignoring req to shut process ownershipd which is already down.
2026-08-10 14:28:15.245205[INFO] tamsvcs_tamm: [1022] Ignoring req to shut process tams_proc which is already down.
2026-08-10 14:28:15.255903[INFO] tamsvcs_tamm: [1022] Ignoring req to shut process tamd_proc which is already down.
2026-08-10 14:28:15.257060[INFO] tamsvcs_tamm: [1087] tams_proc started on 192.0.0.4
2026-08-10 14:28:15.257204[INFO] tamsvcs_tamm: [1022] tams_proc started 1087
2026-08-10 14:28:15.257239[INFO] tamsvcs_tamm: [1022] Creating TAM:XRD_TAMDB of type:2
2026-08-10 14:28:15.257276[INFO] tamsvcs_tamm: [1022] Registering device :XRD_TAMDB Type:2 
2026-08-10 14:28:15.406969[INFO] tams_proc: [1087] Opened TAMS Client local listener on fd=32
2026-08-10 14:28:15.407066[INFO] tams_proc: [1087] Opened TAMS Client TCP listener on 192.0.0.4:7000 fd=34
2026-08-10 14:28:15.407117[INFO] tams_proc: [1087] Opened TAMS Mgmt local listener on fd=35
2026-08-10 14:28:15.407147[INFO] tams_proc: [1087] Opened TAMS Mgmt TCP listener on 192.0.0.4:7001 fd=37
2026-08-10 14:28:15.407159[INFO] tams_proc: [1087] tams_proc Version:ciscotamservices 9.6.0
2026-08-10 14:28:15.407167[INFO] tams_proc: [1087] tams_proc() Listening on TAMC, TAMM, TAMD sockets...
2026-08-10 14:28:15.435202[INFO] tams_proc: [1087] cmd type: TAMM_CMD_REGISTER_DEVICE
2026-08-10 14:28:15.435232[INFO] tams_proc: [1087] trans id: 0x1
2026-08-10 14:28:15.435242[INFO] tams_proc: [1087] payload len: 42
2026-08-10 14:28:15.435251[INFO] tams_proc: [1087] Parsing TAMM_CMD_REGISTER_DEVICE Req
2026-08-10 14:28:15.435267[INFO] tams_proc: [1087] device_type: 2
2026-08-10 14:28:15.435277[INFO] tams_proc: [1087] opaque_tam_handle: 0
2026-08-10 14:28:15.435289[INFO] tams_proc: [1087] Parsing TAMM_CMD_REGISTER_DEVICE Req status: TAM_SUCCESS
2026-08-10 14:28:15.435298[INFO] tams_proc: [1087] Processing TAMM_CMD_REGISTER_DEVICE Req
2026-08-10 14:28:15.438469[INFO] tams_proc: [1087] tamd_proc_pid = 1094
2026-08-10 14:28:15.438498[INFO] tams_proc: [1087] INTERNAL CORONA TAG DO NOT COPY: CSCO_CSM_ciscotamservices_9.6.0
2026-08-10 14:28:15.581454[INFO] tamd_proc: [1094] tamd_proc started for TAM device 'XRD_TAMDB'
2026-08-10 14:28:15.581553[INFO] tamd_proc: [1094] FIPS mode is 0
2026-08-10 14:28:15.581633[INFO] tamd_proc: [1094] Opened TAMS Client local listener on fd=49
2026-08-10 14:28:15.581776[INFO] tamd_proc: [1094] swtam_create_swtam_device - device name - XRD_TAMDB
2026-08-10 14:28:15.581808[WARN] tamd_proc: [1094] Failed to open file for read /misc/config/SWTAmRoot/7/XRD_TAMDB-fips-off/.tamMstrLog: Error:No such file or directory
2026-08-10 14:28:15.715259[INFO] tamd_proc: [1094] Calculate SW kdf hash
2026-08-10 14:28:15.874962[INFO] tamd_proc: [1094] Creating new app storage:
/misc/config/SWTAmRoot/7/XRD_TAMDB-fips-off/6b8c51f9daead575a1c3c2ff4bf65157f501b6a7f12630f8ce4b4a42
2026-08-10 14:28:15.875636[INFO] tamd_proc: [1094] Caching KDF.
2026-08-10 14:28:15.875658[INFO] tamd_proc: [1094] tamd_proc: Listening for TAMS requests...
2026-08-10 14:28:15.878004[INFO] tamd_proc: [1094] 'XRD_TAMDB' device Init...
2026-08-10 14:28:15.879335[INFO] tams_proc: [1087] Final response received after 265ms. rc=0x1
2026-08-10 14:28:15.879389[INFO] tams_proc: [1087] Authenticating...
2026-08-10 14:28:15.879494[INFO] tams_proc: [1087] dev: XRD_TAMDB cmd: TAMD_CMD_AUTHENTICATE_DEVICE new time: 24000 total time: 24000
2026-08-10 14:28:15.879520[INFO] tams_proc: [1087] Device registration: 0x0 TAM_SUCCESS_IN_PROCESS
2026-08-10 14:28:15.879585[INFO] tams_proc: [1087] Processing TAMM_CMD_REGISTER_DEVICE Req status: TAM_SUCCESS
2026-08-10 14:28:15.880815[INFO] tamsvcs_tamm: [1022] cmd type: TAMM_CMD_REGISTER_DEVICE
2026-08-10 14:28:15.880851[INFO] tamsvcs_tamm: [1022] trans id: 0x1
2026-08-10 14:28:15.880865[INFO] tamsvcs_tamm: [1022] status: TAM_SUCCESS_IN_PROCESS
2026-08-10 14:28:15.880874[INFO] tamsvcs_tamm: [1022] payload len: 0
2026-08-10 14:28:15.880883[INFO] tamsvcs_tamm: [1022] Parsing TAMM_CMD_REGISTER_DEVICE Rsp
2026-08-10 14:28:15.880895[INFO] tamsvcs_tamm: [1022] Parsing TAMM_CMD_REGISTER_DEVICE Rsp status: TAM_SUCCESS
2026-08-10 14:28:15.880905[INFO] tamsvcs_tamm: [1022] Rx ACK in 448ms. Waiting 180000ms for final response...
2026-08-10 14:28:15.880900[INFO] tamd_proc: [1094] cmd type: TAMD_CMD_AUTHENTICATE_DEVICE
2026-08-10 14:28:15.880929[INFO] tamd_proc: [1094] trans id: 0x2
2026-08-10 14:28:15.880982[INFO] tamd_proc: [1094] payload len: 12
2026-08-10 14:28:15.880996[INFO] tamd_proc: [1094] Parsing TAMD_CMD_AUTHENTICATE_DEVICE Req
2026-08-10 14:28:15.881011[INFO] tamd_proc: [1094] Parsing TAMD_CMD_AUTHENTICATE_DEVICE Req status: TAM_SUCCESS
2026-08-10 14:28:15.915056[INFO] tamd_proc: [1094] Processing TAMD_CMD_AUTHENTICATE_DEVICE Req status: TAM_SUCCESS
2026-08-10 14:28:15.916263[INFO] tams_proc: [1087] cmd type: TAMD_CMD_AUTHENTICATE_DEVICE
2026-08-10 14:28:15.916297[INFO] tams_proc: [1087] trans id: 0x2
2026-08-10 14:28:15.916308[INFO] tams_proc: [1087] status: TAM_SUCCESS
2026-08-10 14:28:15.916317[INFO] tams_proc: [1087] payload len: 12
2026-08-10 14:28:15.916325[INFO] tams_proc: [1087] Parsing TAMD_CMD_AUTHENTICATE_DEVICE Rsp
2026-08-10 14:28:15.916336[INFO] tams_proc: [1087] num_apps: 0
2026-08-10 14:28:15.916346[INFO] tams_proc: [1087] Parsing TAMD_CMD_AUTHENTICATE_DEVICE Rsp status: TAM_SUCCESS
2026-08-10 14:28:15.916355[INFO] tams_proc: [1087] Processing TAMD_CMD_AUTHENTICATE_DEVICE Rsp
2026-08-10 14:28:15.916365[INFO] tams_proc: [1087] Marking device 'XRD_TAMDB' as authenticated
2026-08-10 14:28:15.916491[INFO] tams_proc: [1087] Processing TAMD_CMD_AUTHENTICATE_DEVICE Rsp status: TAM_SUCCESS
2026-08-10 14:28:15.917652[INFO] tamsvcs_tamm: [1022] cmd type: TAMM_CMD_REGISTER_DEVICE
2026-08-10 14:28:15.917689[INFO] tamsvcs_tamm: [1022] trans id: 0x1
2026-08-10 14:28:15.917700[INFO] tamsvcs_tamm: [1022] status: TAM_SUCCESS
2026-08-10 14:28:15.917708[INFO] tamsvcs_tamm: [1022] payload len: 0
2026-08-10 14:28:15.917716[INFO] tamsvcs_tamm: [1022] Parsing TAMM_CMD_REGISTER_DEVICE Rsp
2026-08-10 14:28:15.917726[INFO] tamsvcs_tamm: [1022] Parsing TAMM_CMD_REGISTER_DEVICE Rsp status: TAM_SUCCESS
2026-08-10 14:28:15.917735[INFO] tamsvcs_tamm: [1022] Final response received. rc=0x1
2026-08-10 14:28:15.917815[INFO] tamsvcs_tamm: [1022] cmd type: TAMM_CMD_REGISTER_DEVICE
2026-08-10 14:28:15.917837[INFO] tamsvcs_tamm: [1022] trans id: 0x1
2026-08-10 14:28:15.917846[INFO] tamsvcs_tamm: [1022] status: TAM_SUCCESS
2026-08-10 14:28:15.917855[INFO] tamsvcs_tamm: [1022] payload len: 0
2026-08-10 14:28:15.917862[INFO] tamsvcs_tamm: [1022] Parsing TAMM_CMD_REGISTER_DEVICE Rsp
2026-08-10 14:28:15.917871[INFO] tamsvcs_tamm: [1022] Parsing TAMM_CMD_REGISTER_DEVICE Rsp status: TAM_SUCCESS
2026-08-10 14:28:15.917880[INFO] tamsvcs_tamm: [1022] Register device response TAM_SUCCESS
2026-08-10 14:28:15.918029[INFO] tamsvcs_tamm: [1022] Successfully registered device XRD_TAMDB Type: 2
2026-08-10 14:28:15.919450[INFO] tams_proc: [1087] cmd type: TAMM_CMD_REGISTER_APP
2026-08-10 14:28:15.919478[INFO] tams_proc: [1087] trans id: 0x2
2026-08-10 14:28:15.919488[INFO] tams_proc: [1087] payload len: 97
2026-08-10 14:28:15.919497[INFO] tams_proc: [1087] Parsing TAMM_CMD_REGISTER_APP Req
2026-08-10 14:28:15.919507[INFO] tams_proc: [1087] credential_type: 18
2026-08-10 14:28:15.919516[INFO] tams_proc: [1087] appid: Init
2026-08-10 14:28:15.919525[INFO] tams_proc: [1087] pw: ***
2026-08-10 14:28:15.919534[INFO] tams_proc: [1087] persistent_pw: 0
2026-08-10 14:28:15.919543[INFO] tams_proc: [1087] device_name: XRD_TAMDB
2026-08-10 14:28:15.919551[INFO] tams_proc: [1087] default_device: 1
2026-08-10 14:28:15.919560[INFO] tams_proc: [1087] max_sessions: 50
2026-08-10 14:28:15.919570[INFO] tams_proc: [1087] Parsing TAMM_CMD_REGISTER_APP Req status: TAM_SUCCESS
2026-08-10 14:28:15.919579[INFO] tams_proc: [1087] Processing TAMM_CMD_REGISTER_APP Req
2026-08-10 14:28:15.921628[INFO] tams_proc: [1087] dev: XRD_TAMDB cmd: TAMD_CMD_REGISTER_APP new time: 24000 total time: 24000
2026-08-10 14:28:15.921696[INFO] tams_proc: [1087] App 'Init' registration in process
2026-08-10 14:28:15.921719[INFO] tams_proc: [1087] Processing TAMM_CMD_REGISTER_APP Req status: TAM_SUCCESS_IN_PROCESS
2026-08-10 14:28:15.922870[INFO] tamsvcs_tamm: [1022] cmd type: TAMM_CMD_REGISTER_APP
2026-08-10 14:28:15.922902[INFO] tamsvcs_tamm: [1022] trans id: 0x2
2026-08-10 14:28:15.922912[INFO] tamsvcs_tamm: [1022] status: TAM_SUCCESS_IN_PROCESS
2026-08-10 14:28:15.922920[INFO] tamsvcs_tamm: [1022] payload len: 0
2026-08-10 14:28:15.922928[INFO] tamsvcs_tamm: [1022] Parsing TAMM_CMD_REGISTER_APP Rsp
2026-08-10 14:28:15.922938[INFO] tamsvcs_tamm: [1022] Parsing TAMM_CMD_REGISTER_APP Rsp status: TAM_SUCCESS
2026-08-10 14:28:15.922946[INFO] tamsvcs_tamm: [1022] Rx ACK in 5ms. Waiting 180000ms for final response...
2026-08-10 14:28:15.922952[INFO] tamd_proc: [1094] cmd type: TAMD_CMD_REGISTER_APP
2026-08-10 14:28:15.922982[INFO] tamd_proc: [1094] trans id: 0x4
2026-08-10 14:28:15.922992[INFO] tamd_proc: [1094] payload len: 67
2026-08-10 14:28:15.923000[INFO] tamd_proc: [1094] Parsing TAMD_CMD_REGISTER_APP Req
2026-08-10 14:28:15.923022[INFO] tamd_proc: [1094] Parsing TAMD_CMD_REGISTER_APP Req status: TAM_SUCCESS
2026-08-10 14:28:15.959208[INFO] tamd_proc: [1094] Creating new app storage:
/misc/config/SWTAmRoot/7/XRD_TAMDB-fips-off/54acb8778221dc34de542615f51f87eb9817796379fa60fb34fe2828
2026-08-10 14:28:15.959898[INFO] tamd_proc: [1094] Processing TAMD_CMD_REGISTER_APP Req status: TAM_SUCCESS
2026-08-10 14:28:15.961073[INFO] tams_proc: [1087] cmd type: TAMD_CMD_REGISTER_APP
2026-08-10 14:28:15.961108[INFO] tams_proc: [1087] trans id: 0x4
2026-08-10 14:28:15.961119[INFO] tams_proc: [1087] status: TAM_SUCCESS
2026-08-10 14:28:15.961128[INFO] tams_proc: [1087] payload len: 0
2026-08-10 14:28:15.961137[INFO] tams_proc: [1087] Parsing TAMD_CMD_REGISTER_APP Rsp
2026-08-10 14:28:15.961148[INFO] tams_proc: [1087] Parsing TAMD_CMD_REGISTER_APP Rsp status: TAM_SUCCESS
2026-08-10 14:28:15.961157[INFO] tams_proc: [1087] Processing TAMD_CMD_REGISTER_APP Rsp
2026-08-10 14:28:15.961234[INFO] tams_proc: [1087] Processing TAMD_CMD_REGISTER_APP Rsp status: TAM_SUCCESS
2026-08-10 14:28:15.962438[INFO] tamsvcs_tamm: [1022] cmd type: TAMM_CMD_REGISTER_APP
2026-08-10 14:28:15.962472[INFO] tamsvcs_tamm: [1022] trans id: 0x2
2026-08-10 14:28:15.962483[INFO] tamsvcs_tamm: [1022] status: TAM_SUCCESS
2026-08-10 14:28:15.962492[INFO] tamsvcs_tamm: [1022] payload len: 0
2026-08-10 14:28:15.962500[INFO] tamsvcs_tamm: [1022] Parsing TAMM_CMD_REGISTER_APP Rsp
2026-08-10 14:28:15.962510[INFO] tamsvcs_tamm: [1022] Parsing TAMM_CMD_REGISTER_APP Rsp status: TAM_SUCCESS
2026-08-10 14:28:15.962518[INFO] tamsvcs_tamm: [1022] Final response received. rc=0x1
2026-08-10 14:28:15.962583[INFO] tamsvcs_tamm: [1022] cmd type: TAMM_CMD_REGISTER_APP
2026-08-10 14:28:15.962604[INFO] tamsvcs_tamm: [1022] trans id: 0x2
2026-08-10 14:28:15.962613[INFO] tamsvcs_tamm: [1022] status: TAM_SUCCESS
2026-08-10 14:28:15.962621[INFO] tamsvcs_tamm: [1022] payload len: 0
2026-08-10 14:28:15.962628[INFO] tamsvcs_tamm: [1022] Parsing TAMM_CMD_REGISTER_APP Rsp
2026-08-10 14:28:15.962637[INFO] tamsvcs_tamm: [1022] Parsing TAMM_CMD_REGISTER_APP Rsp status: TAM_SUCCESS
2026-08-10 14:28:15.964045[INFO] tams_proc: [1087] cmd type: TAMM_CMD_APP_SET_ATTR
2026-08-10 14:28:15.964075[INFO] tams_proc: [1087] trans id: 0x3
2026-08-10 14:28:15.964086[INFO] tams_proc: [1087] payload len: 67
2026-08-10 14:28:15.964095[INFO] tams_proc: [1087] Parsing TAMM_CMD_APP_SET_ATTR Req
2026-08-10 14:28:15.964106[INFO] tams_proc: [1087] appid: Init
2026-08-10 14:28:15.964116[INFO] tams_proc: [1087] device_name: XRD_TAMDB
2026-08-10 14:28:15.964125[INFO] tams_proc: [1087] perm1: 65535
2026-08-10 14:28:15.964133[INFO] tams_proc: [1087] perm2: 0
2026-08-10 14:28:15.964141[INFO] tams_proc: [1087] object_quota: 102400
2026-08-10 14:28:15.964151[INFO] tams_proc: [1087] Parsing TAMM_CMD_APP_SET_ATTR Req status: TAM_SUCCESS
2026-08-10 14:28:15.964160[INFO] tams_proc: [1087] Processing TAMM_CMD_APP_SET_ATTR Req
2026-08-10 14:28:15.964255[INFO] tams_proc: [1087] dev: XRD_TAMDB cmd: TAMD_CMD_APP_SET_ATTR new time: 24000 total time: 24000
2026-08-10 14:28:15.964319[INFO] tams_proc: [1087] App 'Init' attributes set pending for device 'XRD_TAMDB'
2026-08-10 14:28:15.964341[INFO] tams_proc: [1087] Processing TAMM_CMD_APP_SET_ATTR Req status: TAM_SUCCESS_IN_PROCESS
2026-08-10 14:28:15.965511[INFO] tamsvcs_tamm: [1022] cmd type: TAMM_CMD_APP_SET_ATTR
2026-08-10 14:28:15.965539[INFO] tamsvcs_tamm: [1022] trans id: 0x3
2026-08-10 14:28:15.965548[INFO] tamsvcs_tamm: [1022] status: TAM_SUCCESS_IN_PROCESS
2026-08-10 14:28:15.965556[INFO] tamsvcs_tamm: [1022] payload len: 0
2026-08-10 14:28:15.965564[INFO] tamsvcs_tamm: [1022] Parsing TAMM_CMD_APP_SET_ATTR Rsp
2026-08-10 14:28:15.965573[INFO] tamsvcs_tamm: [1022] Parsing TAMM_CMD_APP_SET_ATTR Rsp status: TAM_SUCCESS
2026-08-10 14:28:15.965582[INFO] tamsvcs_tamm: [1022] Rx ACK in 3ms. Waiting 180000ms for final response...
2026-08-10 14:28:15.965656[INFO] tamd_proc: [1094] cmd type: TAMD_CMD_APP_SET_ATTR
2026-08-10 14:28:15.965685[INFO] tamd_proc: [1094] trans id: 0x5
2026-08-10 14:28:15.965695[INFO] tamd_proc: [1094] payload len: 49
2026-08-10 14:28:15.965703[INFO] tamd_proc: [1094] Parsing TAMD_CMD_APP_SET_ATTR Req
2026-08-10 14:28:15.965720[INFO] tamd_proc: [1094] Parsing TAMD_CMD_APP_SET_ATTR Req status: TAM_SUCCESS
2026-08-10 14:28:15.982678[INFO] tamd_proc: [1094] App Init perm1 updated to 0xffff
2026-08-10 14:28:15.982707[INFO] tamd_proc: [1094] App Init object_quota updated to 102400 bytes
2026-08-10 14:28:16.1793Z[INFO] tamd_proc: [1094] Processing TAMD_CMD_APP_SET_ATTR Req status: TAM_SUCCESS
2026-08-10 14:28:16.2940Z[INFO] tams_proc: [1087] cmd type: TAMD_CMD_APP_SET_ATTR
2026-08-10 14:28:16.2970Z[INFO] tams_proc: [1087] trans id: 0x5
2026-08-10 14:28:16.2981Z[INFO] tams_proc: [1087] status: TAM_SUCCESS
2026-08-10 14:28:16.2990Z[INFO] tams_proc: [1087] payload len: 0
2026-08-10 14:28:16.2999Z[INFO] tams_proc: [1087] Parsing TAMD_CMD_APP_SET_ATTR Rsp
2026-08-10 14:28:16.3009Z[INFO] tams_proc: [1087] Parsing TAMD_CMD_APP_SET_ATTR Rsp status: TAM_SUCCESS
2026-08-10 14:28:16.3018Z[INFO] tams_proc: [1087] Processing TAMD_CMD_APP_SET_ATTR Rsp
2026-08-10 14:28:16.3084Z[INFO] tams_proc: [1087] Processing TAMD_CMD_APP_SET_ATTR Rsp status: TAM_SUCCESS
2026-08-10 14:28:16.4287Z[INFO] tamsvcs_tamm: [1022] cmd type: TAMM_CMD_APP_SET_ATTR
2026-08-10 14:28:16.4317Z[INFO] tamsvcs_tamm: [1022] trans id: 0x3
2026-08-10 14:28:16.4327Z[INFO] tamsvcs_tamm: [1022] status: TAM_SUCCESS
2026-08-10 14:28:16.4335Z[INFO] tamsvcs_tamm: [1022] payload len: 0
2026-08-10 14:28:16.4342Z[INFO] tamsvcs_tamm: [1022] Parsing TAMM_CMD_APP_SET_ATTR Rsp
2026-08-10 14:28:16.4353Z[INFO] tamsvcs_tamm: [1022] Parsing TAMM_CMD_APP_SET_ATTR Rsp status: TAM_SUCCESS
2026-08-10 14:28:16.4361Z[INFO] tamsvcs_tamm: [1022] Final response received. rc=0x1
2026-08-10 14:28:16.4478Z[INFO] tamsvcs_tamm: [1022] cmd type: TAMM_CMD_APP_SET_ATTR
2026-08-10 14:28:16.4501Z[INFO] tamsvcs_tamm: [1022] trans id: 0x3
2026-08-10 14:28:16.4510Z[INFO] tamsvcs_tamm: [1022] status: TAM_SUCCESS
2026-08-10 14:28:16.4518Z[INFO] tamsvcs_tamm: [1022] payload len: 0
2026-08-10 14:28:16.4526Z[INFO] tamsvcs_tamm: [1022] Parsing TAMM_CMD_APP_SET_ATTR Rsp
2026-08-10 14:28:16.4535Z[INFO] tamsvcs_tamm: [1022] Parsing TAMM_CMD_APP_SET_ATTR Rsp status: TAM_SUCCESS
2026-08-10 14:28:16.5917Z[INFO] tams_proc: [1087] cmd type: TAMM_CMD_REGISTER_APP
2026-08-10 14:28:16.5943Z[INFO] tams_proc: [1087] trans id: 0x4
2026-08-10 14:28:16.5953Z[INFO] tams_proc: [1087] payload len: 99
2026-08-10 14:28:16.5961Z[INFO] tams_proc: [1087] Parsing TAMM_CMD_REGISTER_APP Req
2026-08-10 14:28:16.5970Z[INFO] tams_proc: [1087] credential_type: 2
2026-08-10 14:28:16.5979Z[INFO] tams_proc: [1087] appid: test_tam
2026-08-10 14:28:16.5988Z[INFO] tams_proc: [1087] pw: ***
2026-08-10 14:28:16.5996Z[INFO] tams_proc: [1087] persistent_pw: 0
2026-08-10 14:28:16.6004Z[INFO] tams_proc: [1087] device_name: XRD_TAMDB
2026-08-10 14:28:16.6012Z[INFO] tams_proc: [1087] default_device: 1
2026-08-10 14:28:16.6020Z[INFO] tams_proc: [1087] max_sessions: 50
2026-08-10 14:28:16.6029Z[INFO] tams_proc: [1087] Parsing TAMM_CMD_REGISTER_APP Req status: TAM_SUCCESS
2026-08-10 14:28:16.6038Z[INFO] tams_proc: [1087] Processing TAMM_CMD_REGISTER_APP Req
2026-08-10 14:28:16.8012Z[INFO] tams_proc: [1087] dev: XRD_TAMDB cmd: TAMD_CMD_REGISTER_APP new time: 24000 total time: 24000
2026-08-10 14:28:16.8078Z[INFO] tams_proc: [1087] App 'test_tam' registration in process
2026-08-10 14:28:16.8101Z[INFO] tams_proc: [1087] Processing TAMM_CMD_REGISTER_APP Req status: TAM_SUCCESS_IN_PROCESS
2026-08-10 14:28:16.9232Z[INFO] tamsvcs_tamm: [1022] cmd type: TAMM_CMD_REGISTER_APP
2026-08-10 14:28:16.9259Z[INFO] tamsvcs_tamm: [1022] trans id: 0x4
2026-08-10 14:28:16.9269Z[INFO] tamsvcs_tamm: [1022] status: TAM_SUCCESS_IN_PROCESS
2026-08-10 14:28:16.9277Z[INFO] tamsvcs_tamm: [1022] payload len: 0
2026-08-10 14:28:16.9285Z[INFO] tamsvcs_tamm: [1022] Parsing TAMM_CMD_REGISTER_APP Rsp
2026-08-10 14:28:16.9294Z[INFO] tamsvcs_tamm: [1022] Parsing TAMM_CMD_REGISTER_APP Rsp status: TAM_SUCCESS
2026-08-10 14:28:16.9303Z[INFO] tamsvcs_tamm: [1022] Rx ACK in 4ms. Waiting 180000ms for final response...
2026-08-10 14:28:16.9372Z[INFO] tamd_proc: [1094] cmd type: TAMD_CMD_REGISTER_APP
2026-08-10 14:28:16.9403Z[INFO] tamd_proc: [1094] trans id: 0x6
2026-08-10 14:28:16.9414Z[INFO] tamd_proc: [1094] payload len: 69
2026-08-10 14:28:16.9422Z[INFO] tamd_proc: [1094] Parsing TAMD_CMD_REGISTER_APP Req
2026-08-10 14:28:16.9434Z[INFO] tamd_proc: [1094] Parsing TAMD_CMD_REGISTER_APP Req status: TAM_SUCCESS
2026-08-10 14:28:16.45133Z[INFO] tamd_proc: [1094] Creating new app storage:
/misc/config/SWTAmRoot/7/XRD_TAMDB-fips-off/992bc7eb68ef1fe1c80dba709e3f87d1f1251a01274d060d6a741d76
2026-08-10 14:28:16.45722Z[INFO] tamd_proc: [1094] Processing TAMD_CMD_REGISTER_APP Req status: TAM_SUCCESS
2026-08-10 14:28:16.46894Z[INFO] tams_proc: [1087] cmd type: TAMD_CMD_REGISTER_APP
2026-08-10 14:28:16.46922Z[INFO] tams_proc: [1087] trans id: 0x6
2026-08-10 14:28:16.46932Z[INFO] tams_proc: [1087] status: TAM_SUCCESS
2026-08-10 14:28:16.46946Z[INFO] tams_proc: [1087] payload len: 0
2026-08-10 14:28:16.46955Z[INFO] tams_proc: [1087] Parsing TAMD_CMD_REGISTER_APP Rsp
2026-08-10 14:28:16.46965Z[INFO] tams_proc: [1087] Parsing TAMD_CMD_REGISTER_APP Rsp status: TAM_SUCCESS
2026-08-10 14:28:16.46973Z[INFO] tams_proc: [1087] Processing TAMD_CMD_REGISTER_APP Rsp
2026-08-10 14:28:16.47034Z[INFO] tams_proc: [1087] Processing TAMD_CMD_REGISTER_APP Rsp status: TAM_SUCCESS
2026-08-10 14:28:16.48185Z[INFO] tamsvcs_tamm: [1022] cmd type: TAMM_CMD_REGISTER_APP
2026-08-10 14:28:16.48215Z[INFO] tamsvcs_tamm: [1022] trans id: 0x4
2026-08-10 14:28:16.48226Z[INFO] tamsvcs_tamm: [1022] status: TAM_SUCCESS
2026-08-10 14:28:16.48234Z[INFO] tamsvcs_tamm: [1022] payload len: 0
2026-08-10 14:28:16.48242Z[INFO] tamsvcs_tamm: [1022] Parsing TAMM_CMD_REGISTER_APP Rsp
2026-08-10 14:28:16.48252Z[INFO] tamsvcs_tamm: [1022] Parsing TAMM_CMD_REGISTER_APP Rsp status: TAM_SUCCESS
2026-08-10 14:28:16.48261Z[INFO] tamsvcs_tamm: [1022] Final response received. rc=0x1
2026-08-10 14:28:16.48323Z[INFO] tamsvcs_tamm: [1022] cmd type: TAMM_CMD_REGISTER_APP
2026-08-10 14:28:16.48344Z[INFO] tamsvcs_tamm: [1022] trans id: 0x4
2026-08-10 14:28:16.48353Z[INFO] tamsvcs_tamm: [1022] status: TAM_SUCCESS
2026-08-10 14:28:16.48361Z[INFO] tamsvcs_tamm: [1022] payload len: 0
2026-08-10 14:28:16.48369Z[INFO] tamsvcs_tamm: [1022] Parsing TAMM_CMD_REGISTER_APP Rsp
2026-08-10 14:28:16.48378Z[INFO] tamsvcs_tamm: [1022] Parsing TAMM_CMD_REGISTER_APP Rsp status: TAM_SUCCESS
2026-08-10 14:28:16.50029Z[INFO] tams_proc: [1087] cmd type: TAMM_CMD_APP_SET_ATTR
2026-08-10 14:28:16.50057Z[INFO] tams_proc: [1087] trans id: 0x5
2026-08-10 14:28:16.50066Z[INFO] tams_proc: [1087] payload len: 71
2026-08-10 14:28:16.50075Z[INFO] tams_proc: [1087] Parsing TAMM_CMD_APP_SET_ATTR Req
2026-08-10 14:28:16.50085Z[INFO] tams_proc: [1087] appid: test_tam
2026-08-10 14:28:16.50093Z[INFO] tams_proc: [1087] device_name: XRD_TAMDB
2026-08-10 14:28:16.50102Z[INFO] tams_proc: [1087] perm1: 65535
2026-08-10 14:28:16.50111Z[INFO] tams_proc: [1087] perm2: 0
2026-08-10 14:28:16.50120Z[INFO] tams_proc: [1087] object_quota: 10485760
2026-08-10 14:28:16.50129Z[INFO] tams_proc: [1087] Parsing TAMM_CMD_APP_SET_ATTR Req status: TAM_SUCCESS
2026-08-10 14:28:16.50138Z[INFO] tams_proc: [1087] Processing TAMM_CMD_APP_SET_ATTR Req
2026-08-10 14:28:16.50234Z[INFO] tams_proc: [1087] dev: XRD_TAMDB cmd: TAMD_CMD_APP_SET_ATTR new time: 24000 total time: 24000
2026-08-10 14:28:16.50300Z[INFO] tams_proc: [1087] App 'test_tam' attributes set pending for device 'XRD_TAMDB'
2026-08-10 14:28:16.50322Z[INFO] tams_proc: [1087] Processing TAMM_CMD_APP_SET_ATTR Req status: TAM_SUCCESS_IN_PROCESS
2026-08-10 14:28:16.51460Z[INFO] tamsvcs_tamm: [1022] cmd type: TAMM_CMD_APP_SET_ATTR
2026-08-10 14:28:16.51488Z[INFO] tamsvcs_tamm: [1022] trans id: 0x5
2026-08-10 14:28:16.51497Z[INFO] tamsvcs_tamm: [1022] status: TAM_SUCCESS_IN_PROCESS
2026-08-10 14:28:16.51505Z[INFO] tamsvcs_tamm: [1022] payload len: 0
2026-08-10 14:28:16.51513Z[INFO] tamsvcs_tamm: [1022] Parsing TAMM_CMD_APP_SET_ATTR Rsp
2026-08-10 14:28:16.51522Z[INFO] tamsvcs_tamm: [1022] Parsing TAMM_CMD_APP_SET_ATTR Rsp status: TAM_SUCCESS
2026-08-10 14:28:16.51531Z[INFO] tamsvcs_tamm: [1022] Rx ACK in 3ms. Waiting 180000ms for final response...
2026-08-10 14:28:16.51552Z[INFO] tamd_proc: [1094] cmd type: TAMD_CMD_APP_SET_ATTR
2026-08-10 14:28:16.51582Z[INFO] tamd_proc: [1094] trans id: 0x7
2026-08-10 14:28:16.51593Z[INFO] tamd_proc: [1094] payload len: 53
2026-08-10 14:28:16.51601Z[INFO] tamd_proc: [1094] Parsing TAMD_CMD_APP_SET_ATTR Req
2026-08-10 14:28:16.51612Z[INFO] tamd_proc: [1094] Parsing TAMD_CMD_APP_SET_ATTR Req status: TAM_SUCCESS
2026-08-10 14:28:16.68006Z[INFO] tamd_proc: [1094] App test_tam perm1 updated to 0xffff
2026-08-10 14:28:16.68035Z[INFO] tamd_proc: [1094] App test_tam object_quota updated to 10485760 bytes
2026-08-10 14:28:16.87201Z[INFO] tamd_proc: [1094] Processing TAMD_CMD_APP_SET_ATTR Req status: TAM_SUCCESS
2026-08-10 14:28:16.88355Z[INFO] tams_proc: [1087] cmd type: TAMD_CMD_APP_SET_ATTR
2026-08-10 14:28:16.88386Z[INFO] tams_proc: [1087] trans id: 0x7
2026-08-10 14:28:16.88396Z[INFO] tams_proc: [1087] status: TAM_SUCCESS
2026-08-10 14:28:16.88405Z[INFO] tams_proc: [1087] payload len: 0
2026-08-10 14:28:16.88475Z[INFO] tams_proc: [1087] Parsing TAMD_CMD_APP_SET_ATTR Rsp
2026-08-10 14:28:16.88493Z[INFO] tams_proc: [1087] Parsing TAMD_CMD_APP_SET_ATTR Rsp status: TAM_SUCCESS
2026-08-10 14:28:16.88502Z[INFO] tams_proc: [1087] Processing TAMD_CMD_APP_SET_ATTR Rsp
2026-08-10 14:28:16.88573Z[INFO] tams_proc: [1087] Processing TAMD_CMD_APP_SET_ATTR Rsp status: TAM_SUCCESS
2026-08-10 14:28:16.89752Z[INFO] tamsvcs_tamm: [1022] cmd type: TAMM_CMD_APP_SET_ATTR
2026-08-10 14:28:16.89783Z[INFO] tamsvcs_tamm: [1022] trans id: 0x5
2026-08-10 14:28:16.89793Z[INFO] tamsvcs_tamm: [1022] status: TAM_SUCCESS
2026-08-10 14:28:16.89801Z[INFO] tamsvcs_tamm: [1022] payload len: 0
2026-08-10 14:28:16.89810Z[INFO] tamsvcs_tamm: [1022] Parsing TAMM_CMD_APP_SET_ATTR Rsp
2026-08-10 14:28:16.89820Z[INFO] tamsvcs_tamm: [1022] Parsing TAMM_CMD_APP_SET_ATTR Rsp status: TAM_SUCCESS
2026-08-10 14:28:16.89828Z[INFO] tamsvcs_tamm: [1022] Final response received. rc=0x1
2026-08-10 14:28:16.89890Z[INFO] tamsvcs_tamm: [1022] cmd type: TAMM_CMD_APP_SET_ATTR
2026-08-10 14:28:16.89911Z[INFO] tamsvcs_tamm: [1022] trans id: 0x5
2026-08-10 14:28:16.89920Z[INFO] tamsvcs_tamm: [1022] status: TAM_SUCCESS
2026-08-10 14:28:16.89928Z[INFO] tamsvcs_tamm: [1022] payload len: 0
2026-08-10 14:28:16.89936Z[INFO] tamsvcs_tamm: [1022] Parsing TAMM_CMD_APP_SET_ATTR Rsp
2026-08-10 14:28:16.89945Z[INFO] tamsvcs_tamm: [1022] Parsing TAMM_CMD_APP_SET_ATTR Rsp status: TAM_SUCCESS
2026-08-10 14:28:16.91329Z[INFO] tams_proc: [1087] cmd type: TAMM_CMD_REGISTER_APP
2026-08-10 14:28:16.91355Z[INFO] tams_proc: [1087] trans id: 0x6
2026-08-10 14:28:16.91365Z[INFO] tams_proc: [1087] payload len: 99
2026-08-10 14:28:16.91373Z[INFO] tams_proc: [1087] Parsing TAMM_CMD_REGISTER_APP Req
2026-08-10 14:28:16.91382Z[INFO] tams_proc: [1087] credential_type: 2
2026-08-10 14:28:16.91391Z[INFO] tams_proc: [1087] appid: kev_app1
2026-08-10 14:28:16.91400Z[INFO] tams_proc: [1087] pw: ***
2026-08-10 14:28:16.91408Z[INFO] tams_proc: [1087] persistent_pw: 0
2026-08-10 14:28:16.91416Z[INFO] tams_proc: [1087] device_name: XRD_TAMDB
2026-08-10 14:28:16.91425Z[INFO] tams_proc: [1087] default_device: 1
2026-08-10 14:28:16.91433Z[INFO] tams_proc: [1087] max_sessions: 50
2026-08-10 14:28:16.91442Z[INFO] tams_proc: [1087] Parsing TAMM_CMD_REGISTER_APP Req status: TAM_SUCCESS
2026-08-10 14:28:16.91451Z[INFO] tams_proc: [1087] Processing TAMM_CMD_REGISTER_APP Req
2026-08-10 14:28:16.93464Z[INFO] tams_proc: [1087] dev: XRD_TAMDB cmd: TAMD_CMD_REGISTER_APP new time: 24000 total time: 24000
2026-08-10 14:28:16.93539Z[INFO] tams_proc: [1087] App 'kev_app1' registration in process
2026-08-10 14:28:16.93560Z[INFO] tams_proc: [1087] Processing TAMM_CMD_REGISTER_APP Req status: TAM_SUCCESS_IN_PROCESS
2026-08-10 14:28:16.94692Z[INFO] tamsvcs_tamm: [1022] cmd type: TAMM_CMD_REGISTER_APP
2026-08-10 14:28:16.94720Z[INFO] tamsvcs_tamm: [1022] trans id: 0x6
2026-08-10 14:28:16.94731Z[INFO] tamsvcs_tamm: [1022] status: TAM_SUCCESS_IN_PROCESS
2026-08-10 14:28:16.94739Z[INFO] tamsvcs_tamm: [1022] payload len: 0
2026-08-10 14:28:16.94747Z[INFO] tamsvcs_tamm: [1022] Parsing TAMM_CMD_REGISTER_APP Rsp
2026-08-10 14:28:16.94756Z[INFO] tamsvcs_tamm: [1022] Parsing TAMM_CMD_REGISTER_APP Rsp status: TAM_SUCCESS
2026-08-10 14:28:16.94765Z[INFO] tamsvcs_tamm: [1022] Rx ACK in 5ms. Waiting 180000ms for final response...
2026-08-10 14:28:16.94764Z[INFO] tamd_proc: [1094] cmd type: TAMD_CMD_REGISTER_APP
2026-08-10 14:28:16.94791Z[INFO] tamd_proc: [1094] trans id: 0x8
2026-08-10 14:28:16.94801Z[INFO] tamd_proc: [1094] payload len: 69
2026-08-10 14:28:16.94808Z[INFO] tamd_proc: [1094] Parsing TAMD_CMD_REGISTER_APP Req
2026-08-10 14:28:16.94819Z[INFO] tamd_proc: [1094] Parsing TAMD_CMD_REGISTER_APP Req status: TAM_SUCCESS
2026-08-10 14:28:16.132138[INFO] tamd_proc: [1094] Creating new app storage:
/misc/config/SWTAmRoot/7/XRD_TAMDB-fips-off/003c6379fd19187eeb781dad0140ff73f4c1a4622ff6a9e0a1ace14b
2026-08-10 14:28:16.132848[INFO] tamd_proc: [1094] Processing TAMD_CMD_REGISTER_APP Req status: TAM_SUCCESS
2026-08-10 14:28:16.134034[INFO] tams_proc: [1087] cmd type: TAMD_CMD_REGISTER_APP
2026-08-10 14:28:16.134065[INFO] tams_proc: [1087] trans id: 0x8
2026-08-10 14:28:16.134076[INFO] tams_proc: [1087] status: TAM_SUCCESS
2026-08-10 14:28:16.134085[INFO] tams_proc: [1087] payload len: 0
2026-08-10 14:28:16.134094[INFO] tams_proc: [1087] Parsing TAMD_CMD_REGISTER_APP Rsp
2026-08-10 14:28:16.134104[INFO] tams_proc: [1087] Parsing TAMD_CMD_REGISTER_APP Rsp status: TAM_SUCCESS
2026-08-10 14:28:16.134114[INFO] tams_proc: [1087] Processing TAMD_CMD_REGISTER_APP Rsp
2026-08-10 14:28:16.134175[INFO] tams_proc: [1087] Processing TAMD_CMD_REGISTER_APP Rsp status: TAM_SUCCESS
2026-08-10 14:28:16.135336[INFO] tamsvcs_tamm: [1022] cmd type: TAMM_CMD_REGISTER_APP
2026-08-10 14:28:16.135368[INFO] tamsvcs_tamm: [1022] trans id: 0x6
2026-08-10 14:28:16.135378[INFO] tamsvcs_tamm: [1022] status: TAM_SUCCESS
2026-08-10 14:28:16.135434[INFO] tamsvcs_tamm: [1022] payload len: 0
2026-08-10 14:28:16.135444[INFO] tamsvcs_tamm: [1022] Parsing TAMM_CMD_REGISTER_APP Rsp
2026-08-10 14:28:16.135455[INFO] tamsvcs_tamm: [1022] Parsing TAMM_CMD_REGISTER_APP Rsp status: TAM_SUCCESS
2026-08-10 14:28:16.135463[INFO] tamsvcs_tamm: [1022] Final response received. rc=0x1
2026-08-10 14:28:16.135522[INFO] tamsvcs_tamm: [1022] cmd type: TAMM_CMD_REGISTER_APP
2026-08-10 14:28:16.135542[INFO] tamsvcs_tamm: [1022] trans id: 0x6
2026-08-10 14:28:16.135550[INFO] tamsvcs_tamm: [1022] status: TAM_SUCCESS
2026-08-10 14:28:16.135558[INFO] tamsvcs_tamm: [1022] payload len: 0
2026-08-10 14:28:16.135566[INFO] tamsvcs_tamm: [1022] Parsing TAMM_CMD_REGISTER_APP Rsp
2026-08-10 14:28:16.135575[INFO] tamsvcs_tamm: [1022] Parsing TAMM_CMD_REGISTER_APP Rsp status: TAM_SUCCESS
2026-08-10 14:28:16.136993[INFO] tams_proc: [1087] cmd type: TAMM_CMD_APP_SET_ATTR
2026-08-10 14:28:16.137020[INFO] tams_proc: [1087] trans id: 0x7
2026-08-10 14:28:16.137029[INFO] tams_proc: [1087] payload len: 71
2026-08-10 14:28:16.137037[INFO] tams_proc: [1087] Parsing TAMM_CMD_APP_SET_ATTR Req
2026-08-10 14:28:16.137047[INFO] tams_proc: [1087] appid: kev_app1
2026-08-10 14:28:16.137056[INFO] tams_proc: [1087] device_name: XRD_TAMDB
2026-08-10 14:28:16.137064[INFO] tams_proc: [1087] perm1: 65535
2026-08-10 14:28:16.137073[INFO] tams_proc: [1087] perm2: 0
2026-08-10 14:28:16.137081[INFO] tams_proc: [1087] object_quota: 10485760
2026-08-10 14:28:16.137090[INFO] tams_proc: [1087] Parsing TAMM_CMD_APP_SET_ATTR Req status: TAM_SUCCESS
2026-08-10 14:28:16.137099[INFO] tams_proc: [1087] Processing TAMM_CMD_APP_SET_ATTR Req
2026-08-10 14:28:16.137190[INFO] tams_proc: [1087] dev: XRD_TAMDB cmd: TAMD_CMD_APP_SET_ATTR new time: 24000 total time: 24000
2026-08-10 14:28:16.137255[INFO] tams_proc: [1087] App 'kev_app1' attributes set pending for device 'XRD_TAMDB'
2026-08-10 14:28:16.137285[INFO] tams_proc: [1087] Processing TAMM_CMD_APP_SET_ATTR Req status: TAM_SUCCESS_IN_PROCESS
2026-08-10 14:28:16.138409[INFO] tamsvcs_tamm: [1022] cmd type: TAMM_CMD_APP_SET_ATTR
2026-08-10 14:28:16.138440[INFO] tamsvcs_tamm: [1022] trans id: 0x7
2026-08-10 14:28:16.138451[INFO] tamsvcs_tamm: [1022] status: TAM_SUCCESS_IN_PROCESS
2026-08-10 14:28:16.138459[INFO] tamsvcs_tamm: [1022] payload len: 0
2026-08-10 14:28:16.138467[INFO] tamsvcs_tamm: [1022] Parsing TAMM_CMD_APP_SET_ATTR Rsp
2026-08-10 14:28:16.138477[INFO] tamsvcs_tamm: [1022] Parsing TAMM_CMD_APP_SET_ATTR Rsp status: TAM_SUCCESS
2026-08-10 14:28:16.138485[INFO] tamsvcs_tamm: [1022] Rx ACK in 2ms. Waiting 180000ms for final response...
2026-08-10 14:28:16.138495[INFO] tamd_proc: [1094] cmd type: TAMD_CMD_APP_SET_ATTR
2026-08-10 14:28:16.138523[INFO] tamd_proc: [1094] trans id: 0x9
2026-08-10 14:28:16.138533[INFO] tamd_proc: [1094] payload len: 53
2026-08-10 14:28:16.138541[INFO] tamd_proc: [1094] Parsing TAMD_CMD_APP_SET_ATTR Req
2026-08-10 14:28:16.138552[INFO] tamd_proc: [1094] Parsing TAMD_CMD_APP_SET_ATTR Req status: TAM_SUCCESS
2026-08-10 14:28:16.154798[INFO] tamd_proc: [1094] App kev_app1 perm1 updated to 0xffff
2026-08-10 14:28:16.154826[INFO] tamd_proc: [1094] App kev_app1 object_quota updated to 10485760 bytes
2026-08-10 14:28:16.173826[INFO] tamd_proc: [1094] Processing TAMD_CMD_APP_SET_ATTR Req status: TAM_SUCCESS
2026-08-10 14:28:16.175024[INFO] tams_proc: [1087] cmd type: TAMD_CMD_APP_SET_ATTR
2026-08-10 14:28:16.175052[INFO] tams_proc: [1087] trans id: 0x9
2026-08-10 14:28:16.175062[INFO] tams_proc: [1087] status: TAM_SUCCESS
2026-08-10 14:28:16.175070[INFO] tams_proc: [1087] payload len: 0
2026-08-10 14:28:16.175079[INFO] tams_proc: [1087] Parsing TAMD_CMD_APP_SET_ATTR Rsp
2026-08-10 14:28:16.175089[INFO] tams_proc: [1087] Parsing TAMD_CMD_APP_SET_ATTR Rsp status: TAM_SUCCESS
2026-08-10 14:28:16.175097[INFO] tams_proc: [1087] Processing TAMD_CMD_APP_SET_ATTR Rsp
2026-08-10 14:28:16.175158[INFO] tams_proc: [1087] Processing TAMD_CMD_APP_SET_ATTR Rsp status: TAM_SUCCESS
2026-08-10 14:28:16.176313[INFO] tamsvcs_tamm: [1022] cmd type: TAMM_CMD_APP_SET_ATTR
2026-08-10 14:28:16.176343[INFO] tamsvcs_tamm: [1022] trans id: 0x7
2026-08-10 14:28:16.176353[INFO] tamsvcs_tamm: [1022] status: TAM_SUCCESS
2026-08-10 14:28:16.176361[INFO] tamsvcs_tamm: [1022] payload len: 0
2026-08-10 14:28:16.176369[INFO] tamsvcs_tamm: [1022] Parsing TAMM_CMD_APP_SET_ATTR Rsp
2026-08-10 14:28:16.176378[INFO] tamsvcs_tamm: [1022] Parsing TAMM_CMD_APP_SET_ATTR Rsp status: TAM_SUCCESS
2026-08-10 14:28:16.176386[INFO] tamsvcs_tamm: [1022] Final response received. rc=0x1
2026-08-10 14:28:16.176483[INFO] tamsvcs_tamm: [1022] cmd type: TAMM_CMD_APP_SET_ATTR
2026-08-10 14:28:16.176506[INFO] tamsvcs_tamm: [1022] trans id: 0x7
2026-08-10 14:28:16.176515[INFO] tamsvcs_tamm: [1022] status: TAM_SUCCESS
2026-08-10 14:28:16.176523[INFO] tamsvcs_tamm: [1022] payload len: 0
2026-08-10 14:28:16.176531[INFO] tamsvcs_tamm: [1022] Parsing TAMM_CMD_APP_SET_ATTR Rsp
2026-08-10 14:28:16.176540[INFO] tamsvcs_tamm: [1022] Parsing TAMM_CMD_APP_SET_ATTR Rsp status: TAM_SUCCESS
2026-08-10 14:28:16.179929[INFO] tams_proc: [1087] cmd type: TAMC_CMD_APP_LOGIN
2026-08-10 14:28:16.179956[INFO] tams_proc: [1087] session id: 0x0
2026-08-10 14:28:16.179965[INFO] tams_proc: [1087] trans id: 0x8
2026-08-10 14:28:16.179974[INFO] tams_proc: [1087] payload len: 343
2026-08-10 14:28:16.179982[INFO] tams_proc: [1087] Parsing TAMC_CMD_APP_LOGIN Req
2026-08-10 14:28:16.180005[INFO] tams_proc: [1087] credential_type: 2
2026-08-10 14:28:16.180015[INFO] tams_proc: [1087] Parsing TAMC_CMD_APP_LOGIN Req status: TAM_SUCCESS
2026-08-10 14:28:16.180023[INFO] tams_proc: [1087] Processing TAMC_CMD_APP_LOGIN Req for device XRD_TAMDB
2026-08-10 14:28:16.180035[INFO] tams_proc: [1087] app Init number pending sessions = 1 max=5
2026-08-10 14:28:16.180044[INFO] tams_proc: [1087] Received SRP message 1
2026-08-10 14:28:16.186716[INFO] tams_proc: [1087] Processing TAMC_CMD_APP_LOGIN Req status: TAM_SUCCESS
2026-08-10 14:28:16.196767[INFO] tams_proc: [1087] cmd type: TAMC_CMD_APP_LOGIN
2026-08-10 14:28:16.196794[INFO] tams_proc: [1087] session id: 0x1
2026-08-10 14:28:16.196828[INFO] tams_proc: [1087] trans id: 0x9
2026-08-10 14:28:16.196843[INFO] tams_proc: [1087] payload len: 83
2026-08-10 14:28:16.196852[INFO] tams_proc: [1087] Parsing TAMC_CMD_APP_LOGIN Req
2026-08-10 14:28:16.196865[INFO] tams_proc: [1087] Parsing TAMC_CMD_APP_LOGIN Req status: TAM_SUCCESS
2026-08-10 14:28:16.196875[INFO] tams_proc: [1087] Processing TAMC_CMD_APP_LOGIN Req for device XRD_TAMDB
2026-08-10 14:28:16.196885[INFO] tams_proc: [1087] Session in process
2026-08-10 14:28:16.196893[INFO] tams_proc: [1087] Received SRP message 3
2026-08-10 14:28:16.196919[INFO] tams_proc: [1087] app Init number sessions = 1 max=50
2026-08-10 14:28:16.197016[INFO] tams_proc: [1087] dev: XRD_TAMDB cmd: TAMD_CMD_DEVICE_BIND new time: 24000 total time: 24000
2026-08-10 14:28:16.197038[INFO] tams_proc: [1087] Processing TAMC_CMD_APP_LOGIN Req status: TAM_SUCCESS_IN_PROCESS
2026-08-10 14:28:16.198320[INFO] tamd_proc: [1094] cmd type: TAMD_CMD_DEVICE_BIND
2026-08-10 14:28:16.198349[INFO] tamd_proc: [1094] trans id: 0xa
2026-08-10 14:28:16.198359[INFO] tamd_proc: [1094] payload len: 12
2026-08-10 14:28:16.198367[INFO] tamd_proc: [1094] Parsing TAMD_CMD_DEVICE_BIND Req
2026-08-10 14:28:16.198386[INFO] tamd_proc: [1094] Parsing TAMD_CMD_DEVICE_BIND Req status: TAM_SUCCESS
2026-08-10 14:28:16.214966[INFO] tamd_proc: [1094] Processing TAMD_CMD_DEVICE_BIND Req status: TAM_SUCCESS
2026-08-10 14:28:16.216114[INFO] tams_proc: [1087] cmd type: TAMD_CMD_DEVICE_BIND
2026-08-10 14:28:16.216143[INFO] tams_proc: [1087] trans id: 0xa
2026-08-10 14:28:16.216153[INFO] tams_proc: [1087] status: TAM_SUCCESS
2026-08-10 14:28:16.216163[INFO] tams_proc: [1087] payload len: 0
2026-08-10 14:28:16.216171[INFO] tams_proc: [1087] Parsing TAMD_CMD_DEVICE_BIND Rsp
2026-08-10 14:28:16.216181[INFO] tams_proc: [1087] Parsing TAMD_CMD_DEVICE_BIND Rsp status: TAM_SUCCESS
2026-08-10 14:28:16.216189[INFO] tams_proc: [1087] Processing TAMD_CMD_DEVICE_BIND Rsp
2026-08-10 14:28:16.216199[INFO] tams_proc: [1087] Device XRD_TAMDB binding of app Init: TAM_SUCCESS
2026-08-10 14:28:16.216209[INFO] tams_proc: [1087] Sending SRP message 4 (80 bytes)
2026-08-10 14:28:16.216266[INFO] tams_proc: [1087] SRP session key (32 bytes):
[INFO] tams_proc: [1087] 18 D3 D7 63 73 88 81 E1 BE 9B 1C DB 76 A0 9C 7F A1 FE 28 DB E1 CD 2F CD 49 A2 17 E6 24 C0 39 60 
2026-08-10 14:28:16.216302[INFO] tams_proc: [1087] Application Init authentication succeeded!
2026-08-10 14:28:16.216312[INFO] tams_proc: [1087] Binding of app Init to device XRD_TAMDB: TAM_SUCCESS
2026-08-10 14:28:16.216322[INFO] tams_proc: [1087] Processing TAMD_CMD_DEVICE_BIND Rsp status: TAM_SUCCESS
2026-08-10 14:28:16.218915[INFO] tams_proc: [1087] cmd type: TAMC_CMD_SO_DELETE
2026-08-10 14:28:16.218941[INFO] tams_proc: [1087] session id: 0x1
2026-08-10 14:28:16.218951[INFO] tams_proc: [1087] trans id: 0xa
2026-08-10 14:28:16.218959[INFO] tams_proc: [1087] payload len: 79
2026-08-10 14:28:16.218973[INFO] tams_proc: [1087] Parsing TAMC_CMD_SO_DELETE Req
2026-08-10 14:28:16.218984[INFO] tams_proc: [1087] Session key len: 32
[INFO] tams_proc: [1087] 18 D3 D7 63 73 88 81 E1 BE 9B 1C DB 76 A0 9C 7F A1 FE 28 DB E1 CD 2F CD 49 A2 17 E6 24 C0 39 60 
2026-08-10 14:28:16.219008[INFO] tams_proc: [1087] Object owner len : 5
[INFO] tams_proc: [1087] 49 6E 69 74 00 
2026-08-10 14:28:16.219028[INFO] tams_proc: [1087] Object name len : 18
[INFO] tams_proc: [1087] 53 45 4C 46 5F 54 45 53 54 5F 74 65 73 74 5F 73 6F 00 
2026-08-10 14:28:16.219048[INFO] tams_proc: [1087] Parsing TAMC_CMD_SO_DELETE Req status: TAM_SUCCESS
2026-08-10 14:28:16.219057[INFO] tams_proc: [1087] verifying TAMC session...
2026-08-10 14:28:16.219067[INFO] tams_proc: [1087] verify success!
2026-08-10 14:28:16.219076[INFO] tams_proc: [1087] Processing TAMC_CMD_SO_DELETE Req for device XRD_TAMDB
2026-08-10 14:28:16.219165[INFO] tams_proc: [1087] dev: XRD_TAMDB cmd: TAMD_CMD_GET_SO_DELETE new time: 24000 total time: 24000
2026-08-10 14:28:16.219236[INFO] tams_proc: [1087] Processing TAMC_CMD_SO_DELETE Req status: TAM_SUCCESS
2026-08-10 14:28:16.220503[INFO] tamd_proc: [1094] cmd type: TAMD_CMD_GET_SO_DELETE
2026-08-10 14:28:16.220530[INFO] tamd_proc: [1094] trans id: 0xb
2026-08-10 14:28:16.220540[INFO] tamd_proc: [1094] payload len: 64
2026-08-10 14:28:16.220548[INFO] tamd_proc: [1094] Parsing TAMD_CMD_GET_SO_DELETE Req
2026-08-10 14:28:16.220564[INFO] tamd_proc: [1094] credential_type : 2
2026-08-10 14:28:16.220574[INFO] tamd_proc: [1094] Parsing TAMD_CMD_GET_SO_DELETE Req status: TAM_SUCCESS
2026-08-10 14:28:16.237438[INFO] tamd_proc: [1094] Sending so delete result back to TAMS on tam_ipc_handle=0x57d5880765c0
2026-08-10 14:28:16.237543[INFO] tamd_proc: [1094] Processing TAMD_CMD_GET_SO_DELETE Req status: TAM_SUCCESS
2026-08-10 14:28:16.238699[INFO] tams_proc: [1087] cmd type: TAMD_CMD_GET_SO_DELETE
2026-08-10 14:28:16.238736[INFO] tams_proc: [1087] trans id: 0xb
2026-08-10 14:28:16.238756[INFO] tams_proc: [1087] status: TAM_ERROR_NO_OBJECT
2026-08-10 14:28:16.238769[INFO] tams_proc: [1087] payload len: 0
2026-08-10 14:28:16.238785[INFO] tams_proc: [1087] Parsing TAMD_CMD_GET_SO_DELETE Rsp
2026-08-10 14:28:16.238796[INFO] tams_proc: [1087] Parsing TAMD_CMD_GET_SO_DELETE Rsp status: TAM_SUCCESS
2026-08-10 14:28:16.238811[INFO] tams_proc: [1087] Processing TAMD_CMD_GET_SO_DELETE Rsp
2026-08-10 14:28:16.238893[INFO] tams_proc: [1087] Processing TAMD_CMD_GET_SO_DELETE Rsp status: TAM_SUCCESS
2026-08-10 14:28:16.241659[INFO] tams_proc: [1087] cmd type: TAMC_CMD_SO_CREATE
2026-08-10 14:28:16.241693[INFO] tams_proc: [1087] session id: 0x1
2026-08-10 14:28:16.241712[INFO] tams_proc: [1087] trans id: 0xb
2026-08-10 14:28:16.241724[INFO] tams_proc: [1087] payload len: 148
2026-08-10 14:28:16.241736[INFO] tams_proc: [1087] Parsing TAMC_CMD_SO_CREATE Req
2026-08-10 14:28:16.241752[INFO] tams_proc: [1087] Session key len: 32
[INFO] tams_proc: [1087] 18 D3 D7 63 73 88 81 E1 BE 9B 1C DB 76 A0 9C 7F A1 FE 28 DB E1 CD 2F CD 49 A2 17 E6 24 C0 39 60 
2026-08-10 14:28:16.241786[INFO] tams_proc: [1087] Object owner len : 5
[INFO] tams_proc: [1087] 49 6E 69 74 00 
2026-08-10 14:28:16.241806[INFO] tams_proc: [1087] Object name len : 18
[INFO] tams_proc: [1087] 53 45 4C 46 5F 54 45 53 54 5F 74 65 73 74 5F 73 6F 00 
2026-08-10 14:28:16.241837[INFO] tams_proc: [1087] Object type 1, len : 1
2026-08-10 14:28:16.241852[INFO] tams_proc: [1087] Memory Flag 2, len : 1
2026-08-10 14:28:16.241864[INFO] tams_proc: [1087] CSP flag 0, len : 1
2026-08-10 14:28:16.241879[INFO] tams_proc: [1087] Encryption Flag 1, len : 1
2026-08-10 14:28:16.241891[INFO] tams_proc: [1087] Import flag 1, len : 1
2026-08-10 14:28:16.241906[INFO] tams_proc: [1087] Object size 23, len : 4
2026-08-10 14:28:16.241918[INFO] tams_proc: [1087] Meta data 0x0, len : 4
2026-08-10 14:28:16.241934[INFO] tams_proc: [1087] Parsing TAMC_CMD_SO_CREATE Req status: TAM_SUCCESS
2026-08-10 14:28:16.241946[INFO] tams_proc: [1087] verifying TAMC session...
2026-08-10 14:28:16.241955[INFO] tams_proc: [1087] verify success!
2026-08-10 14:28:16.241970[INFO] tams_proc: [1087] Processing TAMC_CMD_SO_CREATE Req for device XRD_TAMDB
2026-08-10 14:28:16.242088[INFO] tams_proc: [1087] dev: XRD_TAMDB cmd: TAMD_CMD_GET_SO_CREATE new time: 24000 total time: 24000
2026-08-10 14:28:16.242223[INFO] tams_proc: [1087] Processing TAMC_CMD_SO_CREATE Req status: TAM_SUCCESS
2026-08-10 14:28:16.243414[INFO] tamd_proc: [1094] cmd type: TAMD_CMD_GET_SO_CREATE
2026-08-10 14:28:16.243446[INFO] tamd_proc: [1094] trans id: 0xc
2026-08-10 14:28:16.243459[INFO] tamd_proc: [1094] payload len: 133
2026-08-10 14:28:16.243467[INFO] tamd_proc: [1094] Parsing TAMD_CMD_GET_SO_CREATE Req
2026-08-10 14:28:16.243485[INFO] tamd_proc: [1094] object_type(len): 1 1
2026-08-10 14:28:16.243495[INFO] tamd_proc: [1094] credential_type : 2
2026-08-10 14:28:16.243512[INFO] tamd_proc: [1094] Parsing TAMD_CMD_GET_SO_CREATE Req status: TAM_SUCCESS
2026-08-10 14:28:16.262332[INFO] tamd_proc: [1094] >>>> store size - object size - quota: 0 - 23 - 102400 - ./crypto/tams/tamservices/device/swtam/src/swtam_object_attr.c - 878
2026-08-10 14:28:16.266365[INFO] tamd_proc: [1094] >>>> store size - object size - quota: 23 - 23 - 102400 - ./crypto/tams/tamservices/device/swtam/src/swtam_object_attr.c - 891
2026-08-10 14:28:16.288285[INFO] tamd_proc: [1094] Sending so read result back to TAMS on tam_ipc_handle=0x57d5880765c0
2026-08-10 14:28:16.288397[INFO] tamd_proc: [1094] Processing TAMD_CMD_GET_SO_CREATE Req status: TAM_SUCCESS
2026-08-10 14:28:16.289602[INFO] tams_proc: [1087] cmd type: TAMD_CMD_GET_SO_CREATE
2026-08-10 14:28:16.289641[INFO] tams_proc: [1087] trans id: 0xc
2026-08-10 14:28:16.289652[INFO] tams_proc: [1087] status: TAM_SUCCESS
2026-08-10 14:28:16.289661[INFO] tams_proc: [1087] payload len: 0
2026-08-10 14:28:16.289669[INFO] tams_proc: [1087] Parsing TAMD_CMD_GET_SO_CREATE Rsp
2026-08-10 14:28:16.289684[INFO] tams_proc: [1087] Parsing TAMD_CMD_GET_SO_CREATE Rsp status: TAM_SUCCESS
2026-08-10 14:28:16.289700[INFO] tams_proc: [1087] Processing TAMD_CMD_GET_SO_CREATE Rsp
2026-08-10 14:28:16.289718[INFO] tams_proc: [1087] appname:Init sync_staus_enable:0 notify_enable:0
2026-08-10 14:28:16.289797[INFO] tams_proc: [1087] Processing TAMD_CMD_GET_SO_CREATE Rsp status: TAM_SUCCESS
2026-08-10 14:28:16.292498[INFO] tams_proc: [1087] cmd type: TAMC_CMD_SO_WRITE
2026-08-10 14:28:16.292525[INFO] tams_proc: [1087] session id: 0x1
2026-08-10 14:28:16.292534[INFO] tams_proc: [1087] trans id: 0xc
2026-08-10 14:28:16.292560[INFO] tams_proc: [1087] payload len: 109
2026-08-10 14:28:16.292572[INFO] tams_proc: [1087] Parsing TAMC_CMD_SO_WRITE Req
2026-08-10 14:28:16.292593[INFO] tams_proc: [1087] Session key len: 32
[INFO] tams_proc: [1087] 18 D3 D7 63 73 88 81 E1 BE 9B 1C DB 76 A0 9C 7F A1 FE 28 DB E1 CD 2F CD 49 A2 17 E6 24 C0 39 60 
2026-08-10 14:28:16.292619[INFO] tams_proc: [1087] Object owner len : 5
[INFO] tams_proc: [1087] 49 6E 69 74 00 
2026-08-10 14:28:16.292644[INFO] tams_proc: [1087] Object name len : 18
[INFO] tams_proc: [1087] 53 45 4C 46 5F 54 45 53 54 5F 74 65 73 74 5F 73 6F 00 
2026-08-10 14:28:16.292682[INFO] tams_proc: [1087] Data len : 22
[INFO] tams_proc: [1087] 53 65 6C 66 20 74 65 73 74 20 64 61 74 61 20 63 6F 6E 74 65 6E 74 
2026-08-10 14:28:16.292705[INFO] tams_proc: [1087] Parsing TAMC_CMD_SO_WRITE Req status: TAM_SUCCESS
2026-08-10 14:28:16.292714[INFO] tams_proc: [1087] verifying TAMC session...
2026-08-10 14:28:16.292724[INFO] tams_proc: [1087] verify success!
2026-08-10 14:28:16.292737[INFO] tams_proc: [1087] Processing TAMC_CMD_SO_WRITE Req for device XRD_TAMDB
2026-08-10 14:28:16.292853[INFO] tams_proc: [1087] dev: XRD_TAMDB cmd: TAMD_CMD_GET_SO_WRITE new time: 24000 total time: 24000
2026-08-10 14:28:16.292949[INFO] tams_proc: [1087] Processing TAMC_CMD_SO_WRITE Req status: TAM_SUCCESS
2026-08-10 14:28:16.294200[INFO] tamd_proc: [1094] cmd type: TAMD_CMD_GET_SO_WRITE
2026-08-10 14:28:16.294226[INFO] tamd_proc: [1094] trans id: 0xd
2026-08-10 14:28:16.294240[INFO] tamd_proc: [1094] payload len: 94
2026-08-10 14:28:16.294249[INFO] tamd_proc: [1094] Parsing TAMD_CMD_GET_SO_WRITE Req
2026-08-10 14:28:16.294267[INFO] tamd_proc: [1094] credential_type : 2
2026-08-10 14:28:16.294276[INFO] tamd_proc: [1094] Parsing TAMD_CMD_GET_SO_WRITE Req status: TAM_SUCCESS
2026-08-10 14:28:16.319637[INFO] tamd_proc: [1094] Sending so read result back to TAMS on tam_ipc_handle=0x57d5880765c0
2026-08-10 14:28:16.319747[INFO] tamd_proc: [1094] Processing TAMD_CMD_GET_SO_WRITE Req status: TAM_SUCCESS
2026-08-10 14:28:16.320936[INFO] tams_proc: [1087] cmd type: TAMD_CMD_GET_SO_WRITE
2026-08-10 14:28:16.320972[INFO] tams_proc: [1087] trans id: 0xd
2026-08-10 14:28:16.320983[INFO] tams_proc: [1087] status: TAM_SUCCESS
2026-08-10 14:28:16.321003[INFO] tams_proc: [1087] payload len: 0
2026-08-10 14:28:16.321014[INFO] tams_proc: [1087] Parsing TAMD_CMD_GET_SO_WRITE Rsp
2026-08-10 14:28:16.321025[INFO] tams_proc: [1087] Parsing TAMD_CMD_GET_SO_WRITE Rsp status: TAM_SUCCESS
2026-08-10 14:28:16.321034[INFO] tams_proc: [1087] Processing TAMD_CMD_GET_SO_WRITE Rsp
2026-08-10 14:28:16.321054[INFO] tams_proc: [1087] appname:Init sync_staus_enable:0 notify_enable:0
2026-08-10 14:28:16.321144[INFO] tams_proc: [1087] Processing TAMD_CMD_GET_SO_WRITE Rsp status: TAM_SUCCESS
2026-08-10 14:28:16.323878[INFO] tams_proc: [1087] cmd type: TAMC_CMD_SO_READ
2026-08-10 14:28:16.323915[INFO] tams_proc: [1087] session id: 0x1
2026-08-10 14:28:16.323933[INFO] tams_proc: [1087] trans id: 0xd
2026-08-10 14:28:16.323946[INFO] tams_proc: [1087] payload len: 79
2026-08-10 14:28:16.323955[INFO] tams_proc: [1087] Parsing TAMC_CMD_SO_READ Req
2026-08-10 14:28:16.323965[INFO] tams_proc: [1087] Session key len: 32
[INFO] tams_proc: [1087] 18 D3 D7 63 73 88 81 E1 BE 9B 1C DB 76 A0 9C 7F A1 FE 28 DB E1 CD 2F CD 49 A2 17 E6 24 C0 39 60 
2026-08-10 14:28:16.323994[INFO] tams_proc: [1087] Object owner len : 5
[INFO] tams_proc: [1087] 49 6E 69 74 00 
2026-08-10 14:28:16.324019[INFO] tams_proc: [1087] Object name len : 18
[INFO] tams_proc: [1087] 53 45 4C 46 5F 54 45 53 54 5F 74 65 73 74 5F 73 6F 00 
2026-08-10 14:28:16.324040[INFO] tams_proc: [1087] Parsing TAMC_CMD_SO_READ Req status: TAM_SUCCESS
2026-08-10 14:28:16.324049[INFO] tams_proc: [1087] verifying TAMC session...
2026-08-10 14:28:16.324062[INFO] tams_proc: [1087] verify success!
2026-08-10 14:28:16.324077[INFO] tams_proc: [1087] Processing TAMC_CMD_SO_READ Req for device XRD_TAMDB
2026-08-10 14:28:16.324150[INFO] tams_proc: [1087] dev: XRD_TAMDB cmd: TAMD_CMD_GET_SO_READ new time: 24000 total time: 24000
2026-08-10 14:28:16.324234[INFO] tams_proc: [1087] Processing TAMC_CMD_SO_READ Req status: TAM_SUCCESS
2026-08-10 14:28:16.325468[INFO] tamd_proc: [1094] cmd type: TAMD_CMD_GET_SO_READ
2026-08-10 14:28:16.325497[INFO] tamd_proc: [1094] trans id: 0xe
2026-08-10 14:28:16.325518[INFO] tamd_proc: [1094] payload len: 64
2026-08-10 14:28:16.325527[INFO] tamd_proc: [1094] Parsing TAMD_CMD_GET_SO_READ Req
2026-08-10 14:28:16.325545[INFO] tamd_proc: [1094] credential_type : 2
2026-08-10 14:28:16.325562[INFO] tamd_proc: [1094] Parsing TAMD_CMD_GET_SO_READ Req status: TAM_SUCCESS
2026-08-10 14:28:16.345120[INFO] tamd_proc: [1094] Sending so read result back to TAMS on tam_ipc_handle=0x57d5880765c0
2026-08-10 14:28:16.345250[INFO] tamd_proc: [1094] Processing TAMD_CMD_GET_SO_READ Req status: TAM_SUCCESS
2026-08-10 14:28:16.346416[INFO] tams_proc: [1087] cmd type: TAMD_CMD_GET_SO_READ
2026-08-10 14:28:16.346452[INFO] tams_proc: [1087] trans id: 0xe
2026-08-10 14:28:16.346465[INFO] tams_proc: [1087] status: TAM_SUCCESS
2026-08-10 14:28:16.346473[INFO] tams_proc: [1087] payload len: 30
2026-08-10 14:28:16.346486[INFO] tams_proc: [1087] Parsing TAMD_CMD_GET_SO_READ Rsp
2026-08-10 14:28:16.346503[INFO] tams_proc: [1087] Parsing TAMD_CMD_GET_SO_READ Rsp status: TAM_SUCCESS
2026-08-10 14:28:16.346517[INFO] tams_proc: [1087] Processing TAMD_CMD_GET_SO_READ Rsp
2026-08-10 14:28:16.346591[INFO] tams_proc: [1087] Processing TAMD_CMD_GET_SO_READ Rsp status: TAM_SUCCESS
2026-08-10 14:28:16.349317[INFO] tams_proc: [1087] cmd type: TAMC_CMD_SO_DELETE
2026-08-10 14:28:16.349349[INFO] tams_proc: [1087] session id: 0x1
2026-08-10 14:28:16.349362[INFO] tams_proc: [1087] trans id: 0xe
2026-08-10 14:28:16.349374[INFO] tams_proc: [1087] payload len: 79
2026-08-10 14:28:16.349388[INFO] tams_proc: [1087] Parsing TAMC_CMD_SO_DELETE Req
2026-08-10 14:28:16.349406[INFO] tams_proc: [1087] Session key len: 32
[INFO] tams_proc: [1087] 18 D3 D7 63 73 88 81 E1 BE 9B 1C DB 76 A0 9C 7F A1 FE 28 DB E1 CD 2F CD 49 A2 17 E6 24 C0 39 60 
2026-08-10 14:28:16.349442[INFO] tams_proc: [1087] Object owner len : 5
[INFO] tams_proc: [1087] 49 6E 69 74 00 
2026-08-10 14:28:16.349461[INFO] tams_proc: [1087] Object name len : 18
[INFO] tams_proc: [1087] 53 45 4C 46 5F 54 45 53 54 5F 74 65 73 74 5F 73 6F 00 
2026-08-10 14:28:16.349502[INFO] tams_proc: [1087] Parsing TAMC_CMD_SO_DELETE Req status: TAM_SUCCESS
2026-08-10 14:28:16.349516[INFO] tams_proc: [1087] verifying TAMC session...
2026-08-10 14:28:16.349529[INFO] tams_proc: [1087] verify success!
2026-08-10 14:28:16.349544[INFO] tams_proc: [1087] Processing TAMC_CMD_SO_DELETE Req for device XRD_TAMDB
2026-08-10 14:28:16.349656[INFO] tams_proc: [1087] dev: XRD_TAMDB cmd: TAMD_CMD_GET_SO_DELETE new time: 24000 total time: 24000
2026-08-10 14:28:16.349746[INFO] tams_proc: [1087] Processing TAMC_CMD_SO_DELETE Req status: TAM_SUCCESS
2026-08-10 14:28:16.350989[INFO] tamd_proc: [1094] cmd type: TAMD_CMD_GET_SO_DELETE
2026-08-10 14:28:16.351019[INFO] tamd_proc: [1094] trans id: 0xf
2026-08-10 14:28:16.351029[INFO] tamd_proc: [1094] payload len: 64
2026-08-10 14:28:16.351037[INFO] tamd_proc: [1094] Parsing TAMD_CMD_GET_SO_DELETE Req
2026-08-10 14:28:16.351059[INFO] tamd_proc: [1094] credential_type : 2
2026-08-10 14:28:16.351069[INFO] tamd_proc: [1094] Parsing TAMD_CMD_GET_SO_DELETE Req status: TAM_SUCCESS
2026-08-10 14:28:16.369988[INFO] tamd_proc: [1094] >>>> store size: 0 - ./crypto/tams/tamservices/device/swtam/src/swtam_object_attr.c - 625
2026-08-10 14:28:16.391195[INFO] tamd_proc: [1094] Sending so delete result back to TAMS on tam_ipc_handle=0x57d5880765c0
2026-08-10 14:28:16.391284[INFO] tamd_proc: [1094] Processing TAMD_CMD_GET_SO_DELETE Req status: TAM_SUCCESS
2026-08-10 14:28:16.392499[INFO] tams_proc: [1087] cmd type: TAMD_CMD_GET_SO_DELETE
2026-08-10 14:28:16.392532[INFO] tams_proc: [1087] trans id: 0xf
2026-08-10 14:28:16.392542[INFO] tams_proc: [1087] status: TAM_SUCCESS
2026-08-10 14:28:16.392551[INFO] tams_proc: [1087] payload len: 0
2026-08-10 14:28:16.392560[INFO] tams_proc: [1087] Parsing TAMD_CMD_GET_SO_DELETE Rsp
2026-08-10 14:28:16.392570[INFO] tams_proc: [1087] Parsing TAMD_CMD_GET_SO_DELETE Rsp status: TAM_SUCCESS
2026-08-10 14:28:16.392578[INFO] tams_proc: [1087] Processing TAMD_CMD_GET_SO_DELETE Rsp
2026-08-10 14:28:16.392591[INFO] tams_proc: [1087] appname:Init sync_staus_enable:0 notify_enable:0
2026-08-10 14:28:16.392657[INFO] tams_proc: [1087] Processing TAMD_CMD_GET_SO_DELETE Rsp status: TAM_SUCCESS
2026-08-10 14:28:16.395291[INFO] tams_proc: [1087] cmd type: TAMC_CMD_APP_LOGOUT
2026-08-10 14:28:16.395317[INFO] tams_proc: [1087] session id: 0x1
2026-08-10 14:28:16.395326[INFO] tams_proc: [1087] trans id: 0xf
2026-08-10 14:28:16.395335[INFO] tams_proc: [1087] payload len: 40
2026-08-10 14:28:16.395343[INFO] tams_proc: [1087] Parsing TAMC_CMD_APP_LOGOUT Req
2026-08-10 14:28:16.395353[INFO] tams_proc: [1087] Session key len: 32
[INFO] tams_proc: [1087] 18 D3 D7 63 73 88 81 E1 BE 9B 1C DB 76 A0 9C 7F A1 FE 28 DB E1 CD 2F CD 49 A2 17 E6 24 C0 39 60 
2026-08-10 14:28:16.395378[INFO] tams_proc: [1087] Parsing TAMC_CMD_APP_LOGOUT Req status: TAM_SUCCESS
2026-08-10 14:28:16.395387[INFO] tams_proc: [1087] verifying TAMC session...
2026-08-10 14:28:16.395396[INFO] tams_proc: [1087] verify success!
2026-08-10 14:28:16.395404[INFO] tams_proc: [1087] Processing TAMC_CMD_APP_LOGOUT Req for device XRD_TAMDB
2026-08-10 14:28:16.395415[INFO] tams_proc: [1087] Client Notify is not enabled.
2026-08-10 14:28:16.395426[INFO] tams_proc: [1087] Deleting session 1 status TAM_SUCCESS
2026-08-10 14:28:16.395435[INFO] tams_proc: [1087] Sending status response: TAM_SUCCESS (0x1)
2026-08-10 14:28:16.395493[INFO] tams_proc: [1087] Processing TAMC_CMD_APP_LOGOUT Req status: TAM_SUCCESS
2026-08-10 14:28:16.396699[INFO] tamsvcs_tamm: [1022] SELF_TEST  Test for device : XRD_TAMDB App:0 Successful 
2026-08-10 14:28:16.399966[INFO] tams_proc: [1087] cmd type: TAMC_CMD_APP_LOGIN
2026-08-10 14:28:16.399993[INFO] tams_proc: [1087] session id: 0x0
2026-08-10 14:28:16.400002[INFO] tams_proc: [1087] trans id: 0x10
2026-08-10 14:28:16.400010[INFO] tams_proc: [1087] payload len: 347
2026-08-10 14:28:16.400018[INFO] tams_proc: [1087] Parsing TAMC_CMD_APP_LOGIN Req
2026-08-10 14:28:16.400040[INFO] tams_proc: [1087] credential_type: 2
2026-08-10 14:28:16.400049[INFO] tams_proc: [1087] Parsing TAMC_CMD_APP_LOGIN Req status: TAM_SUCCESS
2026-08-10 14:28:16.400058[INFO] tams_proc: [1087] Processing TAMC_CMD_APP_LOGIN Req for device XRD_TAMDB
2026-08-10 14:28:16.400068[INFO] tams_proc: [1087] app test_tam number pending sessions = 1 max=5
2026-08-10 14:28:16.400077[INFO] tams_proc: [1087] Received SRP message 1
2026-08-10 14:28:16.406592[INFO] tams_proc: [1087] Processing TAMC_CMD_APP_LOGIN Req status: TAM_SUCCESS
2026-08-10 14:28:16.416595[INFO] tams_proc: [1087] cmd type: TAMC_CMD_APP_LOGIN
2026-08-10 14:28:16.416622[INFO] tams_proc: [1087] session id: 0x2
2026-08-10 14:28:16.416632[INFO] tams_proc: [1087] trans id: 0x11
2026-08-10 14:28:16.416640[INFO] tams_proc: [1087] payload len: 87
2026-08-10 14:28:16.416648[INFO] tams_proc: [1087] Parsing TAMC_CMD_APP_LOGIN Req
2026-08-10 14:28:16.416661[INFO] tams_proc: [1087] Parsing TAMC_CMD_APP_LOGIN Req status: TAM_SUCCESS
2026-08-10 14:28:16.416670[INFO] tams_proc: [1087] Processing TAMC_CMD_APP_LOGIN Req for device XRD_TAMDB
2026-08-10 14:28:16.416679[INFO] tams_proc: [1087] Session in process
2026-08-10 14:28:16.416688[INFO] tams_proc: [1087] Received SRP message 3
2026-08-10 14:28:16.416697[INFO] tams_proc: [1087] app test_tam number sessions = 1 max=50
2026-08-10 14:28:16.416786[INFO] tams_proc: [1087] dev: XRD_TAMDB cmd: TAMD_CMD_DEVICE_BIND new time: 24000 total time: 24000
2026-08-10 14:28:16.416807[INFO] tams_proc: [1087] Processing TAMC_CMD_APP_LOGIN Req status: TAM_SUCCESS_IN_PROCESS
2026-08-10 14:28:16.418093[INFO] tamd_proc: [1094] cmd type: TAMD_CMD_DEVICE_BIND
2026-08-10 14:28:16.418121[INFO] tamd_proc: [1094] trans id: 0x10
2026-08-10 14:28:16.418131[INFO] tamd_proc: [1094] payload len: 16
2026-08-10 14:28:16.418139[INFO] tamd_proc: [1094] Parsing TAMD_CMD_DEVICE_BIND Req
2026-08-10 14:28:16.418150[INFO] tamd_proc: [1094] Parsing TAMD_CMD_DEVICE_BIND Req status: TAM_SUCCESS
2026-08-10 14:28:16.434965[INFO] tamd_proc: [1094] Processing TAMD_CMD_DEVICE_BIND Req status: TAM_SUCCESS
2026-08-10 14:28:16.436125[INFO] tams_proc: [1087] cmd type: TAMD_CMD_DEVICE_BIND
2026-08-10 14:28:16.436154[INFO] tams_proc: [1087] trans id: 0x10
2026-08-10 14:28:16.436164[INFO] tams_proc: [1087] status: TAM_SUCCESS
2026-08-10 14:28:16.436173[INFO] tams_proc: [1087] payload len: 0
2026-08-10 14:28:16.436182[INFO] tams_proc: [1087] Parsing TAMD_CMD_DEVICE_BIND Rsp
2026-08-10 14:28:16.436191[INFO] tams_proc: [1087] Parsing TAMD_CMD_DEVICE_BIND Rsp status: TAM_SUCCESS
2026-08-10 14:28:16.436199[INFO] tams_proc: [1087] Processing TAMD_CMD_DEVICE_BIND Rsp
2026-08-10 14:28:16.436208[INFO] tams_proc: [1087] Device XRD_TAMDB binding of app test_tam: TAM_SUCCESS
2026-08-10 14:28:16.436219[INFO] tams_proc: [1087] Sending SRP message 4 (80 bytes)
2026-08-10 14:28:16.436277[INFO] tams_proc: [1087] SRP session key (32 bytes):
[INFO] tams_proc: [1087] C3 8B 56 D5 DD 92 C2 B6 A1 CD 75 3E 6E 00 70 55 E6 C4 01 22 3D 92 5F D7 28 96 CF 08 1A 14 0A A8 
2026-08-10 14:28:16.436314[INFO] tams_proc: [1087] Application test_tam authentication succeeded!
2026-08-10 14:28:16.436323[INFO] tams_proc: [1087] Binding of app test_tam to device XRD_TAMDB: TAM_SUCCESS
2026-08-10 14:28:16.436333[INFO] tams_proc: [1087] Processing TAMD_CMD_DEVICE_BIND Rsp status: TAM_SUCCESS
2026-08-10 14:28:16.438799[INFO] tams_proc: [1087] cmd type: TAMC_CMD_SO_DELETE
2026-08-10 14:28:16.438825[INFO] tams_proc: [1087] session id: 0x2
2026-08-10 14:28:16.438834[INFO] tams_proc: [1087] trans id: 0x12
2026-08-10 14:28:16.438842[INFO] tams_proc: [1087] payload len: 83
2026-08-10 14:28:16.438857[INFO] tams_proc: [1087] Parsing TAMC_CMD_SO_DELETE Req
2026-08-10 14:28:16.438870[INFO] tams_proc: [1087] Session key len: 32
[INFO] tams_proc: [1087] C3 8B 56 D5 DD 92 C2 B6 A1 CD 75 3E 6E 00 70 55 E6 C4 01 22 3D 92 5F D7 28 96 CF 08 1A 14 0A A8 
2026-08-10 14:28:16.438895[INFO] tams_proc: [1087] Object owner len : 9
[INFO] tams_proc: [1087] 74 65 73 74 5F 74 61 6D 00 
2026-08-10 14:28:16.438914[INFO] tams_proc: [1087] Object name len : 18
[INFO] tams_proc: [1087] 53 45 4C 46 5F 54 45 53 54 5F 74 65 73 74 5F 73 6F 00 
2026-08-10 14:28:16.438934[INFO] tams_proc: [1087] Parsing TAMC_CMD_SO_DELETE Req status: TAM_SUCCESS
2026-08-10 14:28:16.438943[INFO] tams_proc: [1087] verifying TAMC session...
2026-08-10 14:28:16.438952[INFO] tams_proc: [1087] verify success!
2026-08-10 14:28:16.438960[INFO] tams_proc: [1087] Processing TAMC_CMD_SO_DELETE Req for device XRD_TAMDB
2026-08-10 14:28:16.439050[INFO] tams_proc: [1087] dev: XRD_TAMDB cmd: TAMD_CMD_GET_SO_DELETE new time: 24000 total time: 24000
2026-08-10 14:28:16.439114[INFO] tams_proc: [1087] Processing TAMC_CMD_SO_DELETE Req status: TAM_SUCCESS
2026-08-10 14:28:16.440340[INFO] tamd_proc: [1094] cmd type: TAMD_CMD_GET_SO_DELETE
2026-08-10 14:28:16.440367[INFO] tamd_proc: [1094] trans id: 0x11
2026-08-10 14:28:16.440376[INFO] tamd_proc: [1094] payload len: 72
2026-08-10 14:28:16.440384[INFO] tamd_proc: [1094] Parsing TAMD_CMD_GET_SO_DELETE Req
2026-08-10 14:28:16.440394[INFO] tamd_proc: [1094] credential_type : 2
2026-08-10 14:28:16.440403[INFO] tamd_proc: [1094] Parsing TAMD_CMD_GET_SO_DELETE Req status: TAM_SUCCESS
2026-08-10 14:28:16.456553[INFO] tamd_proc: [1094] Sending so delete result back to TAMS on tam_ipc_handle=0x57d5880765c0
2026-08-10 14:28:16.456637[INFO] tamd_proc: [1094] Processing TAMD_CMD_GET_SO_DELETE Req status: TAM_SUCCESS
2026-08-10 14:28:16.457785[INFO] tams_proc: [1087] cmd type: TAMD_CMD_GET_SO_DELETE
2026-08-10 14:28:16.457815[INFO] tams_proc: [1087] trans id: 0x11
2026-08-10 14:28:16.457826[INFO] tams_proc: [1087] status: TAM_ERROR_NO_OBJECT
2026-08-10 14:28:16.457834[INFO] tams_proc: [1087] payload len: 0
2026-08-10 14:28:16.457843[INFO] tams_proc: [1087] Parsing TAMD_CMD_GET_SO_DELETE Rsp
2026-08-10 14:28:16.457852[INFO] tams_proc: [1087] Parsing TAMD_CMD_GET_SO_DELETE Rsp status: TAM_SUCCESS
2026-08-10 14:28:16.457861[INFO] tams_proc: [1087] Processing TAMD_CMD_GET_SO_DELETE Rsp
2026-08-10 14:28:16.457923[INFO] tams_proc: [1087] Processing TAMD_CMD_GET_SO_DELETE Rsp status: TAM_SUCCESS
2026-08-10 14:28:16.460565[INFO] tams_proc: [1087] cmd type: TAMC_CMD_SO_CREATE
2026-08-10 14:28:16.460622[INFO] tams_proc: [1087] session id: 0x2
2026-08-10 14:28:16.460640[INFO] tams_proc: [1087] trans id: 0x13
2026-08-10 14:28:16.460655[INFO] tams_proc: [1087] payload len: 152
2026-08-10 14:28:16.460669[INFO] tams_proc: [1087] Parsing TAMC_CMD_SO_CREATE Req
2026-08-10 14:28:16.460688[INFO] tams_proc: [1087] Session key len: 32
[INFO] tams_proc: [1087] C3 8B 56 D5 DD 92 C2 B6 A1 CD 75 3E 6E 00 70 55 E6 C4 01 22 3D 92 5F D7 28 96 CF 08 1A 14 0A A8 
2026-08-10 14:28:16.460731[INFO] tams_proc: [1087] Object owner len : 9
[INFO] tams_proc: [1087] 74 65 73 74 5F 74 61 6D 00 
2026-08-10 14:28:16.460763[INFO] tams_proc: [1087] Object name len : 18
[INFO] tams_proc: [1087] 53 45 4C 46 5F 54 45 53 54 5F 74 65 73 74 5F 73 6F 00 
2026-08-10 14:28:16.460796[INFO] tams_proc: [1087] Object type 1, len : 1
2026-08-10 14:28:16.460811[INFO] tams_proc: [1087] Memory Flag 2, len : 1
2026-08-10 14:28:16.460825[INFO] tams_proc: [1087] CSP flag 0, len : 1
2026-08-10 14:28:16.460839[INFO] tams_proc: [1087] Encryption Flag 1, len : 1
2026-08-10 14:28:16.460853[INFO] tams_proc: [1087] Import flag 1, len : 1
2026-08-10 14:28:16.460866[INFO] tams_proc: [1087] Object size 23, len : 4
2026-08-10 14:28:16.460880[INFO] tams_proc: [1087] Meta data 0x0, len : 4
2026-08-10 14:28:16.460896[INFO] tams_proc: [1087] Parsing TAMC_CMD_SO_CREATE Req status: TAM_SUCCESS
2026-08-10 14:28:16.460912[INFO] tams_proc: [1087] verifying TAMC session...
2026-08-10 14:28:16.460927[INFO] tams_proc: [1087] verify success!
2026-08-10 14:28:16.460941[INFO] tams_proc: [1087] Processing TAMC_CMD_SO_CREATE Req for device XRD_TAMDB
2026-08-10 14:28:16.461105[INFO] tams_proc: [1087] dev: XRD_TAMDB cmd: TAMD_CMD_GET_SO_CREATE new time: 24000 total time: 24000
2026-08-10 14:28:16.461226[INFO] tams_proc: [1087] Processing TAMC_CMD_SO_CREATE Req status: TAM_SUCCESS
2026-08-10 14:28:16.462390[INFO] tamd_proc: [1094] cmd type: TAMD_CMD_GET_SO_CREATE
2026-08-10 14:28:16.462416[INFO] tamd_proc: [1094] trans id: 0x12
2026-08-10 14:28:16.462426[INFO] tamd_proc: [1094] payload len: 141
2026-08-10 14:28:16.462434[INFO] tamd_proc: [1094] Parsing TAMD_CMD_GET_SO_CREATE Req
2026-08-10 14:28:16.462444[INFO] tamd_proc: [1094] object_type(len): 1 1
2026-08-10 14:28:16.462452[INFO] tamd_proc: [1094] credential_type : 2
2026-08-10 14:28:16.462461[INFO] tamd_proc: [1094] Parsing TAMD_CMD_GET_SO_CREATE Req status: TAM_SUCCESS
2026-08-10 14:28:16.478715[INFO] tamd_proc: [1094] >>>> store size - object size - quota: 0 - 23 - 10485760 - ./crypto/tams/tamservices/device/swtam/src/swtam_object_attr.c - 878
2026-08-10 14:28:16.482053[INFO] tamd_proc: [1094] >>>> store size - object size - quota: 23 - 23 - 10485760 - ./crypto/tams/tamservices/device/swtam/src/swtam_object_attr.c - 891
2026-08-10 14:28:16.501320[INFO] tamd_proc: [1094] Sending so read result back to TAMS on tam_ipc_handle=0x57d5880765c0
2026-08-10 14:28:16.501412[INFO] tamd_proc: [1094] Processing TAMD_CMD_GET_SO_CREATE Req status: TAM_SUCCESS
2026-08-10 14:28:16.502563[INFO] tams_proc: [1087] cmd type: TAMD_CMD_GET_SO_CREATE
2026-08-10 14:28:16.502593[INFO] tams_proc: [1087] trans id: 0x12
2026-08-10 14:28:16.502604[INFO] tams_proc: [1087] status: TAM_SUCCESS
2026-08-10 14:28:16.502613[INFO] tams_proc: [1087] payload len: 0
2026-08-10 14:28:16.502621[INFO] tams_proc: [1087] Parsing TAMD_CMD_GET_SO_CREATE Rsp
2026-08-10 14:28:16.502631[INFO] tams_proc: [1087] Parsing TAMD_CMD_GET_SO_CREATE Rsp status: TAM_SUCCESS
2026-08-10 14:28:16.502640[INFO] tams_proc: [1087] Processing TAMD_CMD_GET_SO_CREATE Rsp
2026-08-10 14:28:16.502651[INFO] tams_proc: [1087] appname:test_tam sync_staus_enable:0 notify_enable:0
2026-08-10 14:28:16.502712[INFO] tams_proc: [1087] Processing TAMD_CMD_GET_SO_CREATE Rsp status: TAM_SUCCESS
2026-08-10 14:28:16.505293[INFO] tams_proc: [1087] cmd type: TAMC_CMD_SO_WRITE
2026-08-10 14:28:16.505326[INFO] tams_proc: [1087] session id: 0x2
2026-08-10 14:28:16.505336[INFO] tams_proc: [1087] trans id: 0x14
2026-08-10 14:28:16.505345[INFO] tams_proc: [1087] payload len: 113
2026-08-10 14:28:16.505353[INFO] tams_proc: [1087] Parsing TAMC_CMD_SO_WRITE Req
2026-08-10 14:28:16.505364[INFO] tams_proc: [1087] Session key len: 32
[INFO] tams_proc: [1087] C3 8B 56 D5 DD 92 C2 B6 A1 CD 75 3E 6E 00 70 55 E6 C4 01 22 3D 92 5F D7 28 96 CF 08 1A 14 0A A8 
2026-08-10 14:28:16.505388[INFO] tams_proc: [1087] Object owner len : 9
[INFO] tams_proc: [1087] 74 65 73 74 5F 74 61 6D 00 
2026-08-10 14:28:16.505407[INFO] tams_proc: [1087] Object name len : 18
[INFO] tams_proc: [1087] 53 45 4C 46 5F 54 45 53 54 5F 74 65 73 74 5F 73 6F 00 
2026-08-10 14:28:16.505427[INFO] tams_proc: [1087] Data len : 22
[INFO] tams_proc: [1087] 53 65 6C 66 20 74 65 73 74 20 64 61 74 61 20 63 6F 6E 74 65 6E 74 
2026-08-10 14:28:16.505449[INFO] tams_proc: [1087] Parsing TAMC_CMD_SO_WRITE Req status: TAM_SUCCESS
2026-08-10 14:28:16.505458[INFO] tams_proc: [1087] verifying TAMC session...
2026-08-10 14:28:16.505467[INFO] tams_proc: [1087] verify success!
2026-08-10 14:28:16.505475[INFO] tams_proc: [1087] Processing TAMC_CMD_SO_WRITE Req for device XRD_TAMDB
2026-08-10 14:28:16.505569[INFO] tams_proc: [1087] dev: XRD_TAMDB cmd: TAMD_CMD_GET_SO_WRITE new time: 24000 total time: 24000
2026-08-10 14:28:16.505634[INFO] tams_proc: [1087] Processing TAMC_CMD_SO_WRITE Req status: TAM_SUCCESS
2026-08-10 14:28:16.506938[INFO] tamd_proc: [1094] cmd type: TAMD_CMD_GET_SO_WRITE
2026-08-10 14:28:16.506967[INFO] tamd_proc: [1094] trans id: 0x13
2026-08-10 14:28:16.506977[INFO] tamd_proc: [1094] payload len: 102
2026-08-10 14:28:16.506985[INFO] tamd_proc: [1094] Parsing TAMD_CMD_GET_SO_WRITE Req
2026-08-10 14:28:16.506995[INFO] tamd_proc: [1094] credential_type : 2
2026-08-10 14:28:16.507004[INFO] tamd_proc: [1094] Parsing TAMD_CMD_GET_SO_WRITE Req status: TAM_SUCCESS
2026-08-10 14:28:16.528677[INFO] tamd_proc: [1094] Sending so read result back to TAMS on tam_ipc_handle=0x57d5880765c0
2026-08-10 14:28:16.528760[INFO] tamd_proc: [1094] Processing TAMD_CMD_GET_SO_WRITE Req status: TAM_SUCCESS
2026-08-10 14:28:16.529904[INFO] tams_proc: [1087] cmd type: TAMD_CMD_GET_SO_WRITE
2026-08-10 14:28:16.529933[INFO] tams_proc: [1087] trans id: 0x13
2026-08-10 14:28:16.529944[INFO] tams_proc: [1087] status: TAM_SUCCESS
2026-08-10 14:28:16.529953[INFO] tams_proc: [1087] payload len: 0
2026-08-10 14:28:16.529961[INFO] tams_proc: [1087] Parsing TAMD_CMD_GET_SO_WRITE Rsp
2026-08-10 14:28:16.529971[INFO] tams_proc: [1087] Parsing TAMD_CMD_GET_SO_WRITE Rsp status: TAM_SUCCESS
2026-08-10 14:28:16.529980[INFO] tams_proc: [1087] Processing TAMD_CMD_GET_SO_WRITE Rsp
2026-08-10 14:28:16.529990[INFO] tams_proc: [1087] appname:test_tam sync_staus_enable:0 notify_enable:0
2026-08-10 14:28:16.530052[INFO] tams_proc: [1087] Processing TAMD_CMD_GET_SO_WRITE Rsp status: TAM_SUCCESS
2026-08-10 14:28:16.532564[INFO] tams_proc: [1087] cmd type: TAMC_CMD_SO_READ
2026-08-10 14:28:16.532591[INFO] tams_proc: [1087] session id: 0x2
2026-08-10 14:28:16.532600[INFO] tams_proc: [1087] trans id: 0x15
2026-08-10 14:28:16.532608[INFO] tams_proc: [1087] payload len: 83
2026-08-10 14:28:16.532616[INFO] tams_proc: [1087] Parsing TAMC_CMD_SO_READ Req
2026-08-10 14:28:16.532626[INFO] tams_proc: [1087] Session key len: 32
[INFO] tams_proc: [1087] C3 8B 56 D5 DD 92 C2 B6 A1 CD 75 3E 6E 00 70 55 E6 C4 01 22 3D 92 5F D7 28 96 CF 08 1A 14 0A A8 
2026-08-10 14:28:16.532651[INFO] tams_proc: [1087] Object owner len : 9
[INFO] tams_proc: [1087] 74 65 73 74 5F 74 61 6D 00 
2026-08-10 14:28:16.532669[INFO] tams_proc: [1087] Object name len : 18
[INFO] tams_proc: [1087] 53 45 4C 46 5F 54 45 53 54 5F 74 65 73 74 5F 73 6F 00 
2026-08-10 14:28:16.532690[INFO] tams_proc: [1087] Parsing TAMC_CMD_SO_READ Req status: TAM_SUCCESS
2026-08-10 14:28:16.532699[INFO] tams_proc: [1087] verifying TAMC session...
2026-08-10 14:28:16.532708[INFO] tams_proc: [1087] verify success!
2026-08-10 14:28:16.532716[INFO] tams_proc: [1087] Processing TAMC_CMD_SO_READ Req for device XRD_TAMDB
2026-08-10 14:28:16.532807[INFO] tams_proc: [1087] dev: XRD_TAMDB cmd: TAMD_CMD_GET_SO_READ new time: 24000 total time: 24000
2026-08-10 14:28:16.532874[INFO] tams_proc: [1087] Processing TAMC_CMD_SO_READ Req status: TAM_SUCCESS
2026-08-10 14:28:16.534125[INFO] tamd_proc: [1094] cmd type: TAMD_CMD_GET_SO_READ
2026-08-10 14:28:16.534151[INFO] tamd_proc: [1094] trans id: 0x14
2026-08-10 14:28:16.534160[INFO] tamd_proc: [1094] payload len: 72
2026-08-10 14:28:16.534168[INFO] tamd_proc: [1094] Parsing TAMD_CMD_GET_SO_READ Req
2026-08-10 14:28:16.534178[INFO] tamd_proc: [1094] credential_type : 2
2026-08-10 14:28:16.534187[INFO] tamd_proc: [1094] Parsing TAMD_CMD_GET_SO_READ Req status: TAM_SUCCESS
2026-08-10 14:28:16.550891[INFO] tamd_proc: [1094] Sending so read result back to TAMS on tam_ipc_handle=0x57d5880765c0
2026-08-10 14:28:16.550971[INFO] tamd_proc: [1094] Processing TAMD_CMD_GET_SO_READ Req status: TAM_SUCCESS
2026-08-10 14:28:16.552112[INFO] tams_proc: [1087] cmd type: TAMD_CMD_GET_SO_READ
2026-08-10 14:28:16.552139[INFO] tams_proc: [1087] trans id: 0x14
2026-08-10 14:28:16.552149[INFO] tams_proc: [1087] status: TAM_SUCCESS
2026-08-10 14:28:16.552157[INFO] tams_proc: [1087] payload len: 30
2026-08-10 14:28:16.552165[INFO] tams_proc: [1087] Parsing TAMD_CMD_GET_SO_READ Rsp
2026-08-10 14:28:16.552181[INFO] tams_proc: [1087] Parsing TAMD_CMD_GET_SO_READ Rsp status: TAM_SUCCESS
2026-08-10 14:28:16.552190[INFO] tams_proc: [1087] Processing TAMD_CMD_GET_SO_READ Rsp
2026-08-10 14:28:16.552250[INFO] tams_proc: [1087] Processing TAMD_CMD_GET_SO_READ Rsp status: TAM_SUCCESS
2026-08-10 14:28:16.554817[INFO] tams_proc: [1087] cmd type: TAMC_CMD_SO_DELETE
2026-08-10 14:28:16.554843[INFO] tams_proc: [1087] session id: 0x2
2026-08-10 14:28:16.554852[INFO] tams_proc: [1087] trans id: 0x16
2026-08-10 14:28:16.554865[INFO] tams_proc: [1087] payload len: 83
2026-08-10 14:28:16.554874[INFO] tams_proc: [1087] Parsing TAMC_CMD_SO_DELETE Req
2026-08-10 14:28:16.554884[INFO] tams_proc: [1087] Session key len: 32
[INFO] tams_proc: [1087] C3 8B 56 D5 DD 92 C2 B6 A1 CD 75 3E 6E 00 70 55 E6 C4 01 22 3D 92 5F D7 28 96 CF 08 1A 14 0A A8 
2026-08-10 14:28:16.554908[INFO] tams_proc: [1087] Object owner len : 9
[INFO] tams_proc: [1087] 74 65 73 74 5F 74 61 6D 00 
2026-08-10 14:28:16.554927[INFO] tams_proc: [1087] Object name len : 18
[INFO] tams_proc: [1087] 53 45 4C 46 5F 54 45 53 54 5F 74 65 73 74 5F 73 6F 00 
2026-08-10 14:28:16.554948[INFO] tams_proc: [1087] Parsing TAMC_CMD_SO_DELETE Req status: TAM_SUCCESS
2026-08-10 14:28:16.554956[INFO] tams_proc: [1087] verifying TAMC session...
2026-08-10 14:28:16.554965[INFO] tams_proc: [1087] verify success!
2026-08-10 14:28:16.554973[INFO] tams_proc: [1087] Processing TAMC_CMD_SO_DELETE Req for device XRD_TAMDB
2026-08-10 14:28:16.555061[INFO] tams_proc: [1087] dev: XRD_TAMDB cmd: TAMD_CMD_GET_SO_DELETE new time: 24000 total time: 24000
2026-08-10 14:28:16.555124[INFO] tams_proc: [1087] Processing TAMC_CMD_SO_DELETE Req status: TAM_SUCCESS
2026-08-10 14:28:16.556354[INFO] tamd_proc: [1094] cmd type: TAMD_CMD_GET_SO_DELETE
2026-08-10 14:28:16.556380[INFO] tamd_proc: [1094] trans id: 0x15
2026-08-10 14:28:16.556389[INFO] tamd_proc: [1094] payload len: 72
2026-08-10 14:28:16.556397[INFO] tamd_proc: [1094] Parsing TAMD_CMD_GET_SO_DELETE Req
2026-08-10 14:28:16.556407[INFO] tamd_proc: [1094] credential_type : 2
2026-08-10 14:28:16.556432[INFO] tamd_proc: [1094] Parsing TAMD_CMD_GET_SO_DELETE Req status: TAM_SUCCESS
2026-08-10 14:28:16.572634[INFO] tamd_proc: [1094] >>>> store size: 0 - ./crypto/tams/tamservices/device/swtam/src/swtam_object_attr.c - 625
2026-08-10 14:28:16.592103[INFO] tamd_proc: [1094] Sending so delete result back to TAMS on tam_ipc_handle=0x57d5880765c0
2026-08-10 14:28:16.592182[INFO] tamd_proc: [1094] Processing TAMD_CMD_GET_SO_DELETE Req status: TAM_SUCCESS
2026-08-10 14:28:16.593314[INFO] tams_proc: [1087] cmd type: TAMD_CMD_GET_SO_DELETE
2026-08-10 14:28:16.593340[INFO] tams_proc: [1087] trans id: 0x15
2026-08-10 14:28:16.593350[INFO] tams_proc: [1087] status: TAM_SUCCESS
2026-08-10 14:28:16.593358[INFO] tams_proc: [1087] payload len: 0
2026-08-10 14:28:16.593367[INFO] tams_proc: [1087] Parsing TAMD_CMD_GET_SO_DELETE Rsp
2026-08-10 14:28:16.593376[INFO] tams_proc: [1087] Parsing TAMD_CMD_GET_SO_DELETE Rsp status: TAM_SUCCESS
2026-08-10 14:28:16.593385[INFO] tams_proc: [1087] Processing TAMD_CMD_GET_SO_DELETE Rsp
2026-08-10 14:28:16.593394[INFO] tams_proc: [1087] appname:test_tam sync_staus_enable:0 notify_enable:0
2026-08-10 14:28:16.593454[INFO] tams_proc: [1087] Processing TAMD_CMD_GET_SO_DELETE Rsp status: TAM_SUCCESS
2026-08-10 14:28:16.596014[INFO] tams_proc: [1087] cmd type: TAMC_CMD_APP_LOGOUT
2026-08-10 14:28:16.596040[INFO] tams_proc: [1087] session id: 0x2
2026-08-10 14:28:16.596049[INFO] tams_proc: [1087] trans id: 0x17
2026-08-10 14:28:16.596057[INFO] tams_proc: [1087] payload len: 40
2026-08-10 14:28:16.596065[INFO] tams_proc: [1087] Parsing TAMC_CMD_APP_LOGOUT Req
2026-08-10 14:28:16.596074[INFO] tams_proc: [1087] Session key len: 32
[INFO] tams_proc: [1087] C3 8B 56 D5 DD 92 C2 B6 A1 CD 75 3E 6E 00 70 55 E6 C4 01 22 3D 92 5F D7 28 96 CF 08 1A 14 0A A8 
2026-08-10 14:28:16.596100[INFO] tams_proc: [1087] Parsing TAMC_CMD_APP_LOGOUT Req status: TAM_SUCCESS
2026-08-10 14:28:16.596109[INFO] tams_proc: [1087] verifying TAMC session...
2026-08-10 14:28:16.596117[INFO] tams_proc: [1087] verify success!
2026-08-10 14:28:16.596126[INFO] tams_proc: [1087] Processing TAMC_CMD_APP_LOGOUT Req for device XRD_TAMDB
2026-08-10 14:28:16.596135[INFO] tams_proc: [1087] Client Notify is not enabled.
2026-08-10 14:28:16.596147[INFO] tams_proc: [1087] Deleting session 2 status TAM_SUCCESS
2026-08-10 14:28:16.596155[INFO] tams_proc: [1087] Sending status response: TAM_SUCCESS (0x1)
2026-08-10 14:28:16.596212[INFO] tams_proc: [1087] Processing TAMC_CMD_APP_LOGOUT Req status: TAM_SUCCESS
2026-08-10 14:28:16.597380[INFO] tamsvcs_tamm: [1022] SELF_TEST  Test for device : XRD_TAMDB App:1 Successful 
2026-08-10 14:28:16.600638[INFO] tams_proc: [1087] cmd type: TAMC_CMD_APP_LOGIN
2026-08-10 14:28:16.600664[INFO] tams_proc: [1087] session id: 0x0
2026-08-10 14:28:16.600673[INFO] tams_proc: [1087] trans id: 0x18
2026-08-10 14:28:16.600681[INFO] tams_proc: [1087] payload len: 347
2026-08-10 14:28:16.600689[INFO] tams_proc: [1087] Parsing TAMC_CMD_APP_LOGIN Req
2026-08-10 14:28:16.600710[INFO] tams_proc: [1087] credential_type: 2
2026-08-10 14:28:16.600720[INFO] tams_proc: [1087] Parsing TAMC_CMD_APP_LOGIN Req status: TAM_SUCCESS
2026-08-10 14:28:16.600728[INFO] tams_proc: [1087] Processing TAMC_CMD_APP_LOGIN Req for device XRD_TAMDB
2026-08-10 14:28:16.600739[INFO] tams_proc: [1087] app kev_app1 number pending sessions = 1 max=5
2026-08-10 14:28:16.600748[INFO] tams_proc: [1087] Received SRP message 1
2026-08-10 14:28:16.607329[INFO] tams_proc: [1087] Processing TAMC_CMD_APP_LOGIN Req status: TAM_SUCCESS
2026-08-10 14:28:16.622435[INFO] tams_proc: [1087] cmd type: TAMC_CMD_APP_LOGIN
2026-08-10 14:28:16.622462[INFO] tams_proc: [1087] session id: 0x3
2026-08-10 14:28:16.622471[INFO] tams_proc: [1087] trans id: 0x19
2026-08-10 14:28:16.622479[INFO] tams_proc: [1087] payload len: 87
2026-08-10 14:28:16.622487[INFO] tams_proc: [1087] Parsing TAMC_CMD_APP_LOGIN Req
2026-08-10 14:28:16.622500[INFO] tams_proc: [1087] Parsing TAMC_CMD_APP_LOGIN Req status: TAM_SUCCESS
2026-08-10 14:28:16.622509[INFO] tams_proc: [1087] Processing TAMC_CMD_APP_LOGIN Req for device XRD_TAMDB
2026-08-10 14:28:16.622519[INFO] tams_proc: [1087] Session in process
2026-08-10 14:28:16.622527[INFO] tams_proc: [1087] Received SRP message 3
2026-08-10 14:28:16.622537[INFO] tams_proc: [1087] app kev_app1 number sessions = 1 max=50
2026-08-10 14:28:16.622627[INFO] tams_proc: [1087] dev: XRD_TAMDB cmd: TAMD_CMD_DEVICE_BIND new time: 24000 total time: 24000
2026-08-10 14:28:16.622648[INFO] tams_proc: [1087] Processing TAMC_CMD_APP_LOGIN Req status: TAM_SUCCESS_IN_PROCESS
2026-08-10 14:28:16.624006[INFO] tamd_proc: [1094] cmd type: TAMD_CMD_DEVICE_BIND
2026-08-10 14:28:16.624034[INFO] tamd_proc: [1094] trans id: 0x16
2026-08-10 14:28:16.624043[INFO] tamd_proc: [1094] payload len: 16
2026-08-10 14:28:16.624051[INFO] tamd_proc: [1094] Parsing TAMD_CMD_DEVICE_BIND Req
2026-08-10 14:28:16.624062[INFO] tamd_proc: [1094] Parsing TAMD_CMD_DEVICE_BIND Req status: TAM_SUCCESS
2026-08-10 14:28:16.640245[INFO] tamd_proc: [1094] Processing TAMD_CMD_DEVICE_BIND Req status: TAM_SUCCESS
2026-08-10 14:28:16.641426[INFO] tams_proc: [1087] cmd type: TAMD_CMD_DEVICE_BIND
2026-08-10 14:28:16.641456[INFO] tams_proc: [1087] trans id: 0x16
2026-08-10 14:28:16.641467[INFO] tams_proc: [1087] status: TAM_SUCCESS
2026-08-10 14:28:16.641475[INFO] tams_proc: [1087] payload len: 0
2026-08-10 14:28:16.641489[INFO] tams_proc: [1087] Parsing TAMD_CMD_DEVICE_BIND Rsp
2026-08-10 14:28:16.641499[INFO] tams_proc: [1087] Parsing TAMD_CMD_DEVICE_BIND Rsp status: TAM_SUCCESS
2026-08-10 14:28:16.641508[INFO] tams_proc: [1087] Processing TAMD_CMD_DEVICE_BIND Rsp
2026-08-10 14:28:16.641517[INFO] tams_proc: [1087] Device XRD_TAMDB binding of app kev_app1: TAM_SUCCESS
2026-08-10 14:28:16.641528[INFO] tams_proc: [1087] Sending SRP message 4 (80 bytes)
2026-08-10 14:28:16.641590[INFO] tams_proc: [1087] SRP session key (32 bytes):
[INFO] tams_proc: [1087] A7 2B 62 88 C7 06 5D D1 72 EA 7C CB 0B 53 4D FC 73 D1 59 13 9C 23 29 71 35 B6 D5 09 9C 22 37 24 
2026-08-10 14:28:16.641633[INFO] tams_proc: [1087] Application kev_app1 authentication succeeded!
2026-08-10 14:28:16.641643[INFO] tams_proc: [1087] Binding of app kev_app1 to device XRD_TAMDB: TAM_SUCCESS
2026-08-10 14:28:16.641653[INFO] tams_proc: [1087] Processing TAMD_CMD_DEVICE_BIND Rsp status: TAM_SUCCESS
2026-08-10 14:28:16.644218[INFO] tams_proc: [1087] cmd type: TAMC_CMD_SO_DELETE
2026-08-10 14:28:16.644244[INFO] tams_proc: [1087] session id: 0x3
2026-08-10 14:28:16.644254[INFO] tams_proc: [1087] trans id: 0x1a
2026-08-10 14:28:16.644262[INFO] tams_proc: [1087] payload len: 83
2026-08-10 14:28:16.644270[INFO] tams_proc: [1087] Parsing TAMC_CMD_SO_DELETE Req
2026-08-10 14:28:16.644280[INFO] tams_proc: [1087] Session key len: 32
[INFO] tams_proc: [1087] A7 2B 62 88 C7 06 5D D1 72 EA 7C CB 0B 53 4D FC 73 D1 59 13 9C 23 29 71 35 B6 D5 09 9C 22 37 24 
2026-08-10 14:28:16.644304[INFO] tams_proc: [1087] Object owner len : 9
[INFO] tams_proc: [1087] 6B 65 76 5F 61 70 70 31 00 
2026-08-10 14:28:16.644324[INFO] tams_proc: [1087] Object name len : 18
[INFO] tams_proc: [1087] 53 45 4C 46 5F 54 45 53 54 5F 74 65 73 74 5F 73 6F 00 
2026-08-10 14:28:16.644345[INFO] tams_proc: [1087] Parsing TAMC_CMD_SO_DELETE Req status: TAM_SUCCESS
2026-08-10 14:28:16.644353[INFO] tams_proc: [1087] verifying TAMC session...
2026-08-10 14:28:16.644362[INFO] tams_proc: [1087] verify success!
2026-08-10 14:28:16.644371[INFO] tams_proc: [1087] Processing TAMC_CMD_SO_DELETE Req for device XRD_TAMDB
2026-08-10 14:28:16.644489[INFO] tams_proc: [1087] dev: XRD_TAMDB cmd: TAMD_CMD_GET_SO_DELETE new time: 24000 total time: 24000
2026-08-10 14:28:16.644558[INFO] tams_proc: [1087] Processing TAMC_CMD_SO_DELETE Req status: TAM_SUCCESS
2026-08-10 14:28:16.645781[INFO] tamd_proc: [1094] cmd type: TAMD_CMD_GET_SO_DELETE
2026-08-10 14:28:16.645810[INFO] tamd_proc: [1094] trans id: 0x17
2026-08-10 14:28:16.645826[INFO] tamd_proc: [1094] payload len: 72
2026-08-10 14:28:16.645835[INFO] tamd_proc: [1094] Parsing TAMD_CMD_GET_SO_DELETE Req
2026-08-10 14:28:16.645846[INFO] tamd_proc: [1094] credential_type : 2
2026-08-10 14:28:16.645855[INFO] tamd_proc: [1094] Parsing TAMD_CMD_GET_SO_DELETE Req status: TAM_SUCCESS
2026-08-10 14:28:16.662225[INFO] tamd_proc: [1094] Sending so delete result back to TAMS on tam_ipc_handle=0x57d5880765c0
2026-08-10 14:28:16.662310[INFO] tamd_proc: [1094] Processing TAMD_CMD_GET_SO_DELETE Req status: TAM_SUCCESS
2026-08-10 14:28:16.663469[INFO] tams_proc: [1087] cmd type: TAMD_CMD_GET_SO_DELETE
2026-08-10 14:28:16.663499[INFO] tams_proc: [1087] trans id: 0x17
2026-08-10 14:28:16.663510[INFO] tams_proc: [1087] status: TAM_ERROR_NO_OBJECT
2026-08-10 14:28:16.663519[INFO] tams_proc: [1087] payload len: 0
2026-08-10 14:28:16.663527[INFO] tams_proc: [1087] Parsing TAMD_CMD_GET_SO_DELETE Rsp
2026-08-10 14:28:16.663537[INFO] tams_proc: [1087] Parsing TAMD_CMD_GET_SO_DELETE Rsp status: TAM_SUCCESS
2026-08-10 14:28:16.663545[INFO] tams_proc: [1087] Processing TAMD_CMD_GET_SO_DELETE Rsp
2026-08-10 14:28:16.663606[INFO] tams_proc: [1087] Processing TAMD_CMD_GET_SO_DELETE Rsp status: TAM_SUCCESS
2026-08-10 14:28:16.666169[INFO] tams_proc: [1087] cmd type: TAMC_CMD_SO_CREATE
2026-08-10 14:28:16.666196[INFO] tams_proc: [1087] session id: 0x3
2026-08-10 14:28:16.666205[INFO] tams_proc: [1087] trans id: 0x1b
2026-08-10 14:28:16.666213[INFO] tams_proc: [1087] payload len: 152
2026-08-10 14:28:16.666222[INFO] tams_proc: [1087] Parsing TAMC_CMD_SO_CREATE Req
2026-08-10 14:28:16.666232[INFO] tams_proc: [1087] Session key len: 32
[INFO] tams_proc: [1087] A7 2B 62 88 C7 06 5D D1 72 EA 7C CB 0B 53 4D FC 73 D1 59 13 9C 23 29 71 35 B6 D5 09 9C 22 37 24 
2026-08-10 14:28:16.666257[INFO] tams_proc: [1087] Object owner len : 9
[INFO] tams_proc: [1087] 6B 65 76 5F 61 70 70 31 00 
2026-08-10 14:28:16.666275[INFO] tams_proc: [1087] Object name len : 18
[INFO] tams_proc: [1087] 53 45 4C 46 5F 54 45 53 54 5F 74 65 73 74 5F 73 6F 00 
2026-08-10 14:28:16.666296[INFO] tams_proc: [1087] Object type 1, len : 1
2026-08-10 14:28:16.666305[INFO] tams_proc: [1087] Memory Flag 2, len : 1
2026-08-10 14:28:16.666313[INFO] tams_proc: [1087] CSP flag 0, len : 1
2026-08-10 14:28:16.666322[INFO] tams_proc: [1087] Encryption Flag 1, len : 1
2026-08-10 14:28:16.666330[INFO] tams_proc: [1087] Import flag 1, len : 1
2026-08-10 14:28:16.666338[INFO] tams_proc: [1087] Object size 23, len : 4
2026-08-10 14:28:16.666346[INFO] tams_proc: [1087] Meta data 0x0, len : 4
2026-08-10 14:28:16.666355[INFO] tams_proc: [1087] Parsing TAMC_CMD_SO_CREATE Req status: TAM_SUCCESS
2026-08-10 14:28:16.666364[INFO] tams_proc: [1087] verifying TAMC session...
2026-08-10 14:28:16.666378[INFO] tams_proc: [1087] verify success!
2026-08-10 14:28:16.666387[INFO] tams_proc: [1087] Processing TAMC_CMD_SO_CREATE Req for device XRD_TAMDB
2026-08-10 14:28:16.666478[INFO] tams_proc: [1087] dev: XRD_TAMDB cmd: TAMD_CMD_GET_SO_CREATE new time: 24000 total time: 24000
2026-08-10 14:28:16.666544[INFO] tams_proc: [1087] Processing TAMC_CMD_SO_CREATE Req status: TAM_SUCCESS
2026-08-10 14:28:16.667789[INFO] tamd_proc: [1094] cmd type: TAMD_CMD_GET_SO_CREATE
2026-08-10 14:28:16.667818[INFO] tamd_proc: [1094] trans id: 0x18
2026-08-10 14:28:16.667828[INFO] tamd_proc: [1094] payload len: 141
2026-08-10 14:28:16.667836[INFO] tamd_proc: [1094] Parsing TAMD_CMD_GET_SO_CREATE Req
2026-08-10 14:28:16.667847[INFO] tamd_proc: [1094] object_type(len): 1 1
2026-08-10 14:28:16.667856[INFO] tamd_proc: [1094] credential_type : 2
2026-08-10 14:28:16.667864[INFO] tamd_proc: [1094] Parsing TAMD_CMD_GET_SO_CREATE Req status: TAM_SUCCESS
2026-08-10 14:28:16.683980[INFO] tamd_proc: [1094] >>>> store size - object size - quota: 0 - 23 - 10485760 - ./crypto/tams/tamservices/device/swtam/src/swtam_object_attr.c - 878
2026-08-10 14:28:16.687400[INFO] tamd_proc: [1094] >>>> store size - object size - quota: 23 - 23 - 10485760 - ./crypto/tams/tamservices/device/swtam/src/swtam_object_attr.c - 891
2026-08-10 14:28:16.706945[INFO] tamd_proc: [1094] Sending so read result back to TAMS on tam_ipc_handle=0x57d5880765c0
2026-08-10 14:28:16.707029[INFO] tamd_proc: [1094] Processing TAMD_CMD_GET_SO_CREATE Req status: TAM_SUCCESS
2026-08-10 14:28:16.708199[INFO] tams_proc: [1087] cmd type: TAMD_CMD_GET_SO_CREATE
2026-08-10 14:28:16.708227[INFO] tams_proc: [1087] trans id: 0x18
2026-08-10 14:28:16.708237[INFO] tams_proc: [1087] status: TAM_SUCCESS
2026-08-10 14:28:16.708245[INFO] tams_proc: [1087] payload len: 0
2026-08-10 14:28:16.708255[INFO] tams_proc: [1087] Parsing TAMD_CMD_GET_SO_CREATE Rsp
2026-08-10 14:28:16.708265[INFO] tams_proc: [1087] Parsing TAMD_CMD_GET_SO_CREATE Rsp status: TAM_SUCCESS
2026-08-10 14:28:16.708274[INFO] tams_proc: [1087] Processing TAMD_CMD_GET_SO_CREATE Rsp
2026-08-10 14:28:16.708285[INFO] tams_proc: [1087] appname:kev_app1 sync_staus_enable:0 notify_enable:0
2026-08-10 14:28:16.708346[INFO] tams_proc: [1087] Processing TAMD_CMD_GET_SO_CREATE Rsp status: TAM_SUCCESS
2026-08-10 14:28:16.710874[INFO] tams_proc: [1087] cmd type: TAMC_CMD_SO_WRITE
2026-08-10 14:28:16.710903[INFO] tams_proc: [1087] session id: 0x3
2026-08-10 14:28:16.710913[INFO] tams_proc: [1087] trans id: 0x1c
2026-08-10 14:28:16.710921[INFO] tams_proc: [1087] payload len: 113
2026-08-10 14:28:16.710929[INFO] tams_proc: [1087] Parsing TAMC_CMD_SO_WRITE Req
2026-08-10 14:28:16.710939[INFO] tams_proc: [1087] Session key len: 32
[INFO] tams_proc: [1087] A7 2B 62 88 C7 06 5D D1 72 EA 7C CB 0B 53 4D FC 73 D1 59 13 9C 23 29 71 35 B6 D5 09 9C 22 37 24 
2026-08-10 14:28:16.710964[INFO] tams_proc: [1087] Object owner len : 9
[INFO] tams_proc: [1087] 6B 65 76 5F 61 70 70 31 00 
2026-08-10 14:28:16.710983[INFO] tams_proc: [1087] Object name len : 18
[INFO] tams_proc: [1087] 53 45 4C 46 5F 54 45 53 54 5F 74 65 73 74 5F 73 6F 00 
2026-08-10 14:28:16.711003[INFO] tams_proc: [1087] Data len : 22
[INFO] tams_proc: [1087] 53 65 6C 66 20 74 65 73 74 20 64 61 74 61 20 63 6F 6E 74 65 6E 74 
2026-08-10 14:28:16.711025[INFO] tams_proc: [1087] Parsing TAMC_CMD_SO_WRITE Req status: TAM_SUCCESS
2026-08-10 14:28:16.711034[INFO] tams_proc: [1087] verifying TAMC session...
2026-08-10 14:28:16.711042[INFO] tams_proc: [1087] verify success!
2026-08-10 14:28:16.711051[INFO] tams_proc: [1087] Processing TAMC_CMD_SO_WRITE Req for device XRD_TAMDB
2026-08-10 14:28:16.711140[INFO] tams_proc: [1087] dev: XRD_TAMDB cmd: TAMD_CMD_GET_SO_WRITE new time: 24000 total time: 24000
2026-08-10 14:28:16.711204[INFO] tams_proc: [1087] Processing TAMC_CMD_SO_WRITE Req status: TAM_SUCCESS
2026-08-10 14:28:16.712494[INFO] tamd_proc: [1094] cmd type: TAMD_CMD_GET_SO_WRITE
2026-08-10 14:28:16.712520[INFO] tamd_proc: [1094] trans id: 0x19
2026-08-10 14:28:16.712529[INFO] tamd_proc: [1094] payload len: 102
2026-08-10 14:28:16.712537[INFO] tamd_proc: [1094] Parsing TAMD_CMD_GET_SO_WRITE Req
2026-08-10 14:28:16.712547[INFO] tamd_proc: [1094] credential_type : 2
2026-08-10 14:28:16.712556[INFO] tamd_proc: [1094] Parsing TAMD_CMD_GET_SO_WRITE Req status: TAM_SUCCESS
2026-08-10 14:28:16.734248[INFO] tamd_proc: [1094] Sending so read result back to TAMS on tam_ipc_handle=0x57d5880765c0
2026-08-10 14:28:16.734332[INFO] tamd_proc: [1094] Processing TAMD_CMD_GET_SO_WRITE Req status: TAM_SUCCESS
2026-08-10 14:28:16.735475[INFO] tams_proc: [1087] cmd type: TAMD_CMD_GET_SO_WRITE
2026-08-10 14:28:16.735504[INFO] tams_proc: [1087] trans id: 0x19
2026-08-10 14:28:16.735514[INFO] tams_proc: [1087] status: TAM_SUCCESS
2026-08-10 14:28:16.735523[INFO] tams_proc: [1087] payload len: 0
2026-08-10 14:28:16.735532[INFO] tams_proc: [1087] Parsing TAMD_CMD_GET_SO_WRITE Rsp
2026-08-10 14:28:16.735541[INFO] tams_proc: [1087] Parsing TAMD_CMD_GET_SO_WRITE Rsp status: TAM_SUCCESS
2026-08-10 14:28:16.735550[INFO] tams_proc: [1087] Processing TAMD_CMD_GET_SO_WRITE Rsp
2026-08-10 14:28:16.735560[INFO] tams_proc: [1087] appname:kev_app1 sync_staus_enable:0 notify_enable:0
2026-08-10 14:28:16.735620[INFO] tams_proc: [1087] Processing TAMD_CMD_GET_SO_WRITE Rsp status: TAM_SUCCESS
2026-08-10 14:28:16.738163[INFO] tams_proc: [1087] cmd type: TAMC_CMD_SO_READ
2026-08-10 14:28:16.738190[INFO] tams_proc: [1087] session id: 0x3
2026-08-10 14:28:16.738199[INFO] tams_proc: [1087] trans id: 0x1d
2026-08-10 14:28:16.738207[INFO] tams_proc: [1087] payload len: 83
2026-08-10 14:28:16.738215[INFO] tams_proc: [1087] Parsing TAMC_CMD_SO_READ Req
2026-08-10 14:28:16.738225[INFO] tams_proc: [1087] Session key len: 32
[INFO] tams_proc: [1087] A7 2B 62 88 C7 06 5D D1 72 EA 7C CB 0B 53 4D FC 73 D1 59 13 9C 23 29 71 35 B6 D5 09 9C 22 37 24 
2026-08-10 14:28:16.738250[INFO] tams_proc: [1087] Object owner len : 9
[INFO] tams_proc: [1087] 6B 65 76 5F 61 70 70 31 00 
2026-08-10 14:28:16.738269[INFO] tams_proc: [1087] Object name len : 18
[INFO] tams_proc: [1087] 53 45 4C 46 5F 54 45 53 54 5F 74 65 73 74 5F 73 6F 00 
2026-08-10 14:28:16.738290[INFO] tams_proc: [1087] Parsing TAMC_CMD_SO_READ Req status: TAM_SUCCESS
2026-08-10 14:28:16.738299[INFO] tams_proc: [1087] verifying TAMC session...
2026-08-10 14:28:16.738308[INFO] tams_proc: [1087] verify success!
2026-08-10 14:28:16.738316[INFO] tams_proc: [1087] Processing TAMC_CMD_SO_READ Req for device XRD_TAMDB
2026-08-10 14:28:16.738415[INFO] tams_proc: [1087] dev: XRD_TAMDB cmd: TAMD_CMD_GET_SO_READ new time: 24000 total time: 24000
2026-08-10 14:28:16.738481[INFO] tams_proc: [1087] Processing TAMC_CMD_SO_READ Req status: TAM_SUCCESS
2026-08-10 14:28:16.739713[INFO] tamd_proc: [1094] cmd type: TAMD_CMD_GET_SO_READ
2026-08-10 14:28:16.739740[INFO] tamd_proc: [1094] trans id: 0x1a
2026-08-10 14:28:16.739749[INFO] tamd_proc: [1094] payload len: 72
2026-08-10 14:28:16.739757[INFO] tamd_proc: [1094] Parsing TAMD_CMD_GET_SO_READ Req
2026-08-10 14:28:16.739766[INFO] tamd_proc: [1094] credential_type : 2
2026-08-10 14:28:16.739775[INFO] tamd_proc: [1094] Parsing TAMD_CMD_GET_SO_READ Req status: TAM_SUCCESS
2026-08-10 14:28:16.761824[INFO] tamd_proc: [1094] Sending so read result back to TAMS on tam_ipc_handle=0x57d5880765c0
2026-08-10 14:28:16.761907[INFO] tamd_proc: [1094] Processing TAMD_CMD_GET_SO_READ Req status: TAM_SUCCESS
2026-08-10 14:28:16.763049[INFO] tams_proc: [1087] cmd type: TAMD_CMD_GET_SO_READ
2026-08-10 14:28:16.763076[INFO] tams_proc: [1087] trans id: 0x1a
2026-08-10 14:28:16.763090[INFO] tams_proc: [1087] status: TAM_SUCCESS
2026-08-10 14:28:16.763099[INFO] tams_proc: [1087] payload len: 30
2026-08-10 14:28:16.763107[INFO] tams_proc: [1087] Parsing TAMD_CMD_GET_SO_READ Rsp
2026-08-10 14:28:16.763118[INFO] tams_proc: [1087] Parsing TAMD_CMD_GET_SO_READ Rsp status: TAM_SUCCESS
2026-08-10 14:28:16.763126[INFO] tams_proc: [1087] Processing TAMD_CMD_GET_SO_READ Rsp
2026-08-10 14:28:16.763187[INFO] tams_proc: [1087] Processing TAMD_CMD_GET_SO_READ Rsp status: TAM_SUCCESS
2026-08-10 14:28:16.765790[INFO] tams_proc: [1087] cmd type: TAMC_CMD_SO_DELETE
2026-08-10 14:28:16.765816[INFO] tams_proc: [1087] session id: 0x3
2026-08-10 14:28:16.765825[INFO] tams_proc: [1087] trans id: 0x1e
2026-08-10 14:28:16.765834[INFO] tams_proc: [1087] payload len: 83
2026-08-10 14:28:16.765842[INFO] tams_proc: [1087] Parsing TAMC_CMD_SO_DELETE Req
2026-08-10 14:28:16.765852[INFO] tams_proc: [1087] Session key len: 32
[INFO] tams_proc: [1087] A7 2B 62 88 C7 06 5D D1 72 EA 7C CB 0B 53 4D FC 73 D1 59 13 9C 23 29 71 35 B6 D5 09 9C 22 37 24 
2026-08-10 14:28:16.765876[INFO] tams_proc: [1087] Object owner len : 9
[INFO] tams_proc: [1087] 6B 65 76 5F 61 70 70 31 00 
2026-08-10 14:28:16.765895[INFO] tams_proc: [1087] Object name len : 18
[INFO] tams_proc: [1087] 53 45 4C 46 5F 54 45 53 54 5F 74 65 73 74 5F 73 6F 00 
2026-08-10 14:28:16.765916[INFO] tams_proc: [1087] Parsing TAMC_CMD_SO_DELETE Req status: TAM_SUCCESS
2026-08-10 14:28:16.765924[INFO] tams_proc: [1087] verifying TAMC session...
2026-08-10 14:28:16.765933[INFO] tams_proc: [1087] verify success!
2026-08-10 14:28:16.765942[INFO] tams_proc: [1087] Processing TAMC_CMD_SO_DELETE Req for device XRD_TAMDB
2026-08-10 14:28:16.766029[INFO] tams_proc: [1087] dev: XRD_TAMDB cmd: TAMD_CMD_GET_SO_DELETE new time: 24000 total time: 24000
2026-08-10 14:28:16.766093[INFO] tams_proc: [1087] Processing TAMC_CMD_SO_DELETE Req status: TAM_SUCCESS
2026-08-10 14:28:16.767322[INFO] tamd_proc: [1094] cmd type: TAMD_CMD_GET_SO_DELETE
2026-08-10 14:28:16.767348[INFO] tamd_proc: [1094] trans id: 0x1b
2026-08-10 14:28:16.767357[INFO] tamd_proc: [1094] payload len: 72
2026-08-10 14:28:16.767365[INFO] tamd_proc: [1094] Parsing TAMD_CMD_GET_SO_DELETE Req
2026-08-10 14:28:16.767375[INFO] tamd_proc: [1094] credential_type : 2
2026-08-10 14:28:16.767384[INFO] tamd_proc: [1094] Parsing TAMD_CMD_GET_SO_DELETE Req status: TAM_SUCCESS
2026-08-10 14:28:16.784167[INFO] tamd_proc: [1094] >>>> store size: 0 - ./crypto/tams/tamservices/device/swtam/src/swtam_object_attr.c - 625
2026-08-10 14:28:16.803689[INFO] tamd_proc: [1094] Sending so delete result back to TAMS on tam_ipc_handle=0x57d5880765c0
2026-08-10 14:28:16.803777[INFO] tamd_proc: [1094] Processing TAMD_CMD_GET_SO_DELETE Req status: TAM_SUCCESS
2026-08-10 14:28:16.804972[INFO] tams_proc: [1087] cmd type: TAMD_CMD_GET_SO_DELETE
2026-08-10 14:28:16.805001[INFO] tams_proc: [1087] trans id: 0x1b
2026-08-10 14:28:16.805013[INFO] tams_proc: [1087] status: TAM_SUCCESS
2026-08-10 14:28:16.805021[INFO] tams_proc: [1087] payload len: 0
2026-08-10 14:28:16.805030[INFO] tams_proc: [1087] Parsing TAMD_CMD_GET_SO_DELETE Rsp
2026-08-10 14:28:16.805040[INFO] tams_proc: [1087] Parsing TAMD_CMD_GET_SO_DELETE Rsp status: TAM_SUCCESS
2026-08-10 14:28:16.805049[INFO] tams_proc: [1087] Processing TAMD_CMD_GET_SO_DELETE Rsp
2026-08-10 14:28:16.805059[INFO] tams_proc: [1087] appname:kev_app1 sync_staus_enable:0 notify_enable:0
2026-08-10 14:28:16.805124[INFO] tams_proc: [1087] Processing TAMD_CMD_GET_SO_DELETE Rsp status: TAM_SUCCESS
2026-08-10 14:28:16.807730[INFO] tams_proc: [1087] cmd type: TAMC_CMD_APP_LOGOUT
2026-08-10 14:28:16.807770[INFO] tams_proc: [1087] session id: 0x3
2026-08-10 14:28:16.807785[INFO] tams_proc: [1087] trans id: 0x1f
2026-08-10 14:28:16.807799[INFO] tams_proc: [1087] payload len: 40
2026-08-10 14:28:16.807812[INFO] tams_proc: [1087] Parsing TAMC_CMD_APP_LOGOUT Req
2026-08-10 14:28:16.807828[INFO] tams_proc: [1087] Session key len: 32
[INFO] tams_proc: [1087] A7 2B 62 88 C7 06 5D D1 72 EA 7C CB 0B 53 4D FC 73 D1 59 13 9C 23 29 71 35 B6 D5 09 9C 22 37 24 
2026-08-10 14:28:16.807869[INFO] tams_proc: [1087] Parsing TAMC_CMD_APP_LOGOUT Req status: TAM_SUCCESS
2026-08-10 14:28:16.807883[INFO] tams_proc: [1087] verifying TAMC session...
2026-08-10 14:28:16.807898[INFO] tams_proc: [1087] verify success!
2026-08-10 14:28:16.807912[INFO] tams_proc: [1087] Processing TAMC_CMD_APP_LOGOUT Req for device XRD_TAMDB
2026-08-10 14:28:16.807928[INFO] tams_proc: [1087] Client Notify is not enabled.
2026-08-10 14:28:16.807946[INFO] tams_proc: [1087] Deleting session 3 status TAM_SUCCESS
2026-08-10 14:28:16.807970[INFO] tams_proc: [1087] Sending status response: TAM_SUCCESS (0x1)
2026-08-10 14:28:16.808027[INFO] tams_proc: [1087] Processing TAMC_CMD_APP_LOGOUT Req status: TAM_SUCCESS
2026-08-10 14:28:16.809250[INFO] tamsvcs_tamm: [1022] SELF_TEST  Test for device : XRD_TAMDB App:2 Successful 
2026-08-10 14:28:16.810823[INFO] tamsvcs_tamm: [1022] Successfully initialized TAM device XRD_TAMDB
2026-08-10 14:28:16.810883[INFO] tamsvcs_tamm: [1022] VUDI init: XRD_TAMDB: About to query if VUDI supported, and initialize if so
2026-08-10 14:28:16.812276[INFO] tams_proc: [1087] cmd type: TAMM_CMD_VUDI_INIT
2026-08-10 14:28:16.812302[INFO] tams_proc: [1087] trans id: 0x20
2026-08-10 14:28:16.812310[INFO] tams_proc: [1087] payload len: 46
2026-08-10 14:28:16.812319[INFO] tams_proc: [1087] Parsing TAMM_CMD_VUDI_INIT Req
2026-08-10 14:28:16.812329[INFO] tams_proc: [1087] device_name: XRD_TAMDB
2026-08-10 14:28:16.812337[INFO] tams_proc: [1087] VUDI pid: XRd-CP-C-01
2026-08-10 14:28:16.812345[INFO] tams_proc: [1087] VUDI regen: 0
2026-08-10 14:28:16.812355[INFO] tams_proc: [1087] Parsing TAMM_CMD_VUDI_INIT Req status: TAM_SUCCESS
2026-08-10 14:28:16.812363[INFO] tams_proc: [1087] Processing TAMM_CMD_VUDI_INIT Req
2026-08-10 14:28:16.812375[INFO] tams_proc: [1087] Send dev_vudi_init req TAMS->TAMD
2026-08-10 14:28:16.812501[INFO] tams_proc: [1087] Record dev_vudi_init req TAMS->TAMD
2026-08-10 14:28:16.812524[INFO] tams_proc: [1087] dev: XRD_TAMDB cmd: TAMD_CMD_VUDI_INIT new time: 24000 total time: 24000
2026-08-10 14:28:16.812585[INFO] tams_proc: [1087] Initialize VUDI pending for device 'XRD_TAMDB'
2026-08-10 14:28:16.812614[INFO] tams_proc: [1087] Processing TAMM_CMD_VUDI_INIT Req status: TAM_SUCCESS_IN_PROCESS
2026-08-10 14:28:16.813728[INFO] tamsvcs_tamm: [1022] cmd type: TAMM_CMD_VUDI_INIT
2026-08-10 14:28:16.813760[INFO] tamsvcs_tamm: [1022] trans id: 0x20
2026-08-10 14:28:16.813771[INFO] tamsvcs_tamm: [1022] status: TAM_SUCCESS_IN_PROCESS
2026-08-10 14:28:16.813779[INFO] tamsvcs_tamm: [1022] payload len: 0
2026-08-10 14:28:16.813787[INFO] tamsvcs_tamm: [1022] Parsing TAMM_CMD_VUDI_INIT Rsp
2026-08-10 14:28:16.813797[INFO] tamsvcs_tamm: [1022] Parsing TAMM_CMD_VUDI_INIT Rsp status: TAM_SUCCESS
2026-08-10 14:28:16.813806[INFO] tamsvcs_tamm: [1022] Rx ACK in 3ms. Waiting 180000ms for final response...
2026-08-10 14:28:16.813809[INFO] tamd_proc: [1094] cmd type: TAMD_CMD_VUDI_INIT
2026-08-10 14:28:16.813835[INFO] tamd_proc: [1094] trans id: 0x1c
2026-08-10 14:28:16.813844[INFO] tamd_proc: [1094] payload len: 28
2026-08-10 14:28:16.813851[INFO] tamd_proc: [1094] Parsing TAMD_CMD_VUDI_INIT Req
2026-08-10 14:28:16.813870[INFO] tamd_proc: [1094] PID: XRd-CP-C-01
2026-08-10 14:28:16.813880[INFO] tamd_proc: [1094] Parsing TAMD_CMD_VUDI_INIT Req status: TAM_SUCCESS
2026-08-10 14:28:16.813890[INFO] tamd_proc: [1094] SWTAM process VUDI initialization
2026-08-10 14:28:16.830450[ERR] tamd_proc: [1094] Problem retrieving VUDI: TAM_ERROR_VUDI_DNE
2026-08-10 14:28:16.830519[INFO] tamd_proc: [1094] Initialize VUDI: no VUDI. Initializing.
2026-08-10 14:28:16.830568[INFO] tamd_proc: [1094] VUDI generated serial number=VSN-REFPLXQ
2026-08-10 14:28:16.846928[INFO] tamd_proc: [1094] >>>> store size - object size - quota: 0 - 34 - 0 - ./crypto/tams/tamservices/device/swtam/src/swtam_object_attr.c - 878
2026-08-10 14:28:16.850219[INFO] tamd_proc: [1094] >>>> store size - object size - quota: 34 - 34 - 0 - ./crypto/tams/tamservices/device/swtam/src/swtam_object_attr.c - 891
2026-08-10 14:28:16.891554[INFO] tamd_proc: [1094] Sending response TAM_SUCCESS
2026-08-10 14:28:16.891646[INFO] tamd_proc: [1094] Processing TAMD_CMD_VUDI_INIT Req status: TAM_SUCCESS
2026-08-10 14:28:16.892826[INFO] tams_proc: [1087] cmd type: TAMD_CMD_VUDI_INIT
2026-08-10 14:28:16.892859[INFO] tams_proc: [1087] trans id: 0x1c
2026-08-10 14:28:16.892870[INFO] tams_proc: [1087] status: TAM_SUCCESS
2026-08-10 14:28:16.892879[INFO] tams_proc: [1087] payload len: 0
2026-08-10 14:28:16.892888[INFO] tams_proc: [1087] Parsing TAMD_CMD_VUDI_INIT Rsp
2026-08-10 14:28:16.892898[INFO] tams_proc: [1087] Parsing TAMD_CMD_VUDI_INIT Rsp status: TAM_SUCCESS
2026-08-10 14:28:16.892907[INFO] tams_proc: [1087] Processing TAMD_CMD_VUDI_INIT Rsp
2026-08-10 14:28:16.892986[INFO] tams_proc: [1087] Processing TAMD_CMD_VUDI_INIT Rsp status: TAM_SUCCESS
2026-08-10 14:28:16.894172[INFO] tamsvcs_tamm: [1022] cmd type: TAMM_CMD_VUDI_INIT
2026-08-10 14:28:16.894207[INFO] tamsvcs_tamm: [1022] trans id: 0x20
2026-08-10 14:28:16.894218[INFO] tamsvcs_tamm: [1022] status: TAM_SUCCESS
2026-08-10 14:28:16.894226[INFO] tamsvcs_tamm: [1022] payload len: 0
2026-08-10 14:28:16.894234[INFO] tamsvcs_tamm: [1022] Parsing TAMM_CMD_VUDI_INIT Rsp
2026-08-10 14:28:16.894245[INFO] tamsvcs_tamm: [1022] Parsing TAMM_CMD_VUDI_INIT Rsp status: TAM_SUCCESS
2026-08-10 14:28:16.894253[INFO] tamsvcs_tamm: [1022] Final response received. rc=0x1
2026-08-10 14:28:16.894321[INFO] tamsvcs_tamm: [1022] cmd type: TAMM_CMD_VUDI_INIT
2026-08-10 14:28:16.894343[INFO] tamsvcs_tamm: [1022] trans id: 0x20
2026-08-10 14:28:16.894352[INFO] tamsvcs_tamm: [1022] status: TAM_SUCCESS
2026-08-10 14:28:16.894360[INFO] tamsvcs_tamm: [1022] payload len: 0
2026-08-10 14:28:16.894368[INFO] tamsvcs_tamm: [1022] Parsing TAMM_CMD_VUDI_INIT Rsp
2026-08-10 14:28:16.894377[INFO] tamsvcs_tamm: [1022] Parsing TAMM_CMD_VUDI_INIT Rsp status: TAM_SUCCESS
2026-08-10 14:28:16.894385[INFO] tamsvcs_tamm: [1022] VUDI initialization response TAM_SUCCESS
2026-08-10 14:28:16.894396[INFO] tamsvcs_tamm: [1022] VUDI init: XRD_TAMDB: VUDI supported
2026-08-10 14:28:16.894404[INFO] tamsvcs_tamm: [1022] VUDI init: XRD_TAMDB: About to query VUDI for file cache
2026-08-10 14:28:16.897730[INFO] tams_proc: [1087] cmd type: TAMC_CMD_APP_LOGIN
2026-08-10 14:28:16.897760[INFO] tams_proc: [1087] session id: 0x0
2026-08-10 14:28:16.897770[INFO] tams_proc: [1087] trans id: 0x21
2026-08-10 14:28:16.897779[INFO] tams_proc: [1087] payload len: 333
2026-08-10 14:28:16.897787[INFO] tams_proc: [1087] Parsing TAMC_CMD_APP_LOGIN Req
2026-08-10 14:28:16.897809[INFO] tams_proc: [1087] credential_type: 2
2026-08-10 14:28:16.897819[INFO] tams_proc: [1087] Parsing TAMC_CMD_APP_LOGIN Req status: TAM_SUCCESS
2026-08-10 14:28:16.897834[INFO] tams_proc: [1087] Processing TAMC_CMD_APP_LOGIN Req for device 
2026-08-10 14:28:16.897846[INFO] tams_proc: [1087] app Init number pending sessions = 1 max=5
2026-08-10 14:28:16.897854[INFO] tams_proc: [1087] Received SRP message 1
2026-08-10 14:28:16.904577[INFO] tams_proc: [1087] Processing TAMC_CMD_APP_LOGIN Req status: TAM_SUCCESS
2026-08-10 14:28:16.914486[INFO] tams_proc: [1087] cmd type: TAMC_CMD_APP_LOGIN
2026-08-10 14:28:16.914515[INFO] tams_proc: [1087] session id: 0x4
2026-08-10 14:28:16.914525[INFO] tams_proc: [1087] trans id: 0x22
2026-08-10 14:28:16.914534[INFO] tams_proc: [1087] payload len: 73
2026-08-10 14:28:16.914542[INFO] tams_proc: [1087] Parsing TAMC_CMD_APP_LOGIN Req
2026-08-10 14:28:16.914555[INFO] tams_proc: [1087] Parsing TAMC_CMD_APP_LOGIN Req status: TAM_SUCCESS
2026-08-10 14:28:16.914564[INFO] tams_proc: [1087] Processing TAMC_CMD_APP_LOGIN Req for device 
2026-08-10 14:28:16.914574[INFO] tams_proc: [1087] Session in process
2026-08-10 14:28:16.914583[INFO] tams_proc: [1087] Received SRP message 3
2026-08-10 14:28:16.914593[INFO] tams_proc: [1087] app Init number sessions = 1 max=50
2026-08-10 14:28:16.914683[INFO] tams_proc: [1087] dev: XRD_TAMDB cmd: TAMD_CMD_DEVICE_BIND new time: 24000 total time: 24000
2026-08-10 14:28:16.914704[INFO] tams_proc: [1087] Processing TAMC_CMD_APP_LOGIN Req status: TAM_SUCCESS_IN_PROCESS
2026-08-10 14:28:16.916010[INFO] tamd_proc: [1094] cmd type: TAMD_CMD_DEVICE_BIND
2026-08-10 14:28:16.916037[INFO] tamd_proc: [1094] trans id: 0x1d
2026-08-10 14:28:16.916047[INFO] tamd_proc: [1094] payload len: 12
2026-08-10 14:28:16.916054[INFO] tamd_proc: [1094] Parsing TAMD_CMD_DEVICE_BIND Req
2026-08-10 14:28:16.916065[INFO] tamd_proc: [1094] Parsing TAMD_CMD_DEVICE_BIND Req status: TAM_SUCCESS
2026-08-10 14:28:16.933407[INFO] tamd_proc: [1094] Processing TAMD_CMD_DEVICE_BIND Req status: TAM_SUCCESS
2026-08-10 14:28:16.934577[INFO] tams_proc: [1087] cmd type: TAMD_CMD_DEVICE_BIND
2026-08-10 14:28:16.934604[INFO] tams_proc: [1087] trans id: 0x1d
2026-08-10 14:28:16.934615[INFO] tams_proc: [1087] status: TAM_SUCCESS
2026-08-10 14:28:16.934623[INFO] tams_proc: [1087] payload len: 0
2026-08-10 14:28:16.934632[INFO] tams_proc: [1087] Parsing TAMD_CMD_DEVICE_BIND Rsp
2026-08-10 14:28:16.934642[INFO] tams_proc: [1087] Parsing TAMD_CMD_DEVICE_BIND Rsp status: TAM_SUCCESS
2026-08-10 14:28:16.934651[INFO] tams_proc: [1087] Processing TAMD_CMD_DEVICE_BIND Rsp
2026-08-10 14:28:16.934660[INFO] tams_proc: [1087] Device XRD_TAMDB binding of app Init: TAM_SUCCESS
2026-08-10 14:28:16.934671[INFO] tams_proc: [1087] Sending SRP message 4 (80 bytes)
2026-08-10 14:28:16.934734[INFO] tams_proc: [1087] SRP session key (32 bytes):
[INFO] tams_proc: [1087] 10 34 C0 43 92 2D 48 93 35 E5 0B AF E4 88 35 04 F3 6E 0C 31 E7 29 FE B1 DE DA 79 F4 2F 08 B0 0B 
2026-08-10 14:28:16.934772[INFO] tams_proc: [1087] Application Init authentication succeeded!
2026-08-10 14:28:16.934781[INFO] tams_proc: [1087] Binding of app Init to device XRD_TAMDB: TAM_SUCCESS
2026-08-10 14:28:16.934791[INFO] tams_proc: [1087] Processing TAMD_CMD_DEVICE_BIND Rsp status: TAM_SUCCESS
2026-08-10 14:28:16.937321[INFO] tams_proc: [1087] cmd type: TAMC_CMD_UDI
2026-08-10 14:28:16.937350[INFO] tams_proc: [1087] session id: 0x4
2026-08-10 14:28:16.937360[INFO] tams_proc: [1087] trans id: 0x23
2026-08-10 14:28:16.937368[INFO] tams_proc: [1087] payload len: 40
2026-08-10 14:28:16.937377[INFO] tams_proc: [1087] Parsing TAMC_CMD_UDI Req
2026-08-10 14:28:16.937387[INFO] tams_proc: [1087] Session key len: 32
[INFO] tams_proc: [1087] 10 34 C0 43 92 2D 48 93 35 E5 0B AF E4 88 35 04 F3 6E 0C 31 E7 29 FE B1 DE DA 79 F4 2F 08 B0 0B 
2026-08-10 14:28:16.937413[INFO] tams_proc: [1087] Parsing TAMC_CMD_UDI Req status: TAM_SUCCESS
2026-08-10 14:28:16.937422[INFO] tams_proc: [1087] verifying TAMC session...
2026-08-10 14:28:16.937431[INFO] tams_proc: [1087] verify success!
2026-08-10 14:28:16.937440[INFO] tams_proc: [1087] Processing TAMC_CMD_UDI Req for device XRD_TAMDB
2026-08-10 14:28:16.937536[INFO] tams_proc: [1087] dev: XRD_TAMDB cmd: TAMD_CMD_UDI new time: 24000 total time: 24000
2026-08-10 14:28:16.937607[INFO] tams_proc: [1087] Processing TAMC_CMD_UDI Req status: TAM_SUCCESS
2026-08-10 14:28:16.938842[INFO] tamd_proc: [1094] cmd type: TAMD_CMD_UDI
2026-08-10 14:28:16.938869[INFO] tamd_proc: [1094] trans id: 0x1e
2026-08-10 14:28:16.938878[INFO] tamd_proc: [1094] payload len: 0
2026-08-10 14:28:16.938886[INFO] tamd_proc: [1094] Parsing TAMD_CMD_UDI Req
2026-08-10 14:28:16.938905[INFO] tamd_proc: [1094] Parsing TAMD_CMD_UDI Req status: TAM_SUCCESS
2026-08-10 14:28:16.955887[INFO] tamd_proc: [1094] PID = XRd-CP-C-01 SN = VSN-REFPLXQ
2026-08-10 14:28:16.955988[INFO] tamd_proc: [1094] tam_ipc_send = TAM_SUCCESS rsp_msg=0x57d5880766e0 rsp_msg_len= 58
2026-08-10 14:28:16.956012[INFO] tamd_proc: [1094] Processing TAMD_CMD_UDI Req status: TAM_SUCCESS
2026-08-10 14:28:16.957176[INFO] tams_proc: [1087] cmd type: TAMD_CMD_UDI
2026-08-10 14:28:16.957205[INFO] tams_proc: [1087] trans id: 0x1e
2026-08-10 14:28:16.957215[INFO] tams_proc: [1087] status: TAM_SUCCESS
2026-08-10 14:28:16.957224[INFO] tams_proc: [1087] payload len: 38
2026-08-10 14:28:16.957232[INFO] tams_proc: [1087] Parsing TAMD_CMD_UDI Rsp
2026-08-10 14:28:16.957243[INFO] tams_proc: [1087] Parsing TAMD_CMD_UDI Rsp status: TAM_SUCCESS
2026-08-10 14:28:16.957252[INFO] tams_proc: [1087] Processing TAMD_CMD_UDI Rsp
2026-08-10 14:28:16.957318[INFO] tams_proc: [1087] Processing TAMD_CMD_UDI Rsp status: TAM_SUCCESS
2026-08-10 14:28:16.958654[INFO] tamsvcs_tamm: [1022] VUDI init: XRD_TAMDB: Saved VSN to cache file: /var/run/cisco/tamsvcs/tamsvcs_vsn: 'VSN-REFPLXQ'
2026-08-10 14:28:16.960104[INFO] tams_proc: [1087] cmd type: TAMC_CMD_APP_LOGOUT
2026-08-10 14:28:16.960130[INFO] tams_proc: [1087] session id: 0x4
2026-08-10 14:28:16.960140[INFO] tams_proc: [1087] trans id: 0x24
2026-08-10 14:28:16.960148[INFO] tams_proc: [1087] payload len: 40
2026-08-10 14:28:16.960156[INFO] tams_proc: [1087] Parsing TAMC_CMD_APP_LOGOUT Req
2026-08-10 14:28:16.960166[INFO] tams_proc: [1087] Session key len: 32
[INFO] tams_proc: [1087] 10 34 C0 43 92 2D 48 93 35 E5 0B AF E4 88 35 04 F3 6E 0C 31 E7 29 FE B1 DE DA 79 F4 2F 08 B0 0B 
2026-08-10 14:28:16.960192[INFO] tams_proc: [1087] Parsing TAMC_CMD_APP_LOGOUT Req status: TAM_SUCCESS
2026-08-10 14:28:16.960201[INFO] tams_proc: [1087] verifying TAMC session...
2026-08-10 14:28:16.960210[INFO] tams_proc: [1087] verify success!
2026-08-10 14:28:16.960219[INFO] tams_proc: [1087] Processing TAMC_CMD_APP_LOGOUT Req for device XRD_TAMDB
2026-08-10 14:28:16.960230[INFO] tams_proc: [1087] Client Notify is not enabled.
2026-08-10 14:28:16.960241[INFO] tams_proc: [1087] Deleting session 4 status TAM_SUCCESS
2026-08-10 14:28:16.960250[INFO] tams_proc: [1087] Sending status response: TAM_SUCCESS (0x1)
2026-08-10 14:28:16.960308[INFO] tams_proc: [1087] Processing TAMC_CMD_APP_LOGOUT Req status: TAM_SUCCESS
2026-08-10 14:28:16.961521[INFO] tamsvcs_tamm: [1022] TAMM init successful (1 attempt(s)).
2026-08-10 14:28:16.961565[INFO] tamsvcs_tamm: [1022] TAM_NS: Server:tam_ns_set_service_status Entry: status:1
2026-08-10 14:28:16.961579[INFO] tamsvcs_tamm: [1022] Starting TAM Entropy, Sync and Ownershipd process !!
2026-08-10 14:28:16.971221[INFO] tamsvcs_tamm: [1022] Sending proc_ready....
2026-08-10 14:28:28.470422[INFO] tams_proc: [1087] cmd type: TAMC_CMD_APP_LOGIN
2026-08-10 14:28:28.470471[INFO] tams_proc: [1087] session id: 0x0
2026-08-10 14:28:28.470484[INFO] tams_proc: [1087] trans id: 0x1
2026-08-10 14:28:28.470494[INFO] tams_proc: [1087] payload len: 343
2026-08-10 14:28:28.470503[INFO] tams_proc: [1087] Parsing TAMC_CMD_APP_LOGIN Req
2026-08-10 14:28:28.470526[INFO] tams_proc: [1087] credential_type: 2
2026-08-10 14:28:28.470537[INFO] tams_proc: [1087] Parsing TAMC_CMD_APP_LOGIN Req status: TAM_SUCCESS
2026-08-10 14:28:28.470546[INFO] tams_proc: [1087] Processing TAMC_CMD_APP_LOGIN Req for device XRD_TAMDB
2026-08-10 14:28:28.470558[INFO] tams_proc: [1087] app Init number pending sessions = 1 max=5
2026-08-10 14:28:28.470567[INFO] tams_proc: [1087] Received SRP message 1
2026-08-10 14:28:28.478751[INFO] tams_proc: [1087] Processing TAMC_CMD_APP_LOGIN Req status: TAM_SUCCESS
2026-08-10 14:28:28.490345[INFO] tams_proc: [1087] cmd type: TAMC_CMD_APP_LOGIN
2026-08-10 14:28:28.490444[INFO] tams_proc: [1087] session id: 0x5
2026-08-10 14:28:28.490466[INFO] tams_proc: [1087] trans id: 0x2
2026-08-10 14:28:28.490476[INFO] tams_proc: [1087] payload len: 83
2026-08-10 14:28:28.490486[INFO] tams_proc: [1087] Parsing TAMC_CMD_APP_LOGIN Req
2026-08-10 14:28:28.490503[INFO] tams_proc: [1087] Parsing TAMC_CMD_APP_LOGIN Req status: TAM_SUCCESS
2026-08-10 14:28:28.490512[INFO] tams_proc: [1087] Processing TAMC_CMD_APP_LOGIN Req for device XRD_TAMDB
2026-08-10 14:28:28.490524[INFO] tams_proc: [1087] Session in process
2026-08-10 14:28:28.490534[INFO] tams_proc: [1087] Received SRP message 3
2026-08-10 14:28:28.490547[INFO] tams_proc: [1087] app Init number sessions = 1 max=50
2026-08-10 14:28:28.491191[INFO] tams_proc: [1087] dev: XRD_TAMDB cmd: TAMD_CMD_DEVICE_BIND new time: 24000 total time: 24000
2026-08-10 14:28:28.491230[INFO] tams_proc: [1087] Processing TAMC_CMD_APP_LOGIN Req status: TAM_SUCCESS_IN_PROCESS
2026-08-10 14:28:28.492526[INFO] tamd_proc: [1094] cmd type: TAMD_CMD_DEVICE_BIND
2026-08-10 14:28:28.492612[INFO] tamd_proc: [1094] trans id: 0x22
2026-08-10 14:28:28.492634[INFO] tamd_proc: [1094] payload len: 12
2026-08-10 14:28:28.492643[INFO] tamd_proc: [1094] Parsing TAMD_CMD_DEVICE_BIND Req
2026-08-10 14:28:28.492654[INFO] tamd_proc: [1094] Parsing TAMD_CMD_DEVICE_BIND Req status: TAM_SUCCESS
2026-08-10 14:28:28.514178[INFO] tamd_proc: [1094] Processing TAMD_CMD_DEVICE_BIND Req status: TAM_SUCCESS
2026-08-10 14:28:28.518657[INFO] tams_proc: [1087] cmd type: TAMD_CMD_DEVICE_BIND
2026-08-10 14:28:28.518819[INFO] tams_proc: [1087] trans id: 0x22
2026-08-10 14:28:28.518849[INFO] tams_proc: [1087] status: TAM_SUCCESS
2026-08-10 14:28:28.518860[INFO] tams_proc: [1087] payload len: 0
2026-08-10 14:28:28.518876[INFO] tams_proc: [1087] Parsing TAMD_CMD_DEVICE_BIND Rsp
2026-08-10 14:28:28.518889[INFO] tams_proc: [1087] Parsing TAMD_CMD_DEVICE_BIND Rsp status: TAM_SUCCESS
2026-08-10 14:28:28.518899[INFO] tams_proc: [1087] Processing TAMD_CMD_DEVICE_BIND Rsp
2026-08-10 14:28:28.518910[INFO] tams_proc: [1087] Device XRD_TAMDB binding of app Init: TAM_SUCCESS
2026-08-10 14:28:28.518924[INFO] tams_proc: [1087] Sending SRP message 4 (80 bytes)
2026-08-10 14:28:28.518962[INFO] tams_proc: [1087] SRP session key (32 bytes):
[INFO] tams_proc: [1087] 1A 51 4F 0F D9 82 FA 5C 58 F7 58 0A C1 A6 47 5F 1F A6 43 78 D9 77 6D 4B BF 0F BA 06 2F 52 02 1B 
2026-08-10 14:28:28.518992[INFO] tams_proc: [1087] Application Init authentication succeeded!
2026-08-10 14:28:28.519001[INFO] tams_proc: [1087] Binding of app Init to device XRD_TAMDB: TAM_SUCCESS
2026-08-10 14:28:28.519013[INFO] tams_proc: [1087] Processing TAMD_CMD_DEVICE_BIND Rsp status: TAM_SUCCESS
2026-08-10 14:28:28.681282[INFO] tams_proc: [1087] cmd type: TAMC_CMD_SO_READ
2026-08-10 14:28:28.681345[INFO] tams_proc: [1087] session id: 0x5
2026-08-10 14:28:28.681359[INFO] tams_proc: [1087] trans id: 0x3
2026-08-10 14:28:28.681368[INFO] tams_proc: [1087] payload len: 75
2026-08-10 14:28:28.681377[INFO] tams_proc: [1087] Parsing TAMC_CMD_SO_READ Req
2026-08-10 14:28:28.681388[INFO] tams_proc: [1087] Session key len: 32
[INFO] tams_proc: [1087] 1A 51 4F 0F D9 82 FA 5C 58 F7 58 0A C1 A6 47 5F 1F A6 43 78 D9 77 6D 4B BF 0F BA 06 2F 52 02 1B 
2026-08-10 14:28:28.681416[INFO] tams_proc: [1087] Object owner len : 5
[INFO] tams_proc: [1087] 49 6E 69 74 00 
2026-08-10 14:28:28.681436[INFO] tams_proc: [1087] Object name len : 14
[INFO] tams_proc: [1087] 54 79 70 65 36 41 63 74 69 76 65 4D 4B 00 
2026-08-10 14:28:28.681467[INFO] tams_proc: [1087] Parsing TAMC_CMD_SO_READ Req status: TAM_SUCCESS
2026-08-10 14:28:28.681481[INFO] tams_proc: [1087] verifying TAMC session...
2026-08-10 14:28:28.681491[INFO] tams_proc: [1087] verify success!
2026-08-10 14:28:28.681500[INFO] tams_proc: [1087] Processing TAMC_CMD_SO_READ Req for device XRD_TAMDB
2026-08-10 14:28:28.681608[INFO] tams_proc: [1087] dev: XRD_TAMDB cmd: TAMD_CMD_GET_SO_READ new time: 24000 total time: 24000
2026-08-10 14:28:28.681644[INFO] tams_proc: [1087] Processing TAMC_CMD_SO_READ Req status: TAM_SUCCESS
2026-08-10 14:28:28.683034[INFO] tamd_proc: [1094] cmd type: TAMD_CMD_GET_SO_READ
2026-08-10 14:28:28.683090[INFO] tamd_proc: [1094] trans id: 0x23
2026-08-10 14:28:28.683106[INFO] tamd_proc: [1094] payload len: 60
2026-08-10 14:28:28.683115[INFO] tamd_proc: [1094] Parsing TAMD_CMD_GET_SO_READ Req
2026-08-10 14:28:28.683126[INFO] tamd_proc: [1094] credential_type : 2
2026-08-10 14:28:28.683136[INFO] tamd_proc: [1094] Parsing TAMD_CMD_GET_SO_READ Req status: TAM_SUCCESS
2026-08-10 14:28:28.706555[INFO] tamd_proc: [1094] Sending so read result back to TAMS on tam_ipc_handle=0x57d5880765c0
2026-08-10 14:28:28.706741[INFO] tamd_proc: [1094] Processing TAMD_CMD_GET_SO_READ Req status: TAM_SUCCESS
2026-08-10 14:28:28.708009[INFO] tams_proc: [1087] cmd type: TAMD_CMD_GET_SO_READ
2026-08-10 14:28:28.708142[INFO] tams_proc: [1087] trans id: 0x23
2026-08-10 14:28:28.708242[INFO] tams_proc: [1087] status: TAM_ERROR_NO_OBJECT
2026-08-10 14:28:28.708346[INFO] tams_proc: [1087] payload len: 0
2026-08-10 14:28:28.708491[INFO] tams_proc: [1087] Parsing TAMD_CMD_GET_SO_READ Rsp
2026-08-10 14:28:28.708650[INFO] tams_proc: [1087] Parsing TAMD_CMD_GET_SO_READ Rsp status: TAM_SUCCESS
2026-08-10 14:28:28.708734[INFO] tams_proc: [1087] Processing TAMD_CMD_GET_SO_READ Rsp
2026-08-10 14:28:28.708824[INFO] tams_proc: [1087] Processing TAMD_CMD_GET_SO_READ Rsp status: TAM_SUCCESS
2026-08-10 14:28:29.961129[INFO] tams_proc: [1087] cmd type: TAMC_CMD_SO_DELETE
2026-08-10 14:28:29.961212[INFO] tams_proc: [1087] session id: 0x5
2026-08-10 14:28:29.961233[INFO] tams_proc: [1087] trans id: 0x4
2026-08-10 14:28:29.961243[INFO] tams_proc: [1087] payload len: 72
2026-08-10 14:28:29.961252[INFO] tams_proc: [1087] Parsing TAMC_CMD_SO_DELETE Req
2026-08-10 14:28:29.961265[INFO] tams_proc: [1087] Session key len: 32
[INFO] tams_proc: [1087] 1A 51 4F 0F D9 82 FA 5C 58 F7 58 0A C1 A6 47 5F 1F A6 43 78 D9 77 6D 4B BF 0F BA 06 2F 52 02 1B 
2026-08-10 14:28:29.961292[INFO] tams_proc: [1087] Object owner len : 5
[INFO] tams_proc: [1087] 49 6E 69 74 00 
2026-08-10 14:28:29.961311[INFO] tams_proc: [1087] Object name len : 11
[INFO] tams_proc: [1087] 54 79 70 65 36 4E 65 77 4D 4B 00 
2026-08-10 14:28:29.961332[INFO] tams_proc: [1087] Parsing TAMC_CMD_SO_DELETE Req status: TAM_SUCCESS
2026-08-10 14:28:29.961341[INFO] tams_proc: [1087] verifying TAMC session...
2026-08-10 14:28:29.961351[INFO] tams_proc: [1087] verify success!
2026-08-10 14:28:29.961360[INFO] tams_proc: [1087] Processing TAMC_CMD_SO_DELETE Req for device XRD_TAMDB
2026-08-10 14:28:29.961416[INFO] tams_proc: [1087] dev: XRD_TAMDB cmd: TAMD_CMD_GET_SO_DELETE new time: 24000 total time: 48000
2026-08-10 14:28:29.961491[INFO] tams_proc: [1087] Processing TAMC_CMD_SO_DELETE Req status: TAM_SUCCESS
2026-08-10 14:28:29.962799[INFO] tamd_proc: [1094] cmd type: TAMD_CMD_GET_SO_DELETE
2026-08-10 14:28:29.962849[INFO] tamd_proc: [1094] trans id: 0x25
2026-08-10 14:28:29.962864[INFO] tamd_proc: [1094] payload len: 57
2026-08-10 14:28:29.962873[INFO] tamd_proc: [1094] Parsing TAMD_CMD_GET_SO_DELETE Req
2026-08-10 14:28:29.962884[INFO] tamd_proc: [1094] credential_type : 2
2026-08-10 14:28:29.962895[INFO] tamd_proc: [1094] Parsing TAMD_CMD_GET_SO_DELETE Req status: TAM_SUCCESS
2026-08-10 14:28:29.984391[INFO] tamd_proc: [1094] Sending so delete result back to TAMS on tam_ipc_handle=0x57d5880765c0
2026-08-10 14:28:29.984570[INFO] tamd_proc: [1094] Processing TAMD_CMD_GET_SO_DELETE Req status: TAM_SUCCESS
2026-08-10 14:28:29.985653[INFO] tams_proc: [1087] cmd type: TAMD_CMD_GET_SO_DELETE
2026-08-10 14:28:29.985701[INFO] tams_proc: [1087] trans id: 0x25
2026-08-10 14:28:29.985716[INFO] tams_proc: [1087] status: TAM_ERROR_NO_OBJECT
2026-08-10 14:28:29.985725[INFO] tams_proc: [1087] payload len: 0
2026-08-10 14:28:29.985735[INFO] tams_proc: [1087] Parsing TAMD_CMD_GET_SO_DELETE Rsp
2026-08-10 14:28:29.985745[INFO] tams_proc: [1087] Parsing TAMD_CMD_GET_SO_DELETE Rsp status: TAM_SUCCESS
2026-08-10 14:28:29.985755[INFO] tams_proc: [1087] Processing TAMD_CMD_GET_SO_DELETE Rsp
2026-08-10 14:28:29.985786[INFO] tams_proc: [1087] Processing TAMD_CMD_GET_SO_DELETE Rsp status: TAM_SUCCESS
2026-08-10 14:28:30.746756[INFO] tams_proc: [1087] cmd type: TAMC_CMD_APP_LOGIN
2026-08-10 14:28:30.746905[INFO] tams_proc: [1087] session id: 0x0
2026-08-10 14:28:30.746933[INFO] tams_proc: [1087] trans id: 0x1
2026-08-10 14:28:30.746943[INFO] tams_proc: [1087] payload len: 343
2026-08-10 14:28:30.746953[INFO] tams_proc: [1087] Parsing TAMC_CMD_APP_LOGIN Req
2026-08-10 14:28:30.746976[INFO] tams_proc: [1087] credential_type: 2
2026-08-10 14:28:30.747069[INFO] tams_proc: [1087] Parsing TAMC_CMD_APP_LOGIN Req status: TAM_SUCCESS
2026-08-10 14:28:30.747176[INFO] tams_proc: [1087] Processing TAMC_CMD_APP_LOGIN Req for device XRD_TAMDB
2026-08-10 14:28:30.747211[INFO] tams_proc: [1087] app Init number pending sessions = 1 max=5
2026-08-10 14:28:30.747222[INFO] tams_proc: [1087] Received SRP message 1
2026-08-10 14:28:30.753971[INFO] tams_proc: [1087] Processing TAMC_CMD_APP_LOGIN Req status: TAM_SUCCESS
2026-08-10 14:28:30.765374[INFO] tams_proc: [1087] cmd type: TAMC_CMD_APP_LOGIN
2026-08-10 14:28:30.765512[INFO] tams_proc: [1087] session id: 0x6
2026-08-10 14:28:30.765582[INFO] tams_proc: [1087] trans id: 0x2
2026-08-10 14:28:30.765657[INFO] tams_proc: [1087] payload len: 83
2026-08-10 14:28:30.765732[INFO] tams_proc: [1087] Parsing TAMC_CMD_APP_LOGIN Req
2026-08-10 14:28:30.765832[INFO] tams_proc: [1087] Parsing TAMC_CMD_APP_LOGIN Req status: TAM_SUCCESS
2026-08-10 14:28:30.765909[INFO] tams_proc: [1087] Processing TAMC_CMD_APP_LOGIN Req for device XRD_TAMDB
2026-08-10 14:28:30.765978[INFO] tams_proc: [1087] Session in process
2026-08-10 14:28:30.766045[INFO] tams_proc: [1087] Received SRP message 3
2026-08-10 14:28:30.766115[INFO] tams_proc: [1087] app Init number sessions = 2 max=50
2026-08-10 14:28:30.766254[INFO] tams_proc: [1087] dev: XRD_TAMDB cmd: TAMD_CMD_DEVICE_BIND new time: 24000 total time: 24000
2026-08-10 14:28:30.766568[INFO] tams_proc: [1087] Processing TAMC_CMD_APP_LOGIN Req status: TAM_SUCCESS_IN_PROCESS
2026-08-10 14:28:30.767734[INFO] tamd_proc: [1094] cmd type: TAMD_CMD_DEVICE_BIND
2026-08-10 14:28:30.767830[INFO] tamd_proc: [1094] trans id: 0x26
2026-08-10 14:28:30.767852[INFO] tamd_proc: [1094] payload len: 12
2026-08-10 14:28:30.767861[INFO] tamd_proc: [1094] Parsing TAMD_CMD_DEVICE_BIND Req
2026-08-10 14:28:30.767873[INFO] tamd_proc: [1094] Parsing TAMD_CMD_DEVICE_BIND Req status: TAM_SUCCESS
2026-08-10 14:28:30.787602[INFO] tamd_proc: [1094] Processing TAMD_CMD_DEVICE_BIND Req status: TAM_SUCCESS
2026-08-10 14:28:30.788787[INFO] tams_proc: [1087] cmd type: TAMD_CMD_DEVICE_BIND
2026-08-10 14:28:30.788836[INFO] tams_proc: [1087] trans id: 0x26
2026-08-10 14:28:30.788849[INFO] tams_proc: [1087] status: TAM_SUCCESS
2026-08-10 14:28:30.788859[INFO] tams_proc: [1087] payload len: 0
2026-08-10 14:28:30.788867[INFO] tams_proc: [1087] Parsing TAMD_CMD_DEVICE_BIND Rsp
2026-08-10 14:28:30.788878[INFO] tams_proc: [1087] Parsing TAMD_CMD_DEVICE_BIND Rsp status: TAM_SUCCESS
2026-08-10 14:28:30.788888[INFO] tams_proc: [1087] Processing TAMD_CMD_DEVICE_BIND Rsp
2026-08-10 14:28:30.788898[INFO] tams_proc: [1087] Device XRD_TAMDB binding of app Init: TAM_SUCCESS
2026-08-10 14:28:30.788910[INFO] tams_proc: [1087] Sending SRP message 4 (80 bytes)
2026-08-10 14:28:30.788935[INFO] tams_proc: [1087] SRP session key (32 bytes):
[INFO] tams_proc: [1087] 8B B7 BA A3 4E 53 40 9A DD B4 6A BF E1 82 13 DE 09 AF 96 1F 4E D4 6C F6 51 49 59 63 C9 75 32 0A 
2026-08-10 14:28:30.788971[INFO] tams_proc: [1087] Application Init authentication succeeded!
2026-08-10 14:28:30.788982[INFO] tams_proc: [1087] Binding of app Init to device XRD_TAMDB: TAM_SUCCESS
2026-08-10 14:28:30.788993[INFO] tams_proc: [1087] Processing TAMD_CMD_DEVICE_BIND Rsp status: TAM_SUCCESS
2026-08-10 14:28:30.791777[INFO] tams_proc: [1087] cmd type: TAMC_CMD_APP_LOGOUT
2026-08-10 14:28:30.791843[INFO] tams_proc: [1087] session id: 0x6
2026-08-10 14:28:30.791858[INFO] tams_proc: [1087] trans id: 0x3
2026-08-10 14:28:30.791867[INFO] tams_proc: [1087] payload len: 40
2026-08-10 14:28:30.791876[INFO] tams_proc: [1087] Parsing TAMC_CMD_APP_LOGOUT Req
2026-08-10 14:28:30.791888[INFO] tams_proc: [1087] Session key len: 32
[INFO] tams_proc: [1087] 8B B7 BA A3 4E 53 40 9A DD B4 6A BF E1 82 13 DE 09 AF 96 1F 4E D4 6C F6 51 49 59 63 C9 75 32 0A 
2026-08-10 14:28:30.791915[INFO] tams_proc: [1087] Parsing TAMC_CMD_APP_LOGOUT Req status: TAM_SUCCESS
2026-08-10 14:28:30.791926[INFO] tams_proc: [1087] verifying TAMC session...
2026-08-10 14:28:30.791937[INFO] tams_proc: [1087] verify success!
2026-08-10 14:28:30.791954[INFO] tams_proc: [1087] Processing TAMC_CMD_APP_LOGOUT Req for device XRD_TAMDB
2026-08-10 14:28:30.791968[INFO] tams_proc: [1087] Client Notify is not enabled.
2026-08-10 14:28:30.791982[INFO] tams_proc: [1087] Deleting session 6 status TAM_SUCCESS
2026-08-10 14:28:30.791999[INFO] tams_proc: [1087] Sending status response: TAM_SUCCESS (0x1)
2026-08-10 14:28:30.792028[INFO] tams_proc: [1087] Processing TAMC_CMD_APP_LOGOUT Req status: TAM_SUCCESS
2026-08-10 14:28:30.956515[INFO] tams_proc: [1087] cmd type: TAMC_CMD_APP_LOGIN
2026-08-10 14:28:30.956609[INFO] tams_proc: [1087] session id: 0x0
2026-08-10 14:28:30.956631[INFO] tams_proc: [1087] trans id: 0x4
2026-08-10 14:28:30.956640[INFO] tams_proc: [1087] payload len: 343
2026-08-10 14:28:30.956650[INFO] tams_proc: [1087] Parsing TAMC_CMD_APP_LOGIN Req
2026-08-10 14:28:30.956673[INFO] tams_proc: [1087] credential_type: 16
2026-08-10 14:28:30.956683[INFO] tams_proc: [1087] Parsing TAMC_CMD_APP_LOGIN Req status: TAM_SUCCESS
2026-08-10 14:28:30.956692[INFO] tams_proc: [1087] Processing TAMC_CMD_APP_LOGIN Req for device XRD_TAMDB
2026-08-10 14:28:30.956705[INFO] tams_proc: [1087] app Init number pending sessions = 1 max=5
2026-08-10 14:28:30.956713[INFO] tams_proc: [1087] Received SRP message 1
2026-08-10 14:28:30.963528[INFO] tams_proc: [1087] Processing TAMC_CMD_APP_LOGIN Req status: TAM_SUCCESS
2026-08-10 14:28:30.973691[INFO] tams_proc: [1087] cmd type: TAMC_CMD_APP_LOGIN
2026-08-10 14:28:30.973782[INFO] tams_proc: [1087] session id: 0x7
2026-08-10 14:28:30.973804[INFO] tams_proc: [1087] trans id: 0x5
2026-08-10 14:28:30.973813[INFO] tams_proc: [1087] payload len: 83
2026-08-10 14:28:30.973823[INFO] tams_proc: [1087] Parsing TAMC_CMD_APP_LOGIN Req
2026-08-10 14:28:30.973838[INFO] tams_proc: [1087] Parsing TAMC_CMD_APP_LOGIN Req status: TAM_SUCCESS
2026-08-10 14:28:30.973847[INFO] tams_proc: [1087] Processing TAMC_CMD_APP_LOGIN Req for device XRD_TAMDB
2026-08-10 14:28:30.973858[INFO] tams_proc: [1087] Session in process
2026-08-10 14:28:30.973867[INFO] tams_proc: [1087] Received SRP message 3
2026-08-10 14:28:30.973878[INFO] tams_proc: [1087] app Init number sessions = 2 max=50
2026-08-10 14:28:30.973986[INFO] tams_proc: [1087] dev: XRD_TAMDB cmd: TAMD_CMD_DEVICE_BIND new time: 24000 total time: 24000
2026-08-10 14:28:30.974086[INFO] tams_proc: [1087] Processing TAMC_CMD_APP_LOGIN Req status: TAM_SUCCESS_IN_PROCESS
2026-08-10 14:28:30.975441[INFO] tamd_proc: [1094] cmd type: TAMD_CMD_DEVICE_BIND
2026-08-10 14:28:30.975538[INFO] tamd_proc: [1094] trans id: 0x27
2026-08-10 14:28:30.975561[INFO] tamd_proc: [1094] payload len: 12
2026-08-10 14:28:30.975571[INFO] tamd_proc: [1094] Parsing TAMD_CMD_DEVICE_BIND Req
2026-08-10 14:28:30.975583[INFO] tamd_proc: [1094] Parsing TAMD_CMD_DEVICE_BIND Req status: TAM_SUCCESS
2026-08-10 14:28:30.994665[INFO] tamd_proc: [1094] Processing TAMD_CMD_DEVICE_BIND Req status: TAM_SUCCESS
2026-08-10 14:28:30.995880[INFO] tams_proc: [1087] cmd type: TAMD_CMD_DEVICE_BIND
2026-08-10 14:28:30.995960[INFO] tams_proc: [1087] trans id: 0x27
2026-08-10 14:28:30.995983[INFO] tams_proc: [1087] status: TAM_SUCCESS
2026-08-10 14:28:30.995992[INFO] tams_proc: [1087] payload len: 0
2026-08-10 14:28:30.996001[INFO] tams_proc: [1087] Parsing TAMD_CMD_DEVICE_BIND Rsp
2026-08-10 14:28:30.996012[INFO] tams_proc: [1087] Parsing TAMD_CMD_DEVICE_BIND Rsp status: TAM_SUCCESS
2026-08-10 14:28:30.996021[INFO] tams_proc: [1087] Processing TAMD_CMD_DEVICE_BIND Rsp
2026-08-10 14:28:30.996031[INFO] tams_proc: [1087] Device XRD_TAMDB binding of app Init: TAM_SUCCESS
2026-08-10 14:28:30.996043[INFO] tams_proc: [1087] Sending SRP message 4 (80 bytes)
2026-08-10 14:28:30.996101[INFO] tams_proc: [1087] SRP session key (32 bytes):
[INFO] tams_proc: [1087] 84 A8 50 DB 43 1E 21 63 CA 13 9E 34 D4 B3 AB 38 76 B6 86 B5 63 23 C8 A2 44 D9 D5 4A 7F B9 61 FE 
2026-08-10 14:28:30.996179[INFO] tams_proc: [1087] Application Init authentication succeeded!
2026-08-10 14:28:30.996199[INFO] tams_proc: [1087] Binding of app Init to device XRD_TAMDB: TAM_SUCCESS
2026-08-10 14:28:30.996211[INFO] tams_proc: [1087] Processing TAMD_CMD_DEVICE_BIND Rsp status: TAM_SUCCESS
2026-08-10 14:28:31.812Z[INFO] tams_proc: [1087] cmd type: TAMC_CMD_APP_LOGIN
2026-08-10 14:28:31.894Z[INFO] tams_proc: [1087] session id: 0x0
2026-08-10 14:28:31.916Z[INFO] tams_proc: [1087] trans id: 0x6
2026-08-10 14:28:31.925Z[INFO] tams_proc: [1087] payload len: 343
2026-08-10 14:28:31.934Z[INFO] tams_proc: [1087] Parsing TAMC_CMD_APP_LOGIN Req
2026-08-10 14:28:31.956Z[INFO] tams_proc: [1087] credential_type: 2
2026-08-10 14:28:31.967Z[INFO] tams_proc: [1087] Parsing TAMC_CMD_APP_LOGIN Req status: TAM_SUCCESS
2026-08-10 14:28:31.977Z[INFO] tams_proc: [1087] Processing TAMC_CMD_APP_LOGIN Req for device XRD_TAMDB
2026-08-10 14:28:31.988Z[INFO] tams_proc: [1087] app Init number pending sessions = 1 max=5
2026-08-10 14:28:31.997Z[INFO] tams_proc: [1087] Received SRP message 1
2026-08-10 14:28:31.7735Z[INFO] tams_proc: [1087] Processing TAMC_CMD_APP_LOGIN Req status: TAM_SUCCESS
2026-08-10 14:28:31.17758Z[INFO] tams_proc: [1087] cmd type: TAMC_CMD_APP_LOGIN
2026-08-10 14:28:31.17833Z[INFO] tams_proc: [1087] session id: 0x8
2026-08-10 14:28:31.17853Z[INFO] tams_proc: [1087] trans id: 0x7
2026-08-10 14:28:31.17863Z[INFO] tams_proc: [1087] payload len: 83
2026-08-10 14:28:31.17872Z[INFO] tams_proc: [1087] Parsing TAMC_CMD_APP_LOGIN Req
2026-08-10 14:28:31.17886Z[INFO] tams_proc: [1087] Parsing TAMC_CMD_APP_LOGIN Req status: TAM_SUCCESS
2026-08-10 14:28:31.17895Z[INFO] tams_proc: [1087] Processing TAMC_CMD_APP_LOGIN Req for device XRD_TAMDB
2026-08-10 14:28:31.17906Z[INFO] tams_proc: [1087] Session in process
2026-08-10 14:28:31.17915Z[INFO] tams_proc: [1087] Received SRP message 3
2026-08-10 14:28:31.17925Z[INFO] tams_proc: [1087] app Init number sessions = 3 max=50
2026-08-10 14:28:31.17991Z[INFO] tams_proc: [1087] dev: XRD_TAMDB cmd: TAMD_CMD_DEVICE_BIND new time: 24000 total time: 24000
2026-08-10 14:28:31.18053Z[INFO] tams_proc: [1087] Processing TAMC_CMD_APP_LOGIN Req status: TAM_SUCCESS_IN_PROCESS
2026-08-10 14:28:31.19486Z[INFO] tamd_proc: [1094] cmd type: TAMD_CMD_DEVICE_BIND
2026-08-10 14:28:31.19580Z[INFO] tamd_proc: [1094] trans id: 0x28
2026-08-10 14:28:31.19601Z[INFO] tamd_proc: [1094] payload len: 12
2026-08-10 14:28:31.19610Z[INFO] tamd_proc: [1094] Parsing TAMD_CMD_DEVICE_BIND Req
2026-08-10 14:28:31.19622Z[INFO] tamd_proc: [1094] Parsing TAMD_CMD_DEVICE_BIND Req status: TAM_SUCCESS
2026-08-10 14:28:31.37624Z[INFO] tamd_proc: [1094] Processing TAMD_CMD_DEVICE_BIND Req status: TAM_SUCCESS
2026-08-10 14:28:31.38803Z[INFO] tams_proc: [1087] cmd type: TAMD_CMD_DEVICE_BIND
2026-08-10 14:28:31.38879Z[INFO] tams_proc: [1087] trans id: 0x28
2026-08-10 14:28:31.38901Z[INFO] tams_proc: [1087] status: TAM_SUCCESS
2026-08-10 14:28:31.38911Z[INFO] tams_proc: [1087] payload len: 0
2026-08-10 14:28:31.38920Z[INFO] tams_proc: [1087] Parsing TAMD_CMD_DEVICE_BIND Rsp
2026-08-10 14:28:31.38932Z[INFO] tams_proc: [1087] Parsing TAMD_CMD_DEVICE_BIND Rsp status: TAM_SUCCESS
2026-08-10 14:28:31.38941Z[INFO] tams_proc: [1087] Processing TAMD_CMD_DEVICE_BIND Rsp
2026-08-10 14:28:31.38951Z[INFO] tams_proc: [1087] Device XRD_TAMDB binding of app Init: TAM_SUCCESS
2026-08-10 14:28:31.38962Z[INFO] tams_proc: [1087] Sending SRP message 4 (80 bytes)
2026-08-10 14:28:31.39021Z[INFO] tams_proc: [1087] SRP session key (32 bytes):
[INFO] tams_proc: [1087] 47 41 77 00 CC 3A 22 FA 77 47 EE AE AD 7C 60 03 F7 FC 42 BA C1 A1 29 9A 41 94 73 FA 5D 78 90 F9 
2026-08-10 14:28:31.39106Z[INFO] tams_proc: [1087] Application Init authentication succeeded!
2026-08-10 14:28:31.39115Z[INFO] tams_proc: [1087] Binding of app Init to device XRD_TAMDB: TAM_SUCCESS
2026-08-10 14:28:31.39127Z[INFO] tams_proc: [1087] Processing TAMD_CMD_DEVICE_BIND Rsp status: TAM_SUCCESS
2026-08-10 14:28:31.41810Z[INFO] tams_proc: [1087] cmd type: TAMC_CMD_SO_READ
2026-08-10 14:28:31.41915Z[INFO] tams_proc: [1087] session id: 0x8
2026-08-10 14:28:31.41938Z[INFO] tams_proc: [1087] trans id: 0x8
2026-08-10 14:28:31.41947Z[INFO] tams_proc: [1087] payload len: 68
2026-08-10 14:28:31.41957Z[INFO] tams_proc: [1087] Parsing TAMC_CMD_SO_READ Req
2026-08-10 14:28:31.41968Z[INFO] tams_proc: [1087] Session key len: 32
[INFO] tams_proc: [1087] 47 41 77 00 CC 3A 22 FA 77 47 EE AE AD 7C 60 03 F7 FC 42 BA C1 A1 29 9A 41 94 73 FA 5D 78 90 F9 
2026-08-10 14:28:31.41996Z[INFO] tams_proc: [1087] Object owner len : 5
[INFO] tams_proc: [1087] 49 6E 69 74 00 
2026-08-10 14:28:31.42016Z[INFO] tams_proc: [1087] Object name len : 7
[INFO] tams_proc: [1087] 58 52 2D 50 44 43 00 
2026-08-10 14:28:31.42061Z[INFO] tams_proc: [1087] Parsing TAMC_CMD_SO_READ Req status: TAM_SUCCESS
2026-08-10 14:28:31.42128Z[INFO] tams_proc: [1087] verifying TAMC session...
2026-08-10 14:28:31.42150Z[INFO] tams_proc: [1087] verify success!
2026-08-10 14:28:31.42159Z[INFO] tams_proc: [1087] Processing TAMC_CMD_SO_READ Req for device XRD_TAMDB
2026-08-10 14:28:31.42285Z[INFO] tams_proc: [1087] dev: XRD_TAMDB cmd: TAMD_CMD_GET_SO_READ new time: 24000 total time: 24000
2026-08-10 14:28:31.42404Z[INFO] tams_proc: [1087] Processing TAMC_CMD_SO_READ Req status: TAM_SUCCESS
2026-08-10 14:28:31.43677Z[INFO] tamd_proc: [1094] cmd type: TAMD_CMD_GET_SO_READ
2026-08-10 14:28:31.43754Z[INFO] tamd_proc: [1094] trans id: 0x29
2026-08-10 14:28:31.43775Z[INFO] tamd_proc: [1094] payload len: 53
2026-08-10 14:28:31.43784Z[INFO] tamd_proc: [1094] Parsing TAMD_CMD_GET_SO_READ Req
2026-08-10 14:28:31.43795Z[INFO] tamd_proc: [1094] credential_type : 2
2026-08-10 14:28:31.43804Z[INFO] tamd_proc: [1094] Parsing TAMD_CMD_GET_SO_READ Req status: TAM_SUCCESS
2026-08-10 14:28:31.61462Z[INFO] tamd_proc: [1094] Sending so read result back to TAMS on tam_ipc_handle=0x57d5880765c0
2026-08-10 14:28:31.61588Z[INFO] tamd_proc: [1094] Processing TAMD_CMD_GET_SO_READ Req status: TAM_SUCCESS
2026-08-10 14:28:31.62831Z[INFO] tams_proc: [1087] cmd type: TAMD_CMD_GET_SO_READ
2026-08-10 14:28:31.62915Z[INFO] tams_proc: [1087] trans id: 0x29
2026-08-10 14:28:31.62938Z[INFO] tams_proc: [1087] status: TAM_ERROR_NO_OBJECT
2026-08-10 14:28:31.62948Z[INFO] tams_proc: [1087] payload len: 0
2026-08-10 14:28:31.62957Z[INFO] tams_proc: [1087] Parsing TAMD_CMD_GET_SO_READ Rsp
2026-08-10 14:28:31.62968Z[INFO] tams_proc: [1087] Parsing TAMD_CMD_GET_SO_READ Rsp status: TAM_SUCCESS
2026-08-10 14:28:31.62977Z[INFO] tams_proc: [1087] Processing TAMD_CMD_GET_SO_READ Rsp
2026-08-10 14:28:31.63046Z[INFO] tams_proc: [1087] Processing TAMD_CMD_GET_SO_READ Rsp status: TAM_SUCCESS
2026-08-10 14:28:31.65817Z[INFO] tams_proc: [1087] cmd type: TAMC_CMD_APP_LOGOUT
2026-08-10 14:28:31.65891Z[INFO] tams_proc: [1087] session id: 0x8
2026-08-10 14:28:31.65912Z[INFO] tams_proc: [1087] trans id: 0x9
2026-08-10 14:28:31.65921Z[INFO] tams_proc: [1087] payload len: 40
2026-08-10 14:28:31.65930Z[INFO] tams_proc: [1087] Parsing TAMC_CMD_APP_LOGOUT Req
2026-08-10 14:28:31.65940Z[INFO] tams_proc: [1087] Session key len: 32
[INFO] tams_proc: [1087] 47 41 77 00 CC 3A 22 FA 77 47 EE AE AD 7C 60 03 F7 FC 42 BA C1 A1 29 9A 41 94 73 FA 5D 78 90 F9 
2026-08-10 14:28:31.65966Z[INFO] tams_proc: [1087] Parsing TAMC_CMD_APP_LOGOUT Req status: TAM_SUCCESS
2026-08-10 14:28:31.65976Z[INFO] tams_proc: [1087] verifying TAMC session...
2026-08-10 14:28:31.65985Z[INFO] tams_proc: [1087] verify success!
2026-08-10 14:28:31.65994Z[INFO] tams_proc: [1087] Processing TAMC_CMD_APP_LOGOUT Req for device XRD_TAMDB
2026-08-10 14:28:31.66005Z[INFO] tams_proc: [1087] Client Notify is not enabled.
2026-08-10 14:28:31.66017Z[INFO] tams_proc: [1087] Deleting session 8 status TAM_SUCCESS
2026-08-10 14:28:31.66026Z[INFO] tams_proc: [1087] Sending status response: TAM_SUCCESS (0x1)
2026-08-10 14:28:31.66083Z[INFO] tams_proc: [1087] Processing TAMC_CMD_APP_LOGOUT Req status: TAM_SUCCESS
2026-08-10 14:28:31.68712Z[INFO] tams_proc: [1087] cmd type: TAMC_CMD_APP_LOGOUT
2026-08-10 14:28:31.68787Z[INFO] tams_proc: [1087] session id: 0x7
2026-08-10 14:28:31.68808Z[INFO] tams_proc: [1087] trans id: 0xa
2026-08-10 14:28:31.68817Z[INFO] tams_proc: [1087] payload len: 40
2026-08-10 14:28:31.68826Z[INFO] tams_proc: [1087] Parsing TAMC_CMD_APP_LOGOUT Req
2026-08-10 14:28:31.68836Z[INFO] tams_proc: [1087] Session key len: 32
[INFO] tams_proc: [1087] 84 A8 50 DB 43 1E 21 63 CA 13 9E 34 D4 B3 AB 38 76 B6 86 B5 63 23 C8 A2 44 D9 D5 4A 7F B9 61 FE 
2026-08-10 14:28:31.68863Z[INFO] tams_proc: [1087] Parsing TAMC_CMD_APP_LOGOUT Req status: TAM_SUCCESS
2026-08-10 14:28:31.68872Z[INFO] tams_proc: [1087] verifying TAMC session...
2026-08-10 14:28:31.68881Z[INFO] tams_proc: [1087] verify success!
2026-08-10 14:28:31.68890Z[INFO] tams_proc: [1087] Processing TAMC_CMD_APP_LOGOUT Req for device XRD_TAMDB
2026-08-10 14:28:31.68900Z[INFO] tams_proc: [1087] Client Notify is not enabled.
2026-08-10 14:28:31.68912Z[INFO] tams_proc: [1087] Deleting session 7 status TAM_SUCCESS
2026-08-10 14:28:31.68921Z[INFO] tams_proc: [1087] Sending status response: TAM_SUCCESS (0x1)
2026-08-10 14:28:31.68979Z[INFO] tams_proc: [1087] Processing TAMC_CMD_APP_LOGOUT Req status: TAM_SUCCESS
2026-08-10 14:28:34.174066[INFO] tams_proc: [1087] cmd type: TAMC_CMD_APP_LOGIN
2026-08-10 14:28:34.174197[INFO] tams_proc: [1087] session id: 0x0
2026-08-10 14:28:34.174231[INFO] tams_proc: [1087] trans id: 0x1
2026-08-10 14:28:34.174247[INFO] tams_proc: [1087] payload len: 347
2026-08-10 14:28:34.174262[INFO] tams_proc: [1087] Parsing TAMC_CMD_APP_LOGIN Req
2026-08-10 14:28:34.174299[INFO] tams_proc: [1087] credential_type: 2
2026-08-10 14:28:34.174316[INFO] tams_proc: [1087] Parsing TAMC_CMD_APP_LOGIN Req status: TAM_SUCCESS
2026-08-10 14:28:34.174331[INFO] tams_proc: [1087] Processing TAMC_CMD_APP_LOGIN Req for device XRD_TAMDB
2026-08-10 14:28:34.174351[INFO] tams_proc: [1087] app kev_app1 number pending sessions = 1 max=5
2026-08-10 14:28:34.174366[INFO] tams_proc: [1087] Received SRP message 1
2026-08-10 14:28:34.185405[INFO] tams_proc: [1087] Processing TAMC_CMD_APP_LOGIN Req status: TAM_SUCCESS
2026-08-10 14:28:34.199455[INFO] tams_proc: [1087] cmd type: TAMC_CMD_APP_LOGIN
2026-08-10 14:28:34.199577[INFO] tams_proc: [1087] session id: 0x9
2026-08-10 14:28:34.199610[INFO] tams_proc: [1087] trans id: 0x2
2026-08-10 14:28:34.199625[INFO] tams_proc: [1087] payload len: 87
2026-08-10 14:28:34.199640[INFO] tams_proc: [1087] Parsing TAMC_CMD_APP_LOGIN Req
2026-08-10 14:28:34.199662[INFO] tams_proc: [1087] Parsing TAMC_CMD_APP_LOGIN Req status: TAM_SUCCESS
2026-08-10 14:28:34.199677[INFO] tams_proc: [1087] Processing TAMC_CMD_APP_LOGIN Req for device XRD_TAMDB
2026-08-10 14:28:34.199694[INFO] tams_proc: [1087] Session in process
2026-08-10 14:28:34.199708[INFO] tams_proc: [1087] Received SRP message 3
2026-08-10 14:28:34.199726[INFO] tams_proc: [1087] app kev_app1 number sessions = 1 max=50
2026-08-10 14:28:34.199874[INFO] tams_proc: [1087] dev: XRD_TAMDB cmd: TAMD_CMD_DEVICE_BIND new time: 24000 total time: 24000
2026-08-10 14:28:34.199972[INFO] tams_proc: [1087] Processing TAMC_CMD_APP_LOGIN Req status: TAM_SUCCESS_IN_PROCESS
2026-08-10 14:28:34.201363[INFO] tamd_proc: [1094] cmd type: TAMD_CMD_DEVICE_BIND
2026-08-10 14:28:34.201482[INFO] tamd_proc: [1094] trans id: 0x2b
2026-08-10 14:28:34.201515[INFO] tamd_proc: [1094] payload len: 16
2026-08-10 14:28:34.201530[INFO] tamd_proc: [1094] Parsing TAMD_CMD_DEVICE_BIND Req
2026-08-10 14:28:34.201548[INFO] tamd_proc: [1094] Parsing TAMD_CMD_DEVICE_BIND Req status: TAM_SUCCESS
2026-08-10 14:28:34.225622[INFO] tamd_proc: [1094] Processing TAMD_CMD_DEVICE_BIND Req status: TAM_SUCCESS
2026-08-10 14:28:34.226840[INFO] tams_proc: [1087] cmd type: TAMD_CMD_DEVICE_BIND
2026-08-10 14:28:34.226951[INFO] tams_proc: [1087] trans id: 0x2b
2026-08-10 14:28:34.226985[INFO] tams_proc: [1087] status: TAM_SUCCESS
2026-08-10 14:28:34.227000[INFO] tams_proc: [1087] payload len: 0
2026-08-10 14:28:34.227015[INFO] tams_proc: [1087] Parsing TAMD_CMD_DEVICE_BIND Rsp
2026-08-10 14:28:34.227032[INFO] tams_proc: [1087] Parsing TAMD_CMD_DEVICE_BIND Rsp status: TAM_SUCCESS
2026-08-10 14:28:34.227046[INFO] tams_proc: [1087] Processing TAMD_CMD_DEVICE_BIND Rsp
2026-08-10 14:28:34.227062[INFO] tams_proc: [1087] Device XRD_TAMDB binding of app kev_app1: TAM_SUCCESS
2026-08-10 14:28:34.227080[INFO] tams_proc: [1087] Sending SRP message 4 (80 bytes)
2026-08-10 14:28:34.227173[INFO] tams_proc: [1087] SRP session key (32 bytes):
[INFO] tams_proc: [1087] 8A 8E 9C 5E 94 B7 E0 C1 97 15 4D F1 E8 3B D2 1D AF 34 91 3F 7E F2 29 A5 C7 B6 4B 74 37 78 0C 63 
2026-08-10 14:28:34.227312[INFO] tams_proc: [1087] Application kev_app1 authentication succeeded!
2026-08-10 14:28:34.227327[INFO] tams_proc: [1087] Binding of app kev_app1 to device XRD_TAMDB: TAM_SUCCESS
2026-08-10 14:28:34.227346[INFO] tams_proc: [1087] Processing TAMD_CMD_DEVICE_BIND Rsp status: TAM_SUCCESS
2026-08-10 14:28:34.233483[INFO] tams_proc: [1087] cmd type: TAMC_CMD_APP_LOGIN
2026-08-10 14:28:34.233591[INFO] tams_proc: [1087] session id: 0x0
2026-08-10 14:28:34.233623[INFO] tams_proc: [1087] trans id: 0x3
2026-08-10 14:28:34.233638[INFO] tams_proc: [1087] payload len: 343
2026-08-10 14:28:34.233652[INFO] tams_proc: [1087] Parsing TAMC_CMD_APP_LOGIN Req
2026-08-10 14:28:34.233687[INFO] tams_proc: [1087] credential_type: 2
2026-08-10 14:28:34.233703[INFO] tams_proc: [1087] Parsing TAMC_CMD_APP_LOGIN Req status: TAM_SUCCESS
2026-08-10 14:28:34.233718[INFO] tams_proc: [1087] Processing TAMC_CMD_APP_LOGIN Req for device XRD_TAMDB
2026-08-10 14:28:34.233734[INFO] tams_proc: [1087] app Init number pending sessions = 1 max=5
2026-08-10 14:28:34.233748[INFO] tams_proc: [1087] Received SRP message 1
2026-08-10 14:28:34.244804[INFO] tams_proc: [1087] Processing TAMC_CMD_APP_LOGIN Req status: TAM_SUCCESS
2026-08-10 14:28:34.259957[INFO] tams_proc: [1087] cmd type: TAMC_CMD_APP_LOGIN
2026-08-10 14:28:34.260082[INFO] tams_proc: [1087] session id: 0xa
2026-08-10 14:28:34.260104[INFO] tams_proc: [1087] trans id: 0x4
2026-08-10 14:28:34.260114[INFO] tams_proc: [1087] payload len: 83
2026-08-10 14:28:34.260123[INFO] tams_proc: [1087] Parsing TAMC_CMD_APP_LOGIN Req
2026-08-10 14:28:34.260137[INFO] tams_proc: [1087] Parsing TAMC_CMD_APP_LOGIN Req status: TAM_SUCCESS
2026-08-10 14:28:34.260146[INFO] tams_proc: [1087] Processing TAMC_CMD_APP_LOGIN Req for device XRD_TAMDB
2026-08-10 14:28:34.260156[INFO] tams_proc: [1087] Session in process
2026-08-10 14:28:34.260165[INFO] tams_proc: [1087] Received SRP message 3
2026-08-10 14:28:34.260175[INFO] tams_proc: [1087] app Init number sessions = 2 max=50
2026-08-10 14:28:34.260280[INFO] tams_proc: [1087] dev: XRD_TAMDB cmd: TAMD_CMD_DEVICE_BIND new time: 24000 total time: 24000
2026-08-10 14:28:34.260349[INFO] tams_proc: [1087] Processing TAMC_CMD_APP_LOGIN Req status: TAM_SUCCESS_IN_PROCESS
2026-08-10 14:28:34.261721[INFO] tamd_proc: [1094] cmd type: TAMD_CMD_DEVICE_BIND
2026-08-10 14:28:34.261803[INFO] tamd_proc: [1094] trans id: 0x2c
2026-08-10 14:28:34.261827[INFO] tamd_proc: [1094] payload len: 12
2026-08-10 14:28:34.261836[INFO] tamd_proc: [1094] Parsing TAMD_CMD_DEVICE_BIND Req
2026-08-10 14:28:34.261848[INFO] tamd_proc: [1094] Parsing TAMD_CMD_DEVICE_BIND Req status: TAM_SUCCESS
2026-08-10 14:28:34.283258[INFO] tamd_proc: [1094] Processing TAMD_CMD_DEVICE_BIND Req status: TAM_SUCCESS
2026-08-10 14:28:34.284494[INFO] tams_proc: [1087] cmd type: TAMD_CMD_DEVICE_BIND
2026-08-10 14:28:34.284599[INFO] tams_proc: [1087] trans id: 0x2c
2026-08-10 14:28:34.284622[INFO] tams_proc: [1087] status: TAM_SUCCESS
2026-08-10 14:28:34.284631[INFO] tams_proc: [1087] payload len: 0
2026-08-10 14:28:34.284640[INFO] tams_proc: [1087] Parsing TAMD_CMD_DEVICE_BIND Rsp
2026-08-10 14:28:34.284651[INFO] tams_proc: [1087] Parsing TAMD_CMD_DEVICE_BIND Rsp status: TAM_SUCCESS
2026-08-10 14:28:34.284659[INFO] tams_proc: [1087] Processing TAMD_CMD_DEVICE_BIND Rsp
2026-08-10 14:28:34.284669[INFO] tams_proc: [1087] Device XRD_TAMDB binding of app Init: TAM_SUCCESS
2026-08-10 14:28:34.284680[INFO] tams_proc: [1087] Sending SRP message 4 (80 bytes)
2026-08-10 14:28:34.284744[INFO] tams_proc: [1087] SRP session key (32 bytes):
[INFO] tams_proc: [1087] 88 09 A8 B2 A4 DA 0C C9 44 98 7A 0B FA 31 E6 AD 29 52 56 53 8B 19 26 C3 76 FA 67 9A 97 73 25 33 
2026-08-10 14:28:34.284835[INFO] tams_proc: [1087] Application Init authentication succeeded!
2026-08-10 14:28:34.284856[INFO] tams_proc: [1087] Binding of app Init to device XRD_TAMDB: TAM_SUCCESS
2026-08-10 14:28:34.284869[INFO] tams_proc: [1087] Processing TAMD_CMD_DEVICE_BIND Rsp status: TAM_SUCCESS
2026-08-10 14:28:34.411497[INFO] tams_proc: [1087] cmd type: TAMC_CMD_SO_LIST
2026-08-10 14:28:34.411572[INFO] tams_proc: [1087] session id: 0xa
2026-08-10 14:28:34.411591[INFO] tams_proc: [1087] trans id: 0x5
2026-08-10 14:28:34.411601[INFO] tams_proc: [1087] payload len: 40
2026-08-10 14:28:34.411610[INFO] tams_proc: [1087] Parsing TAMC_CMD_SO_LIST Req
2026-08-10 14:28:34.411622[INFO] tams_proc: [1087] Session key len: 32
[INFO] tams_proc: [1087] 88 09 A8 B2 A4 DA 0C C9 44 98 7A 0B FA 31 E6 AD 29 52 56 53 8B 19 26 C3 76 FA 67 9A 97 73 25 33 
2026-08-10 14:28:34.411651[INFO] tams_proc: [1087] Parsing TAMC_CMD_SO_LIST Req status: TAM_SUCCESS
2026-08-10 14:28:34.411661[INFO] tams_proc: [1087] verifying TAMC session...
2026-08-10 14:28:34.411670[INFO] tams_proc: [1087] verify success!
2026-08-10 14:28:34.411679[INFO] tams_proc: [1087] Processing TAMC_CMD_SO_LIST Req for device XRD_TAMDB
2026-08-10 14:28:34.411783[INFO] tams_proc: [1087] dev: XRD_TAMDB cmd: TAMD_CMD_GET_SO_GET_LIST new time: 24000 total time: 24000
2026-08-10 14:28:34.411890[INFO] tams_proc: [1087] Processing TAMC_CMD_SO_LIST Req status: TAM_SUCCESS
2026-08-10 14:28:34.413165[INFO] tamd_proc: [1094] cmd type: TAMD_CMD_GET_SO_GET_LIST
2026-08-10 14:28:34.413249[INFO] tamd_proc: [1094] trans id: 0x2d
2026-08-10 14:28:34.413271[INFO] tamd_proc: [1094] payload len: 25
2026-08-10 14:28:34.413281[INFO] tamd_proc: [1094] Parsing TAMD_CMD_GET_SO_GET_LIST Req
2026-08-10 14:28:34.413305[INFO] tamd_proc: [1094] credential_type : 2
2026-08-10 14:28:34.413316[INFO] tamd_proc: [1094] Parsing TAMD_CMD_GET_SO_GET_LIST Req status: TAM_SUCCESS
2026-08-10 14:28:34.431927[INFO] tamd_proc: [1094] Sending so list result back to TAMS on tam_ipc_handle=0x57d5880765c0
2026-08-10 14:28:34.432073[INFO] tamd_proc: [1094] Processing TAMD_CMD_GET_SO_GET_LIST Req status: TAM_SUCCESS
2026-08-10 14:28:34.433266[INFO] tams_proc: [1087] cmd type: TAMD_CMD_GET_SO_GET_LIST
2026-08-10 14:28:34.433344[INFO] tams_proc: [1087] trans id: 0x2d
2026-08-10 14:28:34.433366[INFO] tams_proc: [1087] status: TAM_SUCCESS
2026-08-10 14:28:34.433376[INFO] tams_proc: [1087] payload len: 10
2026-08-10 14:28:34.433385[INFO] tams_proc: [1087] Parsing TAMD_CMD_GET_SO_GET_LIST Rsp
2026-08-10 14:28:34.433397[INFO] tams_proc: [1087] List size 2
2026-08-10 14:28:34.433407[INFO] tams_proc: [1087] Parsing TAMD_CMD_GET_SO_GET_LIST Rsp status: TAM_SUCCESS
2026-08-10 14:28:34.433416[INFO] tams_proc: [1087] Processing TAMD_CMD_GET_SO_GET_LIST Rsp
2026-08-10 14:28:34.433484[INFO] tams_proc: [1087] Processing TAMD_CMD_GET_SO_GET_LIST Rsp status: TAM_SUCCESS
