2023 Jun 29 04:54:50.548 UTC: MD5 of /etc/xr/bootstrap_helpers.sh is 77d6624ab3cbd34172adf32b03b679ef  /etc/xr/bootstrap_helpers.sh
2023 Jun 29 04:54:50.565 UTC: First phase install: 3P rpms
2023 Jun 29 04:54:50.601 UTC: Starting: bootstrap_pd_prepare_install_environment 
2023 Jun 29 04:54:50.628 UTC: Finishing: bootstrap_pd_prepare_install_environment: 0
2023 Jun 29 04:54:50.641 UTC: Starting: bootstrap_pd_oci_setup_persistence /mnt/disk/
2023 Jun 29 04:54:50.744 UTC: Finishing: bootstrap_pd_oci_setup_persistence: 0
2023 Jun 29 04:54:50.782 UTC: Populating RPM repository with RPMs from the ISO
2023 Jun 29 04:54:50.803 UTC: RPMs found directly in the initramfs
2023 Jun 29 04:54:50.850 UTC: Creating internal repository at /mirror/iosxr_install_internal_repo
2023 Jun 29 04:54:51.959 UTC: Dumping rpm cert into file
2023 Jun 29 04:54:51.978 UTC: Dumping RPM Cert into file /mnt/disk//certs
2023 Jun 29 04:54:52.062 UTC: RPM Release Cert installed
2023 Jun 29 04:54:52.773 UTC: Install 3P targets (/mnt/disk/:RP:XRd-CP-C-01)
2023 Jun 29 04:54:52.780 UTC: Performing preparation prior to installing RPMs
2023 Jun 29 04:54:53.156 UTC: Found card-PID package: xr-identifier-xrd-cp-c-01
2023 Jun 29 04:54:53.178 UTC: Preparing IMA labeling environment
2023 Jun 29 04:54:53.188 UTC: Start: Install DNF update-alternatives, busybox, evmctl, base-files and card-PID identifier (/var/log/_xr_bootstrap_dnf_install_busybox_evmctl_cardpid.log): dnf install  -y --setopt tsflags=noscripts --installroot /mnt/disk/ --disableplugin=xrcert,xrops,local -- update-alternatives-opkg busybox ima-evm-utils-evmctl.static base-files xr-identifier-xrd-cp-c-01
2023 Jun 29 04:54:54.209 UTC: Complete: Install DNF update-alternatives, busybox, evmctl, base-files and card-PID identifier: exit code: 0
2023 Jun 29 04:54:54.231 UTC: Start: Re-install DNF update-alternatives, busybox, evmctl, base-files and card-PID identifier (/var/log/_xr_bootstrap_dnf_reinstall_busybox_evmctl_cardpid.log): dnf reinstall  -y --installroot /mnt/disk/ --disableplugin=xrcert,xrops,local -- update-alternatives-opkg busybox ima-evm-utils-evmctl.static base-files xr-identifier-xrd-cp-c-01
2023 Jun 29 04:55:34.815 UTC: Complete: Re-install DNF update-alternatives, busybox, evmctl, base-files and card-PID identifier: exit code: 0
2023 Jun 29 04:55:34.835 UTC: Installing RPMs
2023 Jun 29 04:55:34.874 UTC: Start: DNF Clean (/var/log/_xr_bootstrap_dnf_clean.log): dnf clean --disableplugin=xrcert,xrops,local -- all
2023 Jun 29 04:55:35.192 UTC: Complete: DNF Clean: exit code: 0
2023 Jun 29 04:55:35.198 UTC: Start: Install systemd package (/var/log/_xr_bootstrap_dnf_install_systemd.log): dnf install  -y --installroot /mnt/disk/ --disableplugin=xrcert,xrops,local -- systemd
2023 Jun 29 04:55:49.775 UTC: Complete: Install systemd package: exit code: 0
2023 Jun 29 04:55:49.792 UTC: Start: Install main software (/var/log/_xr_bootstrap_dnf_install_all_pkgs.log): dnf install  -y --installroot /mnt/disk/ --disableplugin=xrcert,xrops,local -- acl at attr audit base-files base-passwd base-passwd-update bash bash-completion bash-completion-extra bind binutils bridge-utils busybox bzip2 ca-certificates cbt ccore cgroups-pam-plugin cisco-grub cisco-initscripts-systemd coreutils cpio cracklib createrepo-c cronie cryptodev-linux cryptsetup curl db db-bin dbus-1 debianutils debianutils-run-parts dhcp-client dhcp-lib dhcp-server dhcp-server-config diffutils dmidecode dnf dnf-bash-completion dnf-plugins-core dnsmasq dosfstools dpkg-start-stop e2fsprogs e2fsprogs-badblocks e2fsprogs-e2fsck e2fsprogs-mke2fs e2fsprogs-resize2fs e2fsprogs-tune2fs efibootmgr efitools efivar elfutils ethtool expect fbset file findutils flex fuse-utils fuser gawk gettext-runtime gflags glibc-gconv glibc-gconv-ibm850 gnupg gpgme grep grpc grub-common grub-editenv gzip hdparm i2c-tools ima-evm-utils ima-evm-utils-evmctl.static initscripts initscripts-functions initscripts-sushell inotify-tools iproute2 iproute2-ss iptables iputils iputils-arping iputils-clockdiff iputils-ping iputils-ping6 iputils-tracepath iputils-tracepath6 iputils-traceroute6 iw kexec keyutils killall kmod kmod-bash-completion ldd less libacl1 libaio1 libarchive libasm1 libassuan0 libattr1 libavahi-client3 libavahi-common3 libblkid1 libbpf libbz2-1 libc6 libc6-pcprofile libc6-thread-db libc6-utils libcap-bin libcap-ng0 libcap2 libcares-utils libcares2 libcgroup libcheck libcidn1 libcom-err2 libcomps0.1.8 libcrypto1.0.0 libcurl4 libcyaml1 libdbus-1-3 libdevmapper libdnf1 libdw1 libe2p2 libelf1 libevent libexpat1 libext2fs2 libfdisk1 libffi6 libfreetype6 libfuse2 libgcc1 libgcrypt libgdbm-bin libgdbm4 libglib-2.0-0 libgmp10 libgnutls30 libgomp1 libgpg-error0 libhiredis0.14 libidn11 libitm1 libjansson4 libkmod2 libksba8 libltdl7 liblzma5 liblzo2-2 libmemusage libmnl0 libmount1 libncurses5 libncursesw5 libnftnl4 libnih libnl-3-200 libnl-genl-3-200 libnl-nf-3-200 libnl-route-3-200 libnpth0 libpam libpam-runtime libpanel5 libpanelw5 libpcap1 libpci3 libpciaccess0 libpcre1 libpcreposix0 libperl5 libpopt0 libprotobuf-c-compiler libprotobuf-c1 libprotobuf-compiler libprotobuf-lite22 libprotobuf22 libpython2.7-1.0 libpython3.7m1.0 librabbitmq4 libreadline6 librepo0 libseccomp libsegfault libselinux-bin libselinux-python libselinux1 libsemanage-python libsemanage1 libsensors4 libsepol1 libsmartcols1 libsodium13 libsolv0 libsolvext0 libsotruss libsqlite3-0 libss2 libssh2-1 libssl1.0.0 libssp0 libstdc++6 libsysfs2 libsystemd0 libtcl8.6-0 libtic5 libticw5 libtinfo5 libtirpc3 libudev1 libudrv libuio0 libulockmgr1 libunwind libusb-1.0-0 libustr-1.0-1 libuuid1 libwrap0 libx11-6 libxau6 libxcb1 libxdmcp6 libxml2 libxml2-python libxslt libyajl2 libyaml-0-2 libyaml-0-dev libz1 linux-hardening lmsensors-fancontrol lmsensors-isatools lmsensors-pwmconfig lmsensors-sensors logrotate lsof lvm2 lvm2-udevrules lxc lz4 m4 makedumpfile mdadm mingetty mktemp mmc-utils mtd-utils mtd-utils-jffs2 mtd-utils-misc mtd-utils-ubifs mtools ncurses ncurses-terminfo ncurses-terminfo-base ncurses-tools net-tools netbase netcat nettle nftables nspr nss nvme-cli openssh openssh-keygen openssh-scp openssh-sftp-server openssh-ssh openssh-sshd openssl openssl-conf openssl-engines openssl-misc opkg-utils os-release packagegroup-core-boot pam-filter-upperlower pam-plugin-access pam-plugin-chroot pam-plugin-console pam-plugin-cracklib pam-plugin-debug pam-plugin-deny pam-plugin-echo pam-plugin-env pam-plugin-exec pam-plugin-faildelay pam-plugin-filter pam-plugin-ftp pam-plugin-group pam-plugin-issue pam-plugin-keyinit pam-plugin-lastlog pam-plugin-limits pam-plugin-listfile pam-plugin-localuser pam-plugin-loginuid pam-plugin-mail pam-plugin-mkhomedir pam-plugin-motd pam-plugin-namespace pam-plugin-nologin pam-plugin-permit pam-plugin-postgresok pam-plugin-pwhistory pam-plugin-rhosts pam-plugin-rootok pam-plugin-securetty pam-plugin-selinux pam-plugin-shells pam-plugin-stress pam-plugin-succeed-if pam-plugin-tally pam-plugin-tally2 pam-plugin-time pam-plugin-timestamp pam-plugin-umask pam-plugin-unix pam-plugin-warn pam-plugin-wheel pam-plugin-xauth parted pciutils pciutils-ids perf perl perl-module-b perl-module-b-deparse perl-module-base perl-module-bytes perl-module-bytes-heavy perl-module-carp perl-module-carp-clan perl-module-common-sense perl-module-compress-raw-zlib perl-module-compress-zlib perl-module-constant perl-module-cwd perl-module-data-dumper perl-module-date-calc perl-module-dynaloader perl-module-encode perl-module-encode-alias perl-module-encode-config perl-module-encode-configlocal-pm perl-module-encode-encoding perl-module-encode-mime-name perl-module-errno perl-module-expect perl-module-exporter perl-module-exporter-heavy perl-module-fcntl perl-module-feature perl-module-file-basename perl-module-file-copy perl-module-file-glob perl-module-file-globmapper perl-module-file-spec perl-module-file-spec-unix perl-module-getopt-long perl-module-getopt-std perl-module-integer perl-module-io perl-module-io-compress-adapter-deflate perl-module-io-compress-base perl-module-io-compress-base-common perl-module-io-compress-gzip perl-module-io-compress-gzip-constants perl-module-io-compress-rawdeflate perl-module-io-compress-zlib-extra perl-module-io-file perl-module-io-handle perl-module-io-seekable perl-module-io-tty perl-module-io-uncompress-adapter-inflate perl-module-io-uncompress-base perl-module-io-uncompress-gunzip perl-module-io-uncompress-rawinflate perl-module-json-pp perl-module-lib perl-module-linux-inotify2 perl-module-list-util perl-module-logfile-rotate perl-module-math-bigfloat perl-module-math-bigint perl-module-math-bigint-calc perl-module-mro perl-module-overload perl-module-overload-numbers perl-module-overloading perl-module-pod-usage perl-module-posix perl-module-re perl-module-scalar-util perl-module-selectsaver perl-module-subs perl-module-symbol perl-module-term-cap perl-module-text-parsewords perl-module-tie-hash perl-module-time-hires perl-module-utf8 perl-module-utf8-heavy perl-module-xsloader perl-module-zmq-constants perl-module-zmq-libzmq3 policycoreutils policycoreutils-audit2allow policycoreutils-fixfiles policycoreutils-hll policycoreutils-python policycoreutils-secon policycoreutils-semanage policycoreutils-semodule policycoreutils-sestatus policycoreutils-setfiles procps psmisc pstree python-2to3 python-argparse python-audio python-codecs python-compile python-compression python-contextlib python-core python-crypt python-ctypes python-curses python-datetime python-debugger python-decorator python-difflib python-distutils python-doctest python-ecdsa python-email python-enum34 python-fcntl python-html python-image python-importlib python-io python-ipy python-json python-lang python-logging python-lxml python-math python-mime python-ncclient python-netclient python-netserver python-networkx python-numbers python-paramiko python-pickle python-pkgutil python-plistlib python-pprint python-pycrypto python-re python-readline python-selectors2 python-setuptools python-shell python-six python-smtpd python-stringold python-subprocess python-syslog python-textutils python-threading python-unittest python-unixadmin python-xml python-xmldiff python-zlib python3-argparse python3-asyncio python3-audio python3-codecs python3-compile python3-compression python3-core python3-crypt python3-ctypes python3-curses python3-datetime python3-debugger python3-dev python3-difflib python3-distutils python3-email python3-enum python3-fcntl python3-gpg python3-html python3-image python3-importlib python3-iniparse python3-io python3-json python3-lang python3-libs python3-logging python3-math python3-mime python3-misc python3-mmap python3-multiprocessing python3-netclient python3-netserver python3-numbers python3-pickle python3-pkgutil python3-pprint python3-prctl python3-prettytable python3-pydoc python3-pygpgme python3-pyyaml python3-re python3-readline python3-reprlib python3-rpm python3-selectors python3-shell python3-signal python3-six python3-smtpd python3-sqlite3 python3-stringold python3-subprocess python3-syslog python3-textutils python3-threading python3-typing python3-unixadmin python3-venv python3-xml python3-xmlrpc quota rpm rsync run-postinsts sdparm sed sepolgen setools setserial sg3-utils shadow shadow-base shadow-securetty slang smartmontools sqlite3 sshfs-fuse strace sudo sysfsutils sysklogd sysstat systemd systemd-analyze systemd-bash-completion systemd-compat-units systemd-container systemd-initramfs systemd-kernel-install systemd-serialgetty tar tcl tcp-wrappers tcpdump thin-provisioning-tools time tree tunctl tzcode tzdata tzdata-africa tzdata-americas tzdata-antarctica tzdata-arctic tzdata-asia tzdata-atlantic tzdata-australia tzdata-core tzdata-europe tzdata-misc tzdata-pacific tzdata-posix tzdata-right udev udev-hwdb unionfs-fuse unzip update-alternatives-opkg update-rc.d usbutils usleep util-linux util-linux-agetty util-linux-bash-completion util-linux-blkid util-linux-cfdisk util-linux-fdisk util-linux-findfs util-linux-fsck util-linux-fsck.cramfs util-linux-fstrim util-linux-getopt util-linux-hwclock util-linux-losetup util-linux-lscpu util-linux-mcookie util-linux-mkfs util-linux-mkfs.cramfs util-linux-mount util-linux-mountpoint util-linux-partx util-linux-prlimit util-linux-readprofile util-linux-reset util-linux-runuser util-linux-sfdisk util-linux-sulogin util-linux-swaponoff util-linux-umount util-linux-uuidd util-linux-uuidgen vim vim-common vmcore-dmesg volatile-binds wget which wr-init xr-identifier xr-identifier-xrd-cp-c-01 xz zeromq zip zstd
2023 Jun 29 04:57:57.880 UTC: Complete: Install main software: exit code: 0
2023 Jun 29 04:57:57.951 UTC: Performing post-install scripts after installing 3P RPMs
2023 Jun 29 04:57:57.975 UTC: Running post-install scripts
2023 Jun 29 05:13:56.514 UTC: MD5 of /etc/xr/bootstrap_helpers.sh is 77d6624ab3cbd34172adf32b03b679ef  /etc/xr/bootstrap_helpers.sh
2023 Jun 29 05:13:56.518 UTC: Second phase install: XR rpms
2023 Jun 29 05:13:56.520 UTC: Populating RPM repository with RPMs from the ISO
2023 Jun 29 05:13:56.524 UTC: RPMs found directly in the initramfs
2023 Jun 29 05:13:56.531 UTC: Creating internal repository at /mirror/iosxr_install_internal_repo
2023 Jun 29 05:13:57.881 UTC: Have written value fixed-platform-cookie to /mnt/disk//opt/cisco/install-iosxr/software-cookie
2023 Jun 29 05:13:57.883 UTC: Install XR targets (/mnt/disk/:RP:XRd-CP-C-01)
2023 Jun 29 05:13:57.886 UTC: Installing RPMs
2023 Jun 29 05:13:57.889 UTC: Start: DNF Clean (/var/log/_xr_bootstrap_dnf_clean.log): dnf clean --disableplugin=xrcert,xrops,local -- all
2023 Jun 29 05:13:58.029 UTC: Complete: DNF Clean: exit code: 0
2023 Jun 29 05:13:58.031 UTC: Start: Install systemd package (/var/log/_xr_bootstrap_dnf_install_systemd.log): dnf install  -y --installroot /mnt/disk/ --disableplugin=xrcert,xrops,local -- systemd
2023 Jun 29 05:13:58.205 UTC: Complete: Install systemd package: exit code: 0
2023 Jun 29 05:13:58.210 UTC: Start: Install main software (/var/log/_xr_bootstrap_dnf_install_all_pkgs.log): dnf install  -y --installroot /mnt/disk/ --disableplugin=xrcert,xrops,local -- xr-aaa xr-acl xr-apphosting xr-bcdl xr-bfd xr-bgp xr-bgputil xr-bng-stubs xr-bundles xr-cal-pi xr-cdp xr-cfgmgr xr-cfm xr-cofo xr-core xr-core-calv xr-ctc xr-debug xr-dhcp xr-diskboot xr-drivers xr-eem xr-eigrp xr-elmi xr-ema xr-enhancedmanageability xr-featurecapability xr-fib xr-foundation-xrd-control-plane xr-fpd xr-gil xr-ha-infra xr-host-core xr-httpclient xr-icpe-eth xr-icpe-opt xr-identifier xr-infra-sla xr-install xr-ip-apps xr-ip-core xr-ip-infra-vrf xr-ip-mibs xr-ip-static xr-ipc xr-is-is xr-l2snooptransport xr-l2vpn xr-ldp xr-licensing xr-link-oam xr-linuxnetworking xr-linuxsecurity xr-lldp xr-lpts xr-manageabilityxml xr-mandatory xr-mcast xr-mda xr-mpls xr-mpls-oam xr-mpls-oam-client xr-mpls-static xr-ntp-api-only xr-orrspf xr-os-wr9-core xr-ospf xr-p4rt xr-perf-meas xr-pfi xr-pird xr-pird-mcast xr-pird-policymgr xr-pkt-trace xr-pm-alarm xr-procmgr xr-python xr-qos xr-rip xr-routing xr-rpl xr-rsvp-te xr-security xr-security-tams xr-servicelayer xr-snmp xr-span xr-spi-core xr-spi-hw-api-only xr-spp xr-sr xr-stats xr-stubs xr-sysdb xr-syslog xr-telemetry xr-tftp xr-timing xr-tmpdir-cleanup xr-transports xr-tty xr-tunnel-ip xr-upgradematrix xr-utils xr-vether xr-vpnmib xr-xmlinfra xr-xrd-card-support xr-xrd-control-plane-pd xr-xrd-os-wr9 xr-xrlibcurl xr-ztp
2023 Jun 29 05:14:18.668 UTC: Complete: Install main software: exit code: 0
2023 Jun 29 05:14:18.680 UTC: Running XR post-install scripts
2023 Jun 29 05:14:18.690 UTC: post_xr_install /mnt/disk/ - RP - XRd-CP-C-01
2023 Jun 29 05:14:18.710 UTC: Enabling services: xr_startup cflow_dump lighttpd
2023 Jun 29 05:14:18.797 UTC: Copy gISO configuration file
2023 Jun 29 05:14:18.798 UTC: No configuration file available
2023 Jun 29 05:14:18.804 UTC: Modify /etc/fstab
2023 Jun 29 05:14:18.810 UTC: Prepare switch root (/mnt/disk/)
2023 Jun 29 05:14:18.812 UTC: Starting: bootstrap_pd_prepare_switch_root /mnt/disk/
2023 Jun 29 05:14:18.816 UTC: Finishing: bootstrap_pd_prepare_switch_root: 0
====================================================
Specific boot log files:
-rw-r--r-- 1 root root   3218 Jun 29 04:54 /var/log/_xr_bootstrap_dnf_install_busybox_evmctl_cardpid.log_os_phase
-rw-r--r-- 1 root root  35059 Jun 29 04:55 /var/log/_xr_bootstrap_dnf_reinstall_busybox_evmctl_cardpid.log_os_phase
-rw-r--r-- 1 root root    100 Jun 29 04:55 /var/log/_xr_bootstrap_dnf_clean.log_os_phase
-rw-r--r-- 1 root root  29708 Jun 29 04:55 /var/log/_xr_bootstrap_dnf_install_systemd.log_os_phase
-rw-r--r-- 1 root root 280949 Jun 29 04:57 /var/log/_xr_bootstrap_dnf_install_all_pkgs.log_os_phase
-rw-r--r-- 1 root root    100 Jun 29 05:13 /var/log/_xr_bootstrap_dnf_clean.log
-rw-r--r-- 1 root root    345 Jun 29 05:13 /var/log/_xr_bootstrap_dnf_install_systemd.log
-rw-r--r-- 1 root root  82889 Jun 29 05:14 /var/log/_xr_bootstrap_dnf_install_all_pkgs.log
====================================================
=== File: /var/log/_xr_bootstrap_dnf_install_busybox_evmctl_cardpid.log_os_phase ===
Command: dnf install  -y --setopt tsflags=noscripts --installroot /mnt/disk/ --disableplugin=xrcert,xrops,local -- update-alternatives-opkg busybox ima-evm-utils-evmctl.static base-files xr-identifier-xrd-cp-c-01
Description: Install DNF update-alternatives, busybox, evmctl, base-files and card-PID identifier
IOS-XR Install Local Repository                  95 MB/s | 285 kB     00:00    
Last metadata expiration check: 0:00:00 ago on Thu Jun 29 04:54:53 2023.
Dependencies resolved.
================================================================================
 Package    Arch       Version                     Repository              Size
================================================================================
Installing:
 base-files wrlsdk_x86 3.0.14-r89.56               iosxr_install_internal  24 k
 busybox    corei7_64  1.24.1-r0.1.67.71.0         iosxr_install_internal 1.5 M
 ima-evm-utils-evmctl.static
            corei7_64  1.0+git0+3e2a67bdb0-r0.64   iosxr_install_internal 1.1 M
 update-alternatives-opkg
            corei7_64  0.3.2+git0+3ffece9bf1-r0.64 iosxr_install_internal  12 k
 xr-identifier-xrd-cp-c-01
            x86_64     7.9.2v1.0.0-1               iosxr_install_internal 7.1 k
Installing dependencies:
 xr-identifier
            x86_64     7.9.2v1.0.0-1               iosxr_install_internal 5.8 k

Transaction Summary
================================================================================
Install  6 Packages

Total size: 2.6 M
Installed size: 4.9 M
Downloading Packages:
Running transaction check
Transaction check succeeded.
Running transaction test
Transaction test succeeded.
Running transaction
  Preparing        :                                                        1/1 
  Installing       : busybox-1.24.1-r0.1.67.71.0.corei7_64                  1/6 
  Installing       : update-alternatives-opkg-0.3.2+git0+3ffece9bf1-r0.64   2/6 
  Installing       : xr-identifier-7.9.2v1.0.0-1.x86_64                     3/6 
  Installing       : xr-identifier-xrd-cp-c-01-7.9.2v1.0.0-1.x86_64         4/6 
  Installing       : ima-evm-utils-evmctl.static-1.0+git0+3e2a67bdb0-r0.6   5/6 
  Installing       : base-files-3.0.14-r89.56.wrlsdk_x86                    6/6 
  Verifying        : update-alternatives-opkg-0.3.2+git0+3ffece9bf1-r0.64   1/6 
  Verifying        : busybox-1.24.1-r0.1.67.71.0.corei7_64                  2/6 
  Verifying        : ima-evm-utils-evmctl.static-1.0+git0+3e2a67bdb0-r0.6   3/6 
  Verifying        : base-files-3.0.14-r89.56.wrlsdk_x86                    4/6 
  Verifying        : xr-identifier-xrd-cp-c-01-7.9.2v1.0.0-1.x86_64         5/6 
  Verifying        : xr-identifier-7.9.2v1.0.0-1.x86_64                     6/6 

Installed:
  base-files.wrlsdk_x86 3.0.14-r89.56                                           
  busybox.corei7_64 1.24.1-r0.1.67.71.0                                         
  ima-evm-utils-evmctl.static.corei7_64 1.0+git0+3e2a67bdb0-r0.64               
  update-alternatives-opkg.corei7_64 0.3.2+git0+3ffece9bf1-r0.64                
  xr-identifier-xrd-cp-c-01.x86_64 7.9.2v1.0.0-1                                
  xr-identifier.x86_64 7.9.2v1.0.0-1                                            

Complete!
====================================================
=== File: /var/log/_xr_bootstrap_dnf_reinstall_busybox_evmctl_cardpid.log_os_phase ===
Command: dnf reinstall  -y --installroot /mnt/disk/ --disableplugin=xrcert,xrops,local -- update-alternatives-opkg busybox ima-evm-utils-evmctl.static base-files xr-identifier-xrd-cp-c-01
Description: Re-install DNF update-alternatives, busybox, evmctl, base-files and card-PID identifier
Last metadata expiration check: 0:00:01 ago on Thu Jun 29 04:54:53 2023.
Dependencies resolved.
================================================================================
 Package    Arch       Version                     Repository              Size
================================================================================
Reinstalling:
 base-files wrlsdk_x86 3.0.14-r89.56               iosxr_install_internal  24 k
 busybox    corei7_64  1.24.1-r0.1.67.71.0         iosxr_install_internal 1.5 M
 ima-evm-utils-evmctl.static
            corei7_64  1.0+git0+3e2a67bdb0-r0.64   iosxr_install_internal 1.1 M
 update-alternatives-opkg
            corei7_64  0.3.2+git0+3ffece9bf1-r0.64 iosxr_install_internal  12 k
 xr-identifier-xrd-cp-c-01
            x86_64     7.9.2v1.0.0-1               iosxr_install_internal 7.1 k

Transaction Summary
================================================================================

Total size: 2.6 M
Downloading Packages:
Running transaction check
Transaction check succeeded.
Running transaction test
Transaction test succeeded.
Running transaction
  Preparing        :                                                        1/1 
  Reinstalling     : busybox-1.24.1-r0.1.67.71.0.corei7_64                 1/10 
  Running scriptlet: busybox-1.24.1-r0.1.67.71.0.corei7_64                 1/10 
mkdir: can't create directory '/usr/sbin': File exists
update-alternatives: Linking /bin/gunzip to /usr/lib64/busybox/bin/gunzip
update-alternatives: Linking /bin/zcat to /usr/lib64/busybox/bin/zcat
update-alternatives: Linking /usr/bin/bunzip2 to /usr/lib64/busybox/usr/bin/bunzip2
update-alternatives: Linking /usr/bin/bzcat to /usr/lib64/busybox/usr/bin/bzcat
update-alternatives: Linking /bin/cpio to /usr/lib64/busybox/bin/cpio
update-alternatives: Linking /bin/gzip to /usr/lib64/busybox/bin/gzip
update-alternatives: Linking /bin/tar to /usr/lib64/busybox/bin/tar
update-alternatives: Linking /usr/bin/unzip to /usr/lib64/busybox/usr/bin/unzip
update-alternatives: Linking /bin/date to /usr/lib64/busybox/bin/date
update-alternatives: Linking /usr/bin/groups to /usr/lib64/busybox/usr/bin/groups
update-alternatives: Linking /usr/bin/id to /usr/lib64/busybox/usr/bin/id
update-alternatives: Linking /usr/bin/shuf to /usr/lib64/busybox/usr/bin/shuf
update-alternatives: Linking /bin/sync to /usr/lib64/busybox/bin/sync
update-alternatives: Linking /bin/touch to /usr/lib64/busybox/bin/touch
update-alternatives: Linking /usr/bin/unlink to /usr/lib64/busybox/usr/bin/unlink
update-alternatives: Linking /bin/base64 to /usr/lib64/busybox/bin/base64
update-alternatives: Linking /usr/bin/users to /usr/lib64/busybox/usr/bin/users
update-alternatives: Linking /usr/bin/who to /usr/lib64/busybox/usr/bin/who
update-alternatives: Linking /usr/bin/awk to /usr/lib64/busybox/usr/bin/awk
update-alternatives: Linking /usr/bin/cmp to /usr/lib64/busybox/usr/bin/cmp
update-alternatives: Linking /usr/bin/diff to /usr/lib64/busybox/usr/bin/diff
update-alternatives: Linking /usr/bin/patch to /usr/lib64/busybox/usr/bin/patch
update-alternatives: Linking /bin/sed to /usr/lib64/busybox/bin/sed
update-alternatives: Linking /bin/vi to /usr/lib64/busybox/bin/vi
update-alternatives: Linking /usr/bin/find to /usr/lib64/busybox/usr/bin/find
update-alternatives: Linking /bin/grep to /usr/lib64/busybox/bin/grep
update-alternatives: Linking /bin/egrep to /usr/lib64/busybox/bin/egrep
update-alternatives: Linking /bin/fgrep to /usr/lib64/busybox/bin/fgrep
update-alternatives: Linking /usr/bin/xargs to /usr/lib64/busybox/usr/bin/xargs
update-alternatives: Linking /sbin/halt to /usr/lib64/busybox/sbin/halt
update-alternatives: Linking /sbin/poweroff to /usr/lib64/busybox/sbin/poweroff
update-alternatives: Linking /sbin/reboot to /usr/lib64/busybox/sbin/reboot
update-alternatives: Linking /usr/bin/mesg to /usr/lib64/busybox/usr/bin/mesg
update-alternatives: Linking /usr/sbin/rfkill to /usr/lib64/busybox/usr/sbin/rfkill
update-alternatives: Linking /sbin/depmod to /usr/lib64/busybox/sbin/depmod
update-alternatives: Linking /sbin/insmod to /usr/lib64/busybox/sbin/insmod
update-alternatives: Linking /sbin/lsmod to /usr/lib64/busybox/sbin/lsmod
update-alternatives: Linking /sbin/modprobe to /usr/lib64/busybox/sbin/modprobe
update-alternatives: Linking /sbin/rmmod to /usr/lib64/busybox/sbin/rmmod
update-alternatives: Linking /usr/bin/nslookup to /usr/lib64/busybox/usr/bin/nslookup
update-alternatives: Linking /bin/ping to /usr/lib64/busybox/bin/ping
update-alternatives: Linking /bin/ping6 to /usr/lib64/busybox/bin/ping6
update-alternatives: Linking /usr/bin/wget to /usr/lib64/busybox/usr/bin/wget
update-alternatives: Linking /bin/ash to /usr/lib64/busybox/bin/ash
update-alternatives: Linking /bin/sh to /usr/lib64/busybox/bin/sh
update-alternatives: Linking /sbin/fstrim to /usr/lib64/busybox/sbin/fstrim
update-alternatives: Linking /sbin/mdev to /usr/lib64/busybox/sbin/mdev
update-alternatives: Linking /usr/bin/[ to /usr/lib64/busybox/usr/bin/[
update-alternatives: Linking /usr/bin/[[ to /usr/lib64/busybox/usr/bin/[[
update-alternatives: Linking /usr/sbin/addgroup to /usr/lib64/busybox/usr/sbin/addgroup
update-alternatives: Linking /usr/sbin/adduser to /usr/lib64/busybox/usr/sbin/adduser
update-alternatives: Linking /usr/bin/basename to /usr/lib64/busybox/usr/bin/basename
update-alternatives: Linking /sbin/blkid to /usr/lib64/busybox/sbin/blkid
update-alternatives: Linking /bin/cat to /usr/lib64/busybox/bin/cat
update-alternatives: Linking /bin/chattr to /usr/lib64/busybox/bin/chattr
update-alternatives: Linking /usr/bin/chcon to /usr/lib64/busybox/usr/bin/chcon
update-alternatives: Linking /bin/chgrp to /usr/lib64/busybox/bin/chgrp
update-alternatives: Linking /bin/chmod to /usr/lib64/busybox/bin/chmod
update-alternatives: Linking /bin/chown to /usr/lib64/busybox/bin/chown
update-alternatives: Linking /usr/sbin/chroot to /usr/lib64/busybox/usr/sbin/chroot
update-alternatives: Linking /usr/bin/chvt to /usr/lib64/busybox/usr/bin/chvt
update-alternatives: Linking /usr/bin/clear to /usr/lib64/busybox/usr/bin/clear
update-alternatives: Linking /bin/cp to /usr/lib64/busybox/bin/cp
update-alternatives: Linking /usr/bin/cut to /usr/lib64/busybox/usr/bin/cut
update-alternatives: Linking /usr/bin/dc to /usr/lib64/busybox/usr/bin/dc
update-alternatives: Linking /bin/dd to /usr/lib64/busybox/bin/dd
update-alternatives: Linking /usr/bin/deallocvt to /usr/lib64/busybox/usr/bin/deallocvt
update-alternatives: Linking /usr/sbin/delgroup to /usr/lib64/busybox/usr/sbin/delgroup
update-alternatives: Linking /usr/sbin/deluser to /usr/lib64/busybox/usr/sbin/deluser
update-alternatives: Linking /bin/df to /usr/lib64/busybox/bin/df
update-alternatives: Linking /usr/bin/dirname to /usr/lib64/busybox/usr/bin/dirname
update-alternatives: Linking /bin/dmesg to /usr/lib64/busybox/bin/dmesg
update-alternatives: Linking /bin/dnsdomainname to /usr/lib64/busybox/bin/dnsdomainname
update-alternatives: Linking /usr/bin/du to /usr/lib64/busybox/usr/bin/du
update-alternatives: Linking /bin/dumpkmap to /usr/lib64/busybox/bin/dumpkmap
update-alternatives: Linking /usr/bin/dumpleases to /usr/lib64/busybox/usr/bin/dumpleases
update-alternatives: Linking /bin/echo to /usr/lib64/busybox/bin/echo
update-alternatives: Linking /usr/bin/env to /usr/lib64/busybox/usr/bin/env
update-alternatives: Linking /usr/bin/expr to /usr/lib64/busybox/usr/bin/expr
update-alternatives: Linking /bin/false to /usr/lib64/busybox/bin/false
update-alternatives: Linking /usr/sbin/fbset to /usr/lib64/busybox/usr/sbin/fbset
update-alternatives: Linking /sbin/fdisk to /usr/lib64/busybox/sbin/fdisk
update-alternatives: Linking /usr/bin/flock to /usr/lib64/busybox/usr/bin/flock
update-alternatives: Linking /usr/bin/free to /usr/lib64/busybox/usr/bin/free
update-alternatives: Linking /sbin/fsck to /usr/lib64/busybox/sbin/fsck
update-alternatives: Linking /usr/bin/fuser to /usr/lib64/busybox/usr/bin/fuser
update-alternatives: Linking /usr/sbin/getenforce to /usr/lib64/busybox/usr/sbin/getenforce
update-alternatives: Linking /bin/getopt to /usr/lib64/busybox/bin/getopt
update-alternatives: Linking /usr/sbin/getsebool to /usr/lib64/busybox/usr/sbin/getsebool
update-alternatives: Linking /sbin/getty to /usr/lib64/busybox/sbin/getty
update-alternatives: Linking /usr/bin/head to /usr/lib64/busybox/usr/bin/head
update-alternatives: Linking /usr/bin/hexdump to /usr/lib64/busybox/usr/bin/hexdump
update-alternatives: Linking /bin/hostname to /usr/lib64/busybox/bin/hostname
update-alternatives: Linking /sbin/hwclock to /usr/lib64/busybox/sbin/hwclock
update-alternatives: Linking /sbin/ifconfig to /usr/lib64/busybox/sbin/ifconfig
update-alternatives: Linking /sbin/ifdown to /usr/lib64/busybox/sbin/ifdown
update-alternatives: Linking /sbin/ifup to /usr/lib64/busybox/sbin/ifup
update-alternatives: Linking /sbin/ip to /usr/lib64/busybox/sbin/ip
update-alternatives: Linking /bin/kill to /usr/lib64/busybox/bin/kill
update-alternatives: Linking /usr/bin/killall to /usr/lib64/busybox/usr/bin/killall
update-alternatives: Linking /sbin/klogd to /usr/lib64/busybox/sbin/klogd
update-alternatives: Linking /usr/bin/less to /usr/lib64/busybox/usr/bin/less
update-alternatives: Linking /bin/ln to /usr/lib64/busybox/bin/ln
update-alternatives: Linking /usr/sbin/load_policy to /usr/lib64/busybox/usr/sbin/load_policy
update-alternatives: Linking /usr/sbin/loadfont to /usr/lib64/busybox/usr/sbin/loadfont
update-alternatives: Linking /sbin/loadkmap to /usr/lib64/busybox/sbin/loadkmap
update-alternatives: Linking /usr/bin/logger to /usr/lib64/busybox/usr/bin/logger
update-alternatives: Linking /bin/login to /usr/lib64/busybox/bin/login
update-alternatives: Linking /usr/bin/logname to /usr/lib64/busybox/usr/bin/logname
update-alternatives: Linking /sbin/logread to /usr/lib64/busybox/sbin/logread
update-alternatives: Linking /sbin/losetup to /usr/lib64/busybox/sbin/losetup
update-alternatives: Linking /bin/ls to /usr/lib64/busybox/bin/ls
update-alternatives: Linking /usr/bin/lspci to /usr/lib64/busybox/usr/bin/lspci
update-alternatives: Linking /usr/bin/lsusb to /usr/lib64/busybox/usr/bin/lsusb
update-alternatives: Linking /usr/sbin/matchpathcon to /usr/lib64/busybox/usr/sbin/matchpathcon
update-alternatives: Linking /usr/bin/md5sum to /usr/lib64/busybox/usr/bin/md5sum
update-alternatives: Linking /usr/bin/microcom to /usr/lib64/busybox/usr/bin/microcom
update-alternatives: Linking /bin/mkdir to /usr/lib64/busybox/bin/mkdir
update-alternatives: Linking /usr/bin/mkfifo to /usr/lib64/busybox/usr/bin/mkfifo
update-alternatives: Linking /bin/mknod to /usr/lib64/busybox/bin/mknod
update-alternatives: Linking /sbin/mkswap to /usr/lib64/busybox/sbin/mkswap
update-alternatives: Linking /bin/mktemp to /usr/lib64/busybox/bin/mktemp
update-alternatives: Linking /bin/more to /usr/lib64/busybox/bin/more
update-alternatives: Linking /bin/mount to /usr/lib64/busybox/bin/mount
update-alternatives: Linking /bin/mv to /usr/lib64/busybox/bin/mv
update-alternatives: Linking /usr/bin/nc to /usr/lib64/busybox/usr/bin/nc
update-alternatives: Linking /bin/netstat to /usr/lib64/busybox/bin/netstat
update-alternatives: Linking /usr/bin/nohup to /usr/lib64/busybox/usr/bin/nohup
update-alternatives: Linking /usr/bin/nslookup to /usr/lib64/busybox/usr/bin/nslookup
update-alternatives: Linking /usr/bin/od to /usr/lib64/busybox/usr/bin/od
update-alternatives: Linking /usr/bin/openvt to /usr/lib64/busybox/usr/bin/openvt
update-alternatives: Linking /usr/bin/passwd to /usr/lib64/busybox/usr/bin/passwd
update-alternatives: Linking /bin/pidof to /usr/lib64/busybox/bin/pidof
update-alternatives: Linking /sbin/pivot_root to /usr/lib64/busybox/sbin/pivot_root
update-alternatives: Linking /usr/bin/printf to /usr/lib64/busybox/usr/bin/printf
update-alternatives: Linking /bin/ps to /usr/lib64/busybox/bin/ps
update-alternatives: Linking /bin/pwd to /usr/lib64/busybox/bin/pwd
update-alternatives: Linking /usr/sbin/rdate to /usr/lib64/busybox/usr/sbin/rdate
update-alternatives: Linking /usr/bin/readlink to /usr/lib64/busybox/usr/bin/readlink
update-alternatives: Linking /usr/bin/realpath to /usr/lib64/busybox/usr/bin/realpath
update-alternatives: Linking /usr/bin/renice to /usr/lib64/busybox/usr/bin/renice
update-alternatives: Linking /usr/bin/reset to /usr/lib64/busybox/usr/bin/reset
update-alternatives: Linking /usr/bin/resize to /usr/lib64/busybox/usr/bin/resize
update-alternatives: Linking /sbin/restorecon to /usr/lib64/busybox/sbin/restorecon
update-alternatives: Linking /bin/rm to /usr/lib64/busybox/bin/rm
update-alternatives: Linking /bin/rmdir to /usr/lib64/busybox/bin/rmdir
update-alternatives: Linking /sbin/route to /usr/lib64/busybox/sbin/route
update-alternatives: Linking /bin/run-parts to /usr/lib64/busybox/bin/run-parts
update-alternatives: Linking /usr/bin/runcon to /usr/lib64/busybox/usr/bin/runcon
update-alternatives: Linking /sbin/runlevel to /usr/lib64/busybox/sbin/runlevel
update-alternatives: Linking /usr/sbin/selinuxenabled to /usr/lib64/busybox/usr/sbin/selinuxenabled
update-alternatives: Linking /usr/bin/seq to /usr/lib64/busybox/usr/bin/seq
update-alternatives: Linking /usr/sbin/sestatus to /usr/lib64/busybox/usr/sbin/sestatus
update-alternatives: Linking /sbin/setconsole to /usr/lib64/busybox/sbin/setconsole
update-alternatives: Linking /usr/sbin/setenforce to /usr/lib64/busybox/usr/sbin/setenforce
update-alternatives: Linking /sbin/setfiles to /usr/lib64/busybox/sbin/setfiles
update-alternatives: Linking /usr/sbin/setsebool to /usr/lib64/busybox/usr/sbin/setsebool
update-alternatives: Linking /usr/bin/setsid to /usr/lib64/busybox/usr/bin/setsid
update-alternatives: Linking /usr/bin/sha1sum to /usr/lib64/busybox/usr/bin/sha1sum
update-alternatives: Linking /usr/bin/sha3sum to /usr/lib64/busybox/usr/bin/sha3sum
update-alternatives: Linking /usr/bin/sha256sum to /usr/lib64/busybox/usr/bin/sha256sum
update-alternatives: Linking /bin/sleep to /usr/lib64/busybox/bin/sleep
update-alternatives: Linking /usr/bin/sort to /usr/lib64/busybox/usr/bin/sort
update-alternatives: Linking /sbin/start-stop-daemon to /usr/lib64/busybox/sbin/start-stop-daemon
update-alternatives: Linking /bin/stat to /usr/lib64/busybox/bin/stat
update-alternatives: Linking /usr/bin/strings to /usr/lib64/busybox/usr/bin/strings
update-alternatives: Linking /bin/stty to /usr/lib64/busybox/bin/stty
update-alternatives: Linking /bin/su to /usr/lib64/busybox/bin/su
update-alternatives: Linking /sbin/sulogin to /usr/lib64/busybox/sbin/sulogin
update-alternatives: Linking /sbin/swapoff to /usr/lib64/busybox/sbin/swapoff
update-alternatives: Linking /sbin/swapon to /usr/lib64/busybox/sbin/swapon
update-alternatives: Linking /sbin/switch_root to /usr/lib64/busybox/sbin/switch_root
update-alternatives: Linking /sbin/sysctl to /usr/lib64/busybox/sbin/sysctl
update-alternatives: Linking /sbin/syslogd to /usr/lib64/busybox/sbin/syslogd
update-alternatives: Linking /usr/bin/tail to /usr/lib64/busybox/usr/bin/tail
update-alternatives: Linking /usr/bin/tee to /usr/lib64/busybox/usr/bin/tee
update-alternatives: Linking /usr/bin/telnet to /usr/lib64/busybox/usr/bin/telnet
update-alternatives: Linking /usr/bin/test to /usr/lib64/busybox/usr/bin/test
update-alternatives: Linking /usr/bin/tftp to /usr/lib64/busybox/usr/bin/tftp
update-alternatives: Linking /usr/bin/time to /usr/lib64/busybox/usr/bin/time
update-alternatives: Linking /usr/bin/timeout to /usr/lib64/busybox/usr/bin/timeout
update-alternatives: Linking /usr/bin/top to /usr/lib64/busybox/usr/bin/top
update-alternatives: Linking /usr/bin/tr to /usr/lib64/busybox/usr/bin/tr
update-alternatives: Linking /usr/bin/traceroute to /usr/lib64/busybox/usr/bin/traceroute
update-alternatives: Linking /bin/true to /usr/lib64/busybox/bin/true
update-alternatives: Linking /usr/bin/tty to /usr/lib64/busybox/usr/bin/tty
update-alternatives: Linking /sbin/udhcpc to /usr/lib64/busybox/sbin/udhcpc
update-alternatives: Linking /usr/sbin/udhcpd to /usr/lib64/busybox/usr/sbin/udhcpd
update-alternatives: Linking /bin/umount to /usr/lib64/busybox/bin/umount
update-alternatives: Linking /bin/uname to /usr/lib64/busybox/bin/uname
update-alternatives: Linking /usr/bin/uniq to /usr/lib64/busybox/usr/bin/uniq
update-alternatives: Linking /usr/bin/uptime to /usr/lib64/busybox/usr/bin/uptime
update-alternatives: Linking /bin/usleep to /usr/lib64/busybox/bin/usleep
update-alternatives: Linking /usr/bin/vlock to /usr/lib64/busybox/usr/bin/vlock
update-alternatives: Linking /bin/watch to /usr/lib64/busybox/bin/watch
update-alternatives: Linking /usr/bin/wc to /usr/lib64/busybox/usr/bin/wc
update-alternatives: Linking /usr/bin/which to /usr/lib64/busybox/usr/bin/which
update-alternatives: Linking /usr/bin/whoami to /usr/lib64/busybox/usr/bin/whoami
update-alternatives: Linking /usr/bin/yes to /usr/lib64/busybox/usr/bin/yes
update-alternatives: Linking /bin/gunzip to /usr/lib64/busybox/bin/gunzip
update-alternatives: Linking /bin/zcat to /usr/lib64/busybox/bin/zcat
update-alternatives: Linking /usr/bin/bunzip2 to /usr/lib64/busybox/usr/bin/bunzip2
update-alternatives: Linking /usr/bin/bzcat to /usr/lib64/busybox/usr/bin/bzcat
update-alternatives: Linking /bin/cpio to /usr/lib64/busybox/bin/cpio
update-alternatives: Linking /bin/gzip to /usr/lib64/busybox/bin/gzip
update-alternatives: Linking /bin/tar to /usr/lib64/busybox/bin/tar
update-alternatives: Linking /usr/bin/unzip to /usr/lib64/busybox/usr/bin/unzip
update-alternatives: Linking /bin/date to /usr/lib64/busybox/bin/date
update-alternatives: Linking /usr/bin/groups to /usr/lib64/busybox/usr/bin/groups
update-alternatives: Linking /usr/bin/id to /usr/lib64/busybox/usr/bin/id
update-alternatives: Linking /usr/bin/shuf to /usr/lib64/busybox/usr/bin/shuf
update-alternatives: Linking /bin/sync to /usr/lib64/busybox/bin/sync
update-alternatives: Linking /bin/touch to /usr/lib64/busybox/bin/touch
update-alternatives: Linking /usr/bin/unlink to /usr/lib64/busybox/usr/bin/unlink
update-alternatives: Linking /bin/base64 to /usr/lib64/busybox/bin/base64
update-alternatives: Linking /usr/bin/users to /usr/lib64/busybox/usr/bin/users
update-alternatives: Linking /usr/bin/who to /usr/lib64/busybox/usr/bin/who
update-alternatives: Linking /usr/bin/awk to /usr/lib64/busybox/usr/bin/awk
update-alternatives: Linking /usr/bin/cmp to /usr/lib64/busybox/usr/bin/cmp
update-alternatives: Linking /usr/bin/diff to /usr/lib64/busybox/usr/bin/diff
update-alternatives: Linking /usr/bin/patch to /usr/lib64/busybox/usr/bin/patch
update-alternatives: Linking /bin/sed to /usr/lib64/busybox/bin/sed
update-alternatives: Linking /bin/vi to /usr/lib64/busybox/bin/vi
update-alternatives: Linking /usr/bin/find to /usr/lib64/busybox/usr/bin/find
update-alternatives: Linking /bin/grep to /usr/lib64/busybox/bin/grep
update-alternatives: Linking /bin/egrep to /usr/lib64/busybox/bin/egrep
update-alternatives: Linking /bin/fgrep to /usr/lib64/busybox/bin/fgrep
update-alternatives: Linking /usr/bin/xargs to /usr/lib64/busybox/usr/bin/xargs
update-alternatives: Linking /sbin/halt to /usr/lib64/busybox/sbin/halt
update-alternatives: Linking /sbin/poweroff to /usr/lib64/busybox/sbin/poweroff
update-alternatives: Linking /sbin/reboot to /usr/lib64/busybox/sbin/reboot
update-alternatives: Linking /usr/bin/mesg to /usr/lib64/busybox/usr/bin/mesg
update-alternatives: Linking /usr/sbin/rfkill to /usr/lib64/busybox/usr/sbin/rfkill
update-alternatives: Linking /sbin/depmod to /usr/lib64/busybox/sbin/depmod
update-alternatives: Linking /sbin/insmod to /usr/lib64/busybox/sbin/insmod
update-alternatives: Linking /sbin/lsmod to /usr/lib64/busybox/sbin/lsmod
update-alternatives: Linking /sbin/modprobe to /usr/lib64/busybox/sbin/modprobe
update-alternatives: Linking /sbin/rmmod to /usr/lib64/busybox/sbin/rmmod
update-alternatives: Linking /usr/bin/nslookup to /usr/lib64/busybox/usr/bin/nslookup
update-alternatives: Linking /bin/ping to /usr/lib64/busybox/bin/ping
update-alternatives: Linking /bin/ping6 to /usr/lib64/busybox/bin/ping6
update-alternatives: Linking /usr/bin/wget to /usr/lib64/busybox/usr/bin/wget
update-alternatives: Linking /bin/ash to /usr/lib64/busybox/bin/ash
update-alternatives: Linking /bin/sh to /usr/lib64/busybox/bin/sh
update-alternatives: Linking /sbin/fstrim to /usr/lib64/busybox/sbin/fstrim
update-alternatives: Linking /sbin/mdev to /usr/lib64/busybox/sbin/mdev
update-alternatives: Linking /usr/bin/[ to /usr/lib64/busybox/usr/bin/[
update-alternatives: Linking /usr/bin/[[ to /usr/lib64/busybox/usr/bin/[[
update-alternatives: Linking /usr/sbin/addgroup to /usr/lib64/busybox/usr/sbin/addgroup
update-alternatives: Linking /usr/sbin/adduser to /usr/lib64/busybox/usr/sbin/adduser
update-alternatives: Linking /usr/bin/basename to /usr/lib64/busybox/usr/bin/basename
update-alternatives: Linking /sbin/blkid to /usr/lib64/busybox/sbin/blkid
update-alternatives: Linking /bin/cat to /usr/lib64/busybox/bin/cat
update-alternatives: Linking /bin/chattr to /usr/lib64/busybox/bin/chattr
update-alternatives: Linking /usr/bin/chcon to /usr/lib64/busybox/usr/bin/chcon
update-alternatives: Linking /bin/chgrp to /usr/lib64/busybox/bin/chgrp
update-alternatives: Linking /bin/chmod to /usr/lib64/busybox/bin/chmod
update-alternatives: Linking /bin/chown to /usr/lib64/busybox/bin/chown
update-alternatives: Linking /usr/sbin/chroot to /usr/lib64/busybox/usr/sbin/chroot
update-alternatives: Linking /usr/bin/chvt to /usr/lib64/busybox/usr/bin/chvt
update-alternatives: Linking /usr/bin/clear to /usr/lib64/busybox/usr/bin/clear
update-alternatives: Linking /bin/cp to /usr/lib64/busybox/bin/cp
update-alternatives: Linking /usr/bin/cut to /usr/lib64/busybox/usr/bin/cut
update-alternatives: Linking /usr/bin/dc to /usr/lib64/busybox/usr/bin/dc
update-alternatives: Linking /bin/dd to /usr/lib64/busybox/bin/dd
update-alternatives: Linking /usr/bin/deallocvt to /usr/lib64/busybox/usr/bin/deallocvt
update-alternatives: Linking /usr/sbin/delgroup to /usr/lib64/busybox/usr/sbin/delgroup
update-alternatives: Linking /usr/sbin/deluser to /usr/lib64/busybox/usr/sbin/deluser
update-alternatives: Linking /bin/df to /usr/lib64/busybox/bin/df
update-alternatives: Linking /usr/bin/dirname to /usr/lib64/busybox/usr/bin/dirname
update-alternatives: Linking /bin/dmesg to /usr/lib64/busybox/bin/dmesg
update-alternatives: Linking /bin/dnsdomainname to /usr/lib64/busybox/bin/dnsdomainname
update-alternatives: Linking /usr/bin/du to /usr/lib64/busybox/usr/bin/du
update-alternatives: Linking /bin/dumpkmap to /usr/lib64/busybox/bin/dumpkmap
update-alternatives: Linking /usr/bin/dumpleases to /usr/lib64/busybox/usr/bin/dumpleases
update-alternatives: Linking /bin/echo to /usr/lib64/busybox/bin/echo
update-alternatives: Linking /usr/bin/env to /usr/lib64/busybox/usr/bin/env
update-alternatives: Linking /usr/bin/expr to /usr/lib64/busybox/usr/bin/expr
update-alternatives: Linking /bin/false to /usr/lib64/busybox/bin/false
update-alternatives: Linking /usr/sbin/fbset to /usr/lib64/busybox/usr/sbin/fbset
update-alternatives: Linking /sbin/fdisk to /usr/lib64/busybox/sbin/fdisk
update-alternatives: Linking /usr/bin/flock to /usr/lib64/busybox/usr/bin/flock
update-alternatives: Linking /usr/bin/free to /usr/lib64/busybox/usr/bin/free
update-alternatives: Linking /sbin/fsck to /usr/lib64/busybox/sbin/fsck
update-alternatives: Linking /usr/bin/fuser to /usr/lib64/busybox/usr/bin/fuser
update-alternatives: Linking /usr/sbin/getenforce to /usr/lib64/busybox/usr/sbin/getenforce
update-alternatives: Linking /bin/getopt to /usr/lib64/busybox/bin/getopt
update-alternatives: Linking /usr/sbin/getsebool to /usr/lib64/busybox/usr/sbin/getsebool
update-alternatives: Linking /sbin/getty to /usr/lib64/busybox/sbin/getty
update-alternatives: Linking /usr/bin/head to /usr/lib64/busybox/usr/bin/head
update-alternatives: Linking /usr/bin/hexdump to /usr/lib64/busybox/usr/bin/hexdump
update-alternatives: Linking /bin/hostname to /usr/lib64/busybox/bin/hostname
update-alternatives: Linking /sbin/hwclock to /usr/lib64/busybox/sbin/hwclock
update-alternatives: Linking /sbin/ifconfig to /usr/lib64/busybox/sbin/ifconfig
update-alternatives: Linking /sbin/ifdown to /usr/lib64/busybox/sbin/ifdown
update-alternatives: Linking /sbin/ifup to /usr/lib64/busybox/sbin/ifup
update-alternatives: Linking /sbin/ip to /usr/lib64/busybox/sbin/ip
update-alternatives: Linking /bin/kill to /usr/lib64/busybox/bin/kill
update-alternatives: Linking /usr/bin/killall to /usr/lib64/busybox/usr/bin/killall
update-alternatives: Linking /sbin/klogd to /usr/lib64/busybox/sbin/klogd
update-alternatives: Linking /usr/bin/less to /usr/lib64/busybox/usr/bin/less
update-alternatives: Linking /bin/ln to /usr/lib64/busybox/bin/ln
update-alternatives: Linking /usr/sbin/load_policy to /usr/lib64/busybox/usr/sbin/load_policy
update-alternatives: Linking /usr/sbin/loadfont to /usr/lib64/busybox/usr/sbin/loadfont
update-alternatives: Linking /sbin/loadkmap to /usr/lib64/busybox/sbin/loadkmap
update-alternatives: Linking /usr/bin/logger to /usr/lib64/busybox/usr/bin/logger
update-alternatives: Linking /bin/login to /usr/lib64/busybox/bin/login
update-alternatives: Linking /usr/bin/logname to /usr/lib64/busybox/usr/bin/logname
update-alternatives: Linking /sbin/logread to /usr/lib64/busybox/sbin/logread
update-alternatives: Linking /sbin/losetup to /usr/lib64/busybox/sbin/losetup
update-alternatives: Linking /bin/ls to /usr/lib64/busybox/bin/ls
update-alternatives: Linking /usr/bin/lspci to /usr/lib64/busybox/usr/bin/lspci
update-alternatives: Linking /usr/bin/lsusb to /usr/lib64/busybox/usr/bin/lsusb
update-alternatives: Linking /usr/sbin/matchpathcon to /usr/lib64/busybox/usr/sbin/matchpathcon
update-alternatives: Linking /usr/bin/md5sum to /usr/lib64/busybox/usr/bin/md5sum
update-alternatives: Linking /usr/bin/microcom to /usr/lib64/busybox/usr/bin/microcom
update-alternatives: Linking /bin/mkdir to /usr/lib64/busybox/bin/mkdir
update-alternatives: Linking /usr/bin/mkfifo to /usr/lib64/busybox/usr/bin/mkfifo
update-alternatives: Linking /bin/mknod to /usr/lib64/busybox/bin/mknod
update-alternatives: Linking /sbin/mkswap to /usr/lib64/busybox/sbin/mkswap
update-alternatives: Linking /bin/mktemp to /usr/lib64/busybox/bin/mktemp
update-alternatives: Linking /bin/more to /usr/lib64/busybox/bin/more
update-alternatives: Linking /bin/mount to /usr/lib64/busybox/bin/mount
update-alternatives: Linking /bin/mv to /usr/lib64/busybox/bin/mv
update-alternatives: Linking /usr/bin/nc to /usr/lib64/busybox/usr/bin/nc
update-alternatives: Linking /bin/netstat to /usr/lib64/busybox/bin/netstat
update-alternatives: Linking /usr/bin/nohup to /usr/lib64/busybox/usr/bin/nohup
update-alternatives: Linking /usr/bin/nslookup to /usr/lib64/busybox/usr/bin/nslookup
update-alternatives: Linking /usr/bin/od to /usr/lib64/busybox/usr/bin/od
update-alternatives: Linking /usr/bin/openvt to /usr/lib64/busybox/usr/bin/openvt
update-alternatives: Linking /usr/bin/passwd to /usr/lib64/busybox/usr/bin/passwd
update-alternatives: Linking /bin/pidof to /usr/lib64/busybox/bin/pidof
update-alternatives: Linking /sbin/pivot_root to /usr/lib64/busybox/sbin/pivot_root
update-alternatives: Linking /usr/bin/printf to /usr/lib64/busybox/usr/bin/printf
update-alternatives: Linking /bin/ps to /usr/lib64/busybox/bin/ps
update-alternatives: Linking /bin/pwd to /usr/lib64/busybox/bin/pwd
update-alternatives: Linking /usr/sbin/rdate to /usr/lib64/busybox/usr/sbin/rdate
update-alternatives: Linking /usr/bin/readlink to /usr/lib64/busybox/usr/bin/readlink
update-alternatives: Linking /usr/bin/realpath to /usr/lib64/busybox/usr/bin/realpath
update-alternatives: Linking /usr/bin/renice to /usr/lib64/busybox/usr/bin/renice
update-alternatives: Linking /usr/bin/reset to /usr/lib64/busybox/usr/bin/reset
update-alternatives: Linking /usr/bin/resize to /usr/lib64/busybox/usr/bin/resize
update-alternatives: Linking /sbin/restorecon to /usr/lib64/busybox/sbin/restorecon
update-alternatives: Linking /bin/rm to /usr/lib64/busybox/bin/rm
update-alternatives: Linking /bin/rmdir to /usr/lib64/busybox/bin/rmdir
update-alternatives: Linking /sbin/route to /usr/lib64/busybox/sbin/route
update-alternatives: Linking /bin/run-parts to /usr/lib64/busybox/bin/run-parts
update-alternatives: Linking /usr/bin/runcon to /usr/lib64/busybox/usr/bin/runcon
update-alternatives: Linking /sbin/runlevel to /usr/lib64/busybox/sbin/runlevel
update-alternatives: Linking /usr/sbin/selinuxenabled to /usr/lib64/busybox/usr/sbin/selinuxenabled
update-alternatives: Linking /usr/bin/seq to /usr/lib64/busybox/usr/bin/seq
update-alternatives: Linking /usr/sbin/sestatus to /usr/lib64/busybox/usr/sbin/sestatus
update-alternatives: Linking /sbin/setconsole to /usr/lib64/busybox/sbin/setconsole
update-alternatives: Linking /usr/sbin/setenforce to /usr/lib64/busybox/usr/sbin/setenforce
update-alternatives: Linking /sbin/setfiles to /usr/lib64/busybox/sbin/setfiles
update-alternatives: Linking /usr/sbin/setsebool to /usr/lib64/busybox/usr/sbin/setsebool
update-alternatives: Linking /usr/bin/setsid to /usr/lib64/busybox/usr/bin/setsid
update-alternatives: Linking /usr/bin/sha1sum to /usr/lib64/busybox/usr/bin/sha1sum
update-alternatives: Linking /usr/bin/sha3sum to /usr/lib64/busybox/usr/bin/sha3sum
update-alternatives: Linking /usr/bin/sha256sum to /usr/lib64/busybox/usr/bin/sha256sum
update-alternatives: Linking /bin/sleep to /usr/lib64/busybox/bin/sleep
update-alternatives: Linking /usr/bin/sort to /usr/lib64/busybox/usr/bin/sort
update-alternatives: Linking /sbin/start-stop-daemon to /usr/lib64/busybox/sbin/start-stop-daemon
update-alternatives: Linking /bin/stat to /usr/lib64/busybox/bin/stat
update-alternatives: Linking /usr/bin/strings to /usr/lib64/busybox/usr/bin/strings
update-alternatives: Linking /bin/stty to /usr/lib64/busybox/bin/stty
update-alternatives: Linking /bin/su to /usr/lib64/busybox/bin/su
update-alternatives: Linking /sbin/sulogin to /usr/lib64/busybox/sbin/sulogin
update-alternatives: Linking /sbin/swapoff to /usr/lib64/busybox/sbin/swapoff
update-alternatives: Linking /sbin/swapon to /usr/lib64/busybox/sbin/swapon
update-alternatives: Linking /sbin/switch_root to /usr/lib64/busybox/sbin/switch_root
update-alternatives: Linking /sbin/sysctl to /usr/lib64/busybox/sbin/sysctl
update-alternatives: Linking /sbin/syslogd to /usr/lib64/busybox/sbin/syslogd
update-alternatives: Linking /usr/bin/tail to /usr/lib64/busybox/usr/bin/tail
update-alternatives: Linking /usr/bin/tee to /usr/lib64/busybox/usr/bin/tee
update-alternatives: Linking /usr/bin/telnet to /usr/lib64/busybox/usr/bin/telnet
update-alternatives: Linking /usr/bin/test to /usr/lib64/busybox/usr/bin/test
update-alternatives: Linking /usr/bin/tftp to /usr/lib64/busybox/usr/bin/tftp
update-alternatives: Linking /usr/bin/time to /usr/lib64/busybox/usr/bin/time
update-alternatives: Linking /usr/bin/timeout to /usr/lib64/busybox/usr/bin/timeout
update-alternatives: Linking /usr/bin/top to /usr/lib64/busybox/usr/bin/top
update-alternatives: Linking /usr/bin/tr to /usr/lib64/busybox/usr/bin/tr
update-alternatives: Linking /usr/bin/traceroute to /usr/lib64/busybox/usr/bin/traceroute
update-alternatives: Linking /bin/true to /usr/lib64/busybox/bin/true
update-alternatives: Linking /usr/bin/tty to /usr/lib64/busybox/usr/bin/tty
update-alternatives: Linking /sbin/udhcpc to /usr/lib64/busybox/sbin/udhcpc
update-alternatives: Linking /usr/sbin/udhcpd to /usr/lib64/busybox/usr/sbin/udhcpd
update-alternatives: Linking /bin/umount to /usr/lib64/busybox/bin/umount
update-alternatives: Linking /bin/uname to /usr/lib64/busybox/bin/uname
update-alternatives: Linking /usr/bin/uniq to /usr/lib64/busybox/usr/bin/uniq
update-alternatives: Linking /usr/bin/uptime to /usr/lib64/busybox/usr/bin/uptime
update-alternatives: Linking /bin/usleep to /usr/lib64/busybox/bin/usleep
update-alternatives: Linking /usr/bin/vlock to /usr/lib64/busybox/usr/bin/vlock
update-alternatives: Linking /bin/watch to /usr/lib64/busybox/bin/watch
update-alternatives: Linking /usr/bin/wc to /usr/lib64/busybox/usr/bin/wc
update-alternatives: Linking /usr/bin/which to /usr/lib64/busybox/usr/bin/which
update-alternatives: Linking /usr/bin/whoami to /usr/lib64/busybox/usr/bin/whoami
update-alternatives: Linking /usr/bin/yes to /usr/lib64/busybox/usr/bin/yes
  Reinstalling     : update-alternatives-opkg-0.3.2+git0+3ffece9bf1-r0.    2/10 
  Running scriptlet: update-alternatives-opkg-0.3.2+git0+3ffece9bf1-r0.    2/10 
  Reinstalling     : ima-evm-utils-evmctl.static-1.0+git0+3e2a67bdb0-r0    3/10 
  Running scriptlet: ima-evm-utils-evmctl.static-1.0+git0+3e2a67bdb0-r0    3/10 
  Running scriptlet: base-files-3.0.14-r89.56.wrlsdk_x86                   4/10 
  Reinstalling     : base-files-3.0.14-r89.56.wrlsdk_x86                   4/10 
  Running scriptlet: base-files-3.0.14-r89.56.wrlsdk_x86                   4/10 
  Reinstalling     : xr-identifier-xrd-cp-c-01-7.9.2v1.0.0-1.x86_64        5/10 
  Running scriptlet: xr-identifier-xrd-cp-c-01-7.9.2v1.0.0-1.x86_64        5/10 
  Erasing          : base-files-3.0.14-r89.56.wrlsdk_x86                   6/10 
  Erasing          : update-alternatives-opkg-0.3.2+git0+3ffece9bf1-r0.    7/10 
  Erasing          : ima-evm-utils-evmctl.static-1.0+git0+3e2a67bdb0-r0    8/10 
  Erasing          : xr-identifier-xrd-cp-c-01-7.9.2v1.0.0-1.x86_64        9/10 
  Running scriptlet: busybox-1.24.1-r0.1.67.71.0.corei7_64                10/10 
  Erasing          : busybox-1.24.1-r0.1.67.71.0.corei7_64                10/10 
  Verifying        : update-alternatives-opkg-0.3.2+git0+3ffece9bf1-r0.    1/10 
  Verifying        : busybox-1.24.1-r0.1.67.71.0.corei7_64                 2/10 
  Verifying        : ima-evm-utils-evmctl.static-1.0+git0+3e2a67bdb0-r0    3/10 
  Verifying        : base-files-3.0.14-r89.56.wrlsdk_x86                   4/10 
  Verifying        : xr-identifier-xrd-cp-c-01-7.9.2v1.0.0-1.x86_64        5/10 
  Verifying        : base-files-3.0.14-r89.56.wrlsdk_x86                   6/10 
  Verifying        : busybox-1.24.1-r0.1.67.71.0.corei7_64                 7/10 
  Verifying        : ima-evm-utils-evmctl.static-1.0+git0+3e2a67bdb0-r0    8/10 
  Verifying        : update-alternatives-opkg-0.3.2+git0+3ffece9bf1-r0.    9/10 
  Verifying        : xr-identifier-xrd-cp-c-01-7.9.2v1.0.0-1.x86_64       10/10 

Reinstalled:
  base-files.wrlsdk_x86 3.0.14-r89.56                                           
  busybox.corei7_64 1.24.1-r0.1.67.71.0                                         
  ima-evm-utils-evmctl.static.corei7_64 1.0+git0+3e2a67bdb0-r0.64               
  update-alternatives-opkg.corei7_64 0.3.2+git0+3ffece9bf1-r0.64                
  xr-identifier-xrd-cp-c-01.x86_64 7.9.2v1.0.0-1                                

Complete!
====================================================
=== File: /var/log/_xr_bootstrap_dnf_clean.log_os_phase ===
Command: dnf clean --disableplugin=xrcert,xrops,local -- all
Description: DNF Clean
5 files removed
====================================================
=== File: /var/log/_xr_bootstrap_dnf_install_systemd.log_os_phase ===
Command: dnf install  -y --installroot /mnt/disk/ --disableplugin=xrcert,xrops,local -- systemd
Description: Install systemd package
Last metadata expiration check: 0:00:42 ago on Thu Jun 29 04:54:53 2023.
Dependencies resolved.
================================================================================
 Package            Arch       Version             Repository              Size
================================================================================
Installing:
 systemd            corei7_64  1:230+git0+3a74d4fc90-r0.85.71.0
                                                   iosxr_install_internal 4.9 M
Installing dependencies:
 audit              corei7_64  2.7-r0.66.71.0      iosxr_install_internal 102 k
 base-passwd        corei7_64  3.5.29-r0.1.65      iosxr_install_internal 7.0 k
 dbus-1             corei7_64  1.10.10-r0.85.71.0  iosxr_install_internal 190 k
 initscripts-sushell
                    corei7_64  1.0-r155.3.57       iosxr_install_internal  10 k
 kmod               corei7_64  23+git0+65a885df5f-r0.64
                                                   iosxr_install_internal  79 k
 libacl1            corei7_64  2.2.52-r0.64        iosxr_install_internal  26 k
 libattr1           corei7_64  2.4.47-r0.64        iosxr_install_internal  19 k
 libblkid1          corei7_64  2.28.1-r0.3.67.71.0 iosxr_install_internal 129 k
 libbz2-1           corei7_64  1.0.6-r5.64         iosxr_install_internal  41 k
 libc6              corei7_64  2.24-r0.64          iosxr_install_internal 7.1 M
 libcap-ng0         corei7_64  0.6.6-r2.65.71.0    iosxr_install_internal  19 k
 libcap2            corei7_64  2.25-r0.66.71.0     iosxr_install_internal  24 k
 libdbus-1-3        corei7_64  1.10.10-r0.85.71.0  iosxr_install_internal 150 k
 libexpat1          corei7_64  2.2.0-r0.64         iosxr_install_internal  72 k
 libgcc1            corei7_64  4.9.1-r0.64         iosxr_install_internal  52 k
 libkmod2           corei7_64  23+git0+65a885df5f-r0.64
                                                   iosxr_install_internal  47 k
 liblzma5           corei7_64  5.2.2-r0.64         iosxr_install_internal  89 k
 libmount1          corei7_64  2.28.1-r0.3.67.71.0 iosxr_install_internal 143 k
 libpam             corei7_64  1.3.0-r5.66.71.0    iosxr_install_internal  48 k
 libpam-runtime     corei7_64  1.3.0-r5.66.71.0    iosxr_install_internal  33 k
 libpcre1           corei7_64  8.39-r09.64         iosxr_install_internal 106 k
 libpython2.7-1.0   corei7_64  2.7.12-r1.65.71.0   iosxr_install_internal 739 k
 libselinux1        corei7_64  2.6-r0.65.71.0      iosxr_install_internal  82 k
 libsemanage1       corei7_64  2.6-r0.66.71.0      iosxr_install_internal 110 k
 libsepol1          corei7_64  2.6-r0.64           iosxr_install_internal 265 k
 libsystemd0        corei7_64  1:230+git0+3a74d4fc90-r0.85.71.0
                                                   iosxr_install_internal 249 k
 libustr-1.0-1      corei7_64  1.0.4-r2.64         iosxr_install_internal 178 k
 libuuid1           corei7_64  2.28.1-r0.3.67.71.0 iosxr_install_internal  19 k
 libx11-6           corei7_64  1:1.6.3-r0.12       iosxr_install_internal 767 k
 libxau6            corei7_64  1:1.0.8-r0.12       iosxr_install_internal  16 k
 libxcb1            corei7_64  1.12-r0.1.12        iosxr_install_internal  59 k
 libxdmcp6          corei7_64  1:1.1.2-r0.12       iosxr_install_internal  20 k
 libz1              corei7_64  1.2.11-r0.59        iosxr_install_internal  60 k
 pam-plugin-deny    corei7_64  1.3.0-r5.66.71.0    iosxr_install_internal  12 k
 pam-plugin-env     corei7_64  1.3.0-r5.66.71.0    iosxr_install_internal  17 k
 pam-plugin-faildelay
                    corei7_64  1.3.0-r5.66.71.0    iosxr_install_internal  14 k
 pam-plugin-group   corei7_64  1.3.0-r5.66.71.0    iosxr_install_internal  17 k
 pam-plugin-lastlog corei7_64  1.3.0-r5.66.71.0    iosxr_install_internal  17 k
 pam-plugin-limits  corei7_64  1.3.0-r5.66.71.0    iosxr_install_internal  19 k
 pam-plugin-mail    corei7_64  1.3.0-r5.66.71.0    iosxr_install_internal  15 k
 pam-plugin-motd    corei7_64  1.3.0-r5.66.71.0    iosxr_install_internal  13 k
 pam-plugin-nologin corei7_64  1.3.0-r5.66.71.0    iosxr_install_internal  14 k
 pam-plugin-permit  corei7_64  1.3.0-r5.66.71.0    iosxr_install_internal  13 k
 pam-plugin-rootok  corei7_64  1.3.0-r5.66.71.0    iosxr_install_internal  13 k
 pam-plugin-securetty
                    corei7_64  1.3.0-r5.66.71.0    iosxr_install_internal  15 k
 pam-plugin-selinux corei7_64  1.3.0-r5.66.71.0    iosxr_install_internal  19 k
 pam-plugin-shells  corei7_64  1.3.0-r5.66.71.0    iosxr_install_internal  13 k
 pam-plugin-unix    corei7_64  1.3.0-r5.66.71.0    iosxr_install_internal  56 k
 pam-plugin-warn    corei7_64  1.3.0-r5.66.71.0    iosxr_install_internal  13 k
 python-core        corei7_64  2.7.12-r1.65.71.0   iosxr_install_internal 263 k
 python-lang        corei7_64  2.7.12-r1.65.71.0   iosxr_install_internal 246 k
 python-re          corei7_64  2.7.12-r1.65.71.0   iosxr_install_internal  51 k
 shadow             corei7_64  4.2.1-r0.1.68.71.0  iosxr_install_internal 630 k
 shadow-base        corei7_64  4.2.1-r0.1.68.71.0  iosxr_install_internal  77 k
 shadow-securetty   wrlsdk_x86 4.2.1-r3.55         iosxr_install_internal  11 k
 systemd-container  corei7_64  1:230+git0+3a74d4fc90-r0.85.71.0
                                                   iosxr_install_internal 885 k
 systemd-serialgetty
                    wrlsdk_x86 1.0-r5.65           iosxr_install_internal  11 k
 udev               corei7_64  1:230+git0+3a74d4fc90-r0.85.71.0
                                                   iosxr_install_internal 511 k
 update-rc.d        noarch     0.7-r5.55           iosxr_install_internal  12 k
 util-linux-agetty  corei7_64  2.28.1-r0.3.67.71.0 iosxr_install_internal  35 k
 util-linux-mount   corei7_64  2.28.1-r0.3.67.71.0 iosxr_install_internal  27 k
 util-linux-sulogin corei7_64  2.28.1-r0.3.67.71.0 iosxr_install_internal  31 k
 volatile-binds     noarch     1.0-r0.55           iosxr_install_internal  17 k

Transaction Summary
================================================================================
Install  64 Packages

Total size: 19 M
Installed size: 46 M
Downloading Packages:
Running transaction check
Transaction check succeeded.
Running transaction test
Transaction test succeeded.
Running transaction
  Preparing        :                                                        1/1 
  Installing       : libc6-2.24-r0.64.corei7_64                            1/64 
  Running scriptlet: libc6-2.24-r0.64.corei7_64                            1/64 
  Installing       : libpam-1.3.0-r5.66.71.0.corei7_64                     2/64 
  Running scriptlet: libpam-1.3.0-r5.66.71.0.corei7_64                     2/64 
  Installing       : libcap2-2.25-r0.66.71.0.corei7_64                     3/64 
  Running scriptlet: libcap2-2.25-r0.66.71.0.corei7_64                     3/64 
  Installing       : libgcc1-4.9.1-r0.64.corei7_64                         4/64 
  Running scriptlet: libgcc1-4.9.1-r0.64.corei7_64                         4/64 
  Installing       : liblzma5-5.2.2-r0.64.corei7_64                        5/64 
  Running scriptlet: liblzma5-5.2.2-r0.64.corei7_64                        5/64 
  Installing       : libz1-1.2.11-r0.59.corei7_64                          6/64 
  Running scriptlet: libz1-1.2.11-r0.59.corei7_64                          6/64 
  Running scriptlet: base-passwd-3.5.29-r0.1.65.corei7_64                  7/64 
  Installing       : base-passwd-3.5.29-r0.1.65.corei7_64                  7/64 
  Installing       : libkmod2-23+git0+65a885df5f-r0.64.corei7_64           8/64 
  Running scriptlet: libkmod2-23+git0+65a885df5f-r0.64.corei7_64           8/64 
  Installing       : libattr1-2.4.47-r0.64.corei7_64                       9/64 
  Running scriptlet: libattr1-2.4.47-r0.64.corei7_64                       9/64 
  Installing       : libacl1-2.2.52-r0.64.corei7_64                       10/64 
  Running scriptlet: libacl1-2.2.52-r0.64.corei7_64                       10/64 
  Installing       : libuuid1-2.28.1-r0.3.67.71.0.corei7_64               11/64 
  Running scriptlet: libuuid1-2.28.1-r0.3.67.71.0.corei7_64               11/64 
  Installing       : libblkid1-2.28.1-r0.3.67.71.0.corei7_64              12/64 
  Running scriptlet: libblkid1-2.28.1-r0.3.67.71.0.corei7_64              12/64 
  Installing       : libxau6-1:1.0.8-r0.12.corei7_64                      13/64 
  Running scriptlet: libxau6-1:1.0.8-r0.12.corei7_64                      13/64 
  Installing       : libxdmcp6-1:1.1.2-r0.12.corei7_64                    14/64 
  Running scriptlet: libxdmcp6-1:1.1.2-r0.12.corei7_64                    14/64 
  Installing       : libpython2.7-1.0-2.7.12-r1.65.71.0.corei7_64         15/64 
  Running scriptlet: libpython2.7-1.0-2.7.12-r1.65.71.0.corei7_64         15/64 
  Installing       : python-re-2.7.12-r1.65.71.0.corei7_64                16/64 
  Running scriptlet: python-re-2.7.12-r1.65.71.0.corei7_64                16/64 
  Installing       : python-core-2.7.12-r1.65.71.0.corei7_64              17/64 
  Running scriptlet: python-core-2.7.12-r1.65.71.0.corei7_64              17/64 
  Installing       : python-lang-2.7.12-r1.65.71.0.corei7_64              18/64 
  Running scriptlet: python-lang-2.7.12-r1.65.71.0.corei7_64              18/64 
  Installing       : libxcb1-1.12-r0.1.12.corei7_64                       19/64 
  Running scriptlet: libxcb1-1.12-r0.1.12.corei7_64                       19/64 
  Installing       : libx11-6-1:1.6.3-r0.12.corei7_64                     20/64 
  Running scriptlet: libx11-6-1:1.6.3-r0.12.corei7_64                     20/64 
  Installing       : kmod-23+git0+65a885df5f-r0.64.corei7_64              21/64 
  Running scriptlet: kmod-23+git0+65a885df5f-r0.64.corei7_64              21/64 
update-alternatives: Linking /sbin/insmod to /sbin/insmod.kmod
update-alternatives: Linking /sbin/modprobe to /sbin/modprobe.kmod
update-alternatives: Linking /sbin/rmmod to /sbin/rmmod.kmod
update-alternatives: Linking /sbin/modinfo to /sbin/modinfo.kmod
update-alternatives: Linking /bin/lsmod to /bin/lsmod.kmod
update-alternatives: Linking /sbin/lsmod to /bin/lsmod.kmod
update-alternatives: Linking /sbin/depmod to /sbin/depmod.kmod
  Installing       : pam-plugin-env-1.3.0-r5.66.71.0.corei7_64            22/64 
  Running scriptlet: pam-plugin-env-1.3.0-r5.66.71.0.corei7_64            22/64 
  Installing       : pam-plugin-faildelay-1.3.0-r5.66.71.0.corei7_64      23/64 
  Running scriptlet: pam-plugin-faildelay-1.3.0-r5.66.71.0.corei7_64      23/64 
  Installing       : pam-plugin-group-1.3.0-r5.66.71.0.corei7_64          24/64 
  Running scriptlet: pam-plugin-group-1.3.0-r5.66.71.0.corei7_64          24/64 
  Installing       : pam-plugin-lastlog-1.3.0-r5.66.71.0.corei7_64        25/64 
  Running scriptlet: pam-plugin-lastlog-1.3.0-r5.66.71.0.corei7_64        25/64 
  Installing       : pam-plugin-limits-1.3.0-r5.66.71.0.corei7_64         26/64 
  Running scriptlet: pam-plugin-limits-1.3.0-r5.66.71.0.corei7_64         26/64 
  Installing       : pam-plugin-mail-1.3.0-r5.66.71.0.corei7_64           27/64 
  Running scriptlet: pam-plugin-mail-1.3.0-r5.66.71.0.corei7_64           27/64 
  Installing       : pam-plugin-motd-1.3.0-r5.66.71.0.corei7_64           28/64 
  Running scriptlet: pam-plugin-motd-1.3.0-r5.66.71.0.corei7_64           28/64 
  Installing       : pam-plugin-nologin-1.3.0-r5.66.71.0.corei7_64        29/64 
  Running scriptlet: pam-plugin-nologin-1.3.0-r5.66.71.0.corei7_64        29/64 
  Installing       : pam-plugin-securetty-1.3.0-r5.66.71.0.corei7_64      30/64 
  Running scriptlet: pam-plugin-securetty-1.3.0-r5.66.71.0.corei7_64      30/64 
  Installing       : pam-plugin-shells-1.3.0-r5.66.71.0.corei7_64         31/64 
  Running scriptlet: pam-plugin-shells-1.3.0-r5.66.71.0.corei7_64         31/64 
  Installing       : pam-plugin-deny-1.3.0-r5.66.71.0.corei7_64           32/64 
  Running scriptlet: pam-plugin-deny-1.3.0-r5.66.71.0.corei7_64           32/64 
  Installing       : pam-plugin-permit-1.3.0-r5.66.71.0.corei7_64         33/64 
  Running scriptlet: pam-plugin-permit-1.3.0-r5.66.71.0.corei7_64         33/64 
  Installing       : pam-plugin-warn-1.3.0-r5.66.71.0.corei7_64           34/64 
  Running scriptlet: pam-plugin-warn-1.3.0-r5.66.71.0.corei7_64           34/64 
  Installing       : util-linux-agetty-2.28.1-r0.3.67.71.0.corei7_64      35/64 
  Running scriptlet: util-linux-agetty-2.28.1-r0.3.67.71.0.corei7_64      35/64 
update-alternatives: Linking /sbin/getty to /sbin/agetty
  Installing       : libcap-ng0-0.6.6-r2.65.71.0.corei7_64                36/64 
  Running scriptlet: libcap-ng0-0.6.6-r2.65.71.0.corei7_64                36/64 
  Installing       : audit-2.7-r0.66.71.0.corei7_64                       37/64 
  Running scriptlet: audit-2.7-r0.66.71.0.corei7_64                       37/64 
  Installing       : shadow-base-4.2.1-r0.1.68.71.0.corei7_64             38/64 
  Running scriptlet: shadow-base-4.2.1-r0.1.68.71.0.corei7_64             38/64 
update-alternatives: Linking /usr/bin/newgrp to /usr/bin/newgrp.shadow
update-alternatives: Linking /usr/bin/groups to /usr/bin/groups.shadow
update-alternatives: Linking /bin/login to /bin/login.shadow
update-alternatives: Linking /bin/su to /bin/su.shadow
  Installing       : libexpat1-2.2.0-r0.64.corei7_64                      39/64 
  Running scriptlet: libexpat1-2.2.0-r0.64.corei7_64                      39/64 
  Installing       : libpcre1-8.39-r09.64.corei7_64                       40/64 
  Running scriptlet: libpcre1-8.39-r09.64.corei7_64                       40/64 
  Installing       : libselinux1-2.6-r0.65.71.0.corei7_64                 41/64 
  Running scriptlet: libselinux1-2.6-r0.65.71.0.corei7_64                 41/64 
  Installing       : libmount1-2.28.1-r0.3.67.71.0.corei7_64              42/64 
  Running scriptlet: libmount1-2.28.1-r0.3.67.71.0.corei7_64              42/64 
  Installing       : libsystemd0-1:230+git0+3a74d4fc90-r0.85.71.0.corei   43/64 
  Running scriptlet: libsystemd0-1:230+git0+3a74d4fc90-r0.85.71.0.corei   43/64 
  Installing       : libdbus-1-3-1.10.10-r0.85.71.0.corei7_64             44/64 
  Running scriptlet: libdbus-1-3-1.10.10-r0.85.71.0.corei7_64             44/64 
  Installing       : util-linux-mount-2.28.1-r0.3.67.71.0.corei7_64       45/64 
  Running scriptlet: util-linux-mount-2.28.1-r0.3.67.71.0.corei7_64       45/64 
update-alternatives: Linking /bin/mount to /bin/mount.util-linux
  Installing       : systemd-container-1:230+git0+3a74d4fc90-r0.85.71.0   46/64 
  Running scriptlet: systemd-container-1:230+git0+3a74d4fc90-r0.85.71.0   46/64 
  Installing       : udev-1:230+git0+3a74d4fc90-r0.85.71.0.corei7_64      47/64 
  Running scriptlet: udev-1:230+git0+3a74d4fc90-r0.85.71.0.corei7_64      47/64 
  Installing       : pam-plugin-rootok-1.3.0-r5.66.71.0.corei7_64         48/64 
  Running scriptlet: pam-plugin-rootok-1.3.0-r5.66.71.0.corei7_64         48/64 
  Installing       : util-linux-sulogin-2.28.1-r0.3.67.71.0.corei7_64     49/64 
  Running scriptlet: util-linux-sulogin-2.28.1-r0.3.67.71.0.corei7_64     49/64 
update-alternatives: Linking /sbin/sulogin to /sbin/sulogin.util-linux
  Installing       : pam-plugin-selinux-1.3.0-r5.66.71.0.corei7_64        50/64 
  Running scriptlet: pam-plugin-selinux-1.3.0-r5.66.71.0.corei7_64        50/64 
  Installing       : pam-plugin-unix-1.3.0-r5.66.71.0.corei7_64           51/64 
  Running scriptlet: pam-plugin-unix-1.3.0-r5.66.71.0.corei7_64           51/64 
  Installing       : libpam-runtime-1.3.0-r5.66.71.0.corei7_64            52/64 
  Running scriptlet: libpam-runtime-1.3.0-r5.66.71.0.corei7_64            52/64 
  Installing       : libbz2-1-1.0.6-r5.64.corei7_64                       53/64 
  Running scriptlet: libbz2-1-1.0.6-r5.64.corei7_64                       53/64 
  Installing       : libsepol1-2.6-r0.64.corei7_64                        54/64 
  Running scriptlet: libsepol1-2.6-r0.64.corei7_64                        54/64 
  Installing       : libustr-1.0-1-1.0.4-r2.64.corei7_64                  55/64 
  Running scriptlet: libustr-1.0-1-1.0.4-r2.64.corei7_64                  55/64 
  Installing       : libsemanage1-2.6-r0.66.71.0.corei7_64                56/64 
  Running scriptlet: libsemanage1-2.6-r0.66.71.0.corei7_64                56/64 
  Installing       : shadow-securetty-4.2.1-r3.55.wrlsdk_x86              57/64 
  Running scriptlet: shadow-securetty-4.2.1-r3.55.wrlsdk_x86              57/64 
  Installing       : shadow-4.2.1-r0.1.68.71.0.corei7_64                  58/64 
  Running scriptlet: shadow-4.2.1-r0.1.68.71.0.corei7_64                  58/64 
update-alternatives: Linking /usr/bin/passwd to /usr/bin/passwd.shadow
update-alternatives: Linking /usr/bin/chfn to /usr/bin/chfn.shadow
update-alternatives: Linking /usr/bin/chsh to /usr/bin/chsh.shadow
update-alternatives: Linking /usr/sbin/chpasswd to /usr/sbin/chpasswd.shadow
update-alternatives: Linking /sbin/vipw to /sbin/vipw.shadow
update-alternatives: Linking /sbin/vigr to /sbin/vigr.shadow
  Running scriptlet: dbus-1-1.10.10-r0.85.71.0.corei7_64                  59/64 
Running groupadd commands...
NOTE: dbus: Performing groupadd with [ -r netdev]
Running useradd commands...
NOTE: dbus: Performing useradd with [ --system --home /var/lib/dbus                        --no-create-home --shell /bin/false                        --user-group messagebus]
  Installing       : dbus-1-1.10.10-r0.85.71.0.corei7_64                  59/64 
  Running scriptlet: dbus-1-1.10.10-r0.85.71.0.corei7_64                  59/64 
  Installing       : volatile-binds-1.0-r0.55.noarch                      60/64 
  Running scriptlet: volatile-binds-1.0-r0.55.noarch                      60/64 
  Installing       : update-rc.d-0.7-r5.55.noarch                         61/64 
  Running scriptlet: update-rc.d-0.7-r5.55.noarch                         61/64 
  Installing       : systemd-serialgetty-1.0-r5.65.wrlsdk_x86             62/64 
  Running scriptlet: systemd-serialgetty-1.0-r5.65.wrlsdk_x86             62/64 
  Installing       : initscripts-sushell-1.0-r155.3.57.corei7_64          63/64 
  Running scriptlet: initscripts-sushell-1.0-r155.3.57.corei7_64          63/64 
  Running scriptlet: systemd-1:230+git0+3a74d4fc90-r0.85.71.0.corei7_64   64/64 
Running groupadd commands...
NOTE: systemd: Performing groupadd with [ -r lock]
NOTE: systemd: Performing groupadd with [  -r systemd-journal]
Running useradd commands...
NOTE: systemd: Performing useradd with [     --system -d / -M --shell /bin/nologin systemd-timesync]
NOTE: systemd: Performing useradd with [  --system -d / -M --shell /bin/nologin systemd-network]
  Installing       : systemd-1:230+git0+3a74d4fc90-r0.85.71.0.corei7_64   64/64 
  Running scriptlet: systemd-1:230+git0+3a74d4fc90-r0.85.71.0.corei7_64   64/64 
update-alternatives: Linking /sbin/init to /lib/systemd/systemd
update-alternatives: Linking /sbin/halt to /bin/systemctl
update-alternatives: Linking /sbin/reboot to /bin/systemctl
update-alternatives: Linking /sbin/shutdown to /bin/systemctl
update-alternatives: Linking /sbin/poweroff to /bin/systemctl
update-alternatives: Linking /sbin/runlevel to /bin/systemctl
  Verifying        : systemd-1:230+git0+3a74d4fc90-r0.85.71.0.corei7_64    1/64 
  Verifying        : audit-2.7-r0.66.71.0.corei7_64                        2/64 
  Verifying        : base-passwd-3.5.29-r0.1.65.corei7_64                  3/64 
  Verifying        : dbus-1-1.10.10-r0.85.71.0.corei7_64                   4/64 
  Verifying        : initscripts-sushell-1.0-r155.3.57.corei7_64           5/64 
  Verifying        : kmod-23+git0+65a885df5f-r0.64.corei7_64               6/64 
  Verifying        : libacl1-2.2.52-r0.64.corei7_64                        7/64 
  Verifying        : libattr1-2.4.47-r0.64.corei7_64                       8/64 
  Verifying        : libblkid1-2.28.1-r0.3.67.71.0.corei7_64               9/64 
  Verifying        : libc6-2.24-r0.64.corei7_64                           10/64 
  Verifying        : libcap2-2.25-r0.66.71.0.corei7_64                    11/64 
  Verifying        : libgcc1-4.9.1-r0.64.corei7_64                        12/64 
  Verifying        : libkmod2-23+git0+65a885df5f-r0.64.corei7_64          13/64 
  Verifying        : liblzma5-5.2.2-r0.64.corei7_64                       14/64 
  Verifying        : libmount1-2.28.1-r0.3.67.71.0.corei7_64              15/64 
  Verifying        : libpam-1.3.0-r5.66.71.0.corei7_64                    16/64 
  Verifying        : libselinux1-2.6-r0.65.71.0.corei7_64                 17/64 
  Verifying        : shadow-4.2.1-r0.1.68.71.0.corei7_64                  18/64 
  Verifying        : systemd-container-1:230+git0+3a74d4fc90-r0.85.71.0   19/64 
  Verifying        : systemd-serialgetty-1.0-r5.65.wrlsdk_x86             20/64 
  Verifying        : udev-1:230+git0+3a74d4fc90-r0.85.71.0.corei7_64      21/64 
  Verifying        : update-rc.d-0.7-r5.55.noarch                         22/64 
  Verifying        : util-linux-agetty-2.28.1-r0.3.67.71.0.corei7_64      23/64 
  Verifying        : util-linux-mount-2.28.1-r0.3.67.71.0.corei7_64       24/64 
  Verifying        : volatile-binds-1.0-r0.55.noarch                      25/64 
  Verifying        : libcap-ng0-0.6.6-r2.65.71.0.corei7_64                26/64 
  Verifying        : libdbus-1-3-1.10.10-r0.85.71.0.corei7_64             27/64 
  Verifying        : libexpat1-2.2.0-r0.64.corei7_64                      28/64 
  Verifying        : libsystemd0-1:230+git0+3a74d4fc90-r0.85.71.0.corei   29/64 
  Verifying        : libx11-6-1:1.6.3-r0.12.corei7_64                     30/64 
  Verifying        : libz1-1.2.11-r0.59.corei7_64                         31/64 
  Verifying        : libuuid1-2.28.1-r0.3.67.71.0.corei7_64               32/64 
  Verifying        : libpcre1-8.39-r09.64.corei7_64                       33/64 
  Verifying        : libpam-runtime-1.3.0-r5.66.71.0.corei7_64            34/64 
  Verifying        : libsemanage1-2.6-r0.66.71.0.corei7_64                35/64 
  Verifying        : pam-plugin-env-1.3.0-r5.66.71.0.corei7_64            36/64 
  Verifying        : pam-plugin-faildelay-1.3.0-r5.66.71.0.corei7_64      37/64 
  Verifying        : pam-plugin-group-1.3.0-r5.66.71.0.corei7_64          38/64 
  Verifying        : pam-plugin-lastlog-1.3.0-r5.66.71.0.corei7_64        39/64 
  Verifying        : pam-plugin-limits-1.3.0-r5.66.71.0.corei7_64         40/64 
  Verifying        : pam-plugin-mail-1.3.0-r5.66.71.0.corei7_64           41/64 
  Verifying        : pam-plugin-motd-1.3.0-r5.66.71.0.corei7_64           42/64 
  Verifying        : pam-plugin-nologin-1.3.0-r5.66.71.0.corei7_64        43/64 
  Verifying        : pam-plugin-rootok-1.3.0-r5.66.71.0.corei7_64         44/64 
  Verifying        : pam-plugin-securetty-1.3.0-r5.66.71.0.corei7_64      45/64 
  Verifying        : pam-plugin-shells-1.3.0-r5.66.71.0.corei7_64         46/64 
  Verifying        : shadow-base-4.2.1-r0.1.68.71.0.corei7_64             47/64 
  Verifying        : shadow-securetty-4.2.1-r3.55.wrlsdk_x86              48/64 
  Verifying        : util-linux-sulogin-2.28.1-r0.3.67.71.0.corei7_64     49/64 
  Verifying        : libxau6-1:1.0.8-r0.12.corei7_64                      50/64 
  Verifying        : libxcb1-1.12-r0.1.12.corei7_64                       51/64 
  Verifying        : libxdmcp6-1:1.1.2-r0.12.corei7_64                    52/64 
  Verifying        : pam-plugin-deny-1.3.0-r5.66.71.0.corei7_64           53/64 
  Verifying        : pam-plugin-permit-1.3.0-r5.66.71.0.corei7_64         54/64 
  Verifying        : pam-plugin-selinux-1.3.0-r5.66.71.0.corei7_64        55/64 
  Verifying        : pam-plugin-unix-1.3.0-r5.66.71.0.corei7_64           56/64 
  Verifying        : pam-plugin-warn-1.3.0-r5.66.71.0.corei7_64           57/64 
  Verifying        : libbz2-1-1.0.6-r5.64.corei7_64                       58/64 
  Verifying        : libsepol1-2.6-r0.64.corei7_64                        59/64 
  Verifying        : libustr-1.0-1-1.0.4-r2.64.corei7_64                  60/64 
  Verifying        : python-core-2.7.12-r1.65.71.0.corei7_64              61/64 
  Verifying        : libpython2.7-1.0-2.7.12-r1.65.71.0.corei7_64         62/64 
  Verifying        : python-lang-2.7.12-r1.65.71.0.corei7_64              63/64 
  Verifying        : python-re-2.7.12-r1.65.71.0.corei7_64                64/64 

Installed:
  systemd.corei7_64 1:230+git0+3a74d4fc90-r0.85.71.0                            
  audit.corei7_64 2.7-r0.66.71.0                                                
  base-passwd.corei7_64 3.5.29-r0.1.65                                          
  dbus-1.corei7_64 1.10.10-r0.85.71.0                                           
  initscripts-sushell.corei7_64 1.0-r155.3.57                                   
  kmod.corei7_64 23+git0+65a885df5f-r0.64                                       
  libacl1.corei7_64 2.2.52-r0.64                                                
  libattr1.corei7_64 2.4.47-r0.64                                               
  libblkid1.corei7_64 2.28.1-r0.3.67.71.0                                       
  libbz2-1.corei7_64 1.0.6-r5.64                                                
  libc6.corei7_64 2.24-r0.64                                                    
  libcap-ng0.corei7_64 0.6.6-r2.65.71.0                                         
  libcap2.corei7_64 2.25-r0.66.71.0                                             
  libdbus-1-3.corei7_64 1.10.10-r0.85.71.0                                      
  libexpat1.corei7_64 2.2.0-r0.64                                               
  libgcc1.corei7_64 4.9.1-r0.64                                                 
  libkmod2.corei7_64 23+git0+65a885df5f-r0.64                                   
  liblzma5.corei7_64 5.2.2-r0.64                                                
  libmount1.corei7_64 2.28.1-r0.3.67.71.0                                       
  libpam.corei7_64 1.3.0-r5.66.71.0                                             
  libpam-runtime.corei7_64 1.3.0-r5.66.71.0                                     
  libpcre1.corei7_64 8.39-r09.64                                                
  libpython2.7-1.0.corei7_64 2.7.12-r1.65.71.0                                  
  libselinux1.corei7_64 2.6-r0.65.71.0                                          
  libsemanage1.corei7_64 2.6-r0.66.71.0                                         
  libsepol1.corei7_64 2.6-r0.64                                                 
  libsystemd0.corei7_64 1:230+git0+3a74d4fc90-r0.85.71.0                        
  libustr-1.0-1.corei7_64 1.0.4-r2.64                                           
  libuuid1.corei7_64 2.28.1-r0.3.67.71.0                                        
  libx11-6.corei7_64 1:1.6.3-r0.12                                              
  libxau6.corei7_64 1:1.0.8-r0.12                                               
  libxcb1.corei7_64 1.12-r0.1.12                                                
  libxdmcp6.corei7_64 1:1.1.2-r0.12                                             
  libz1.corei7_64 1.2.11-r0.59                                                  
  pam-plugin-deny.corei7_64 1.3.0-r5.66.71.0                                    
  pam-plugin-env.corei7_64 1.3.0-r5.66.71.0                                     
  pam-plugin-faildelay.corei7_64 1.3.0-r5.66.71.0                               
  pam-plugin-group.corei7_64 1.3.0-r5.66.71.0                                   
  pam-plugin-lastlog.corei7_64 1.3.0-r5.66.71.0                                 
  pam-plugin-limits.corei7_64 1.3.0-r5.66.71.0                                  
  pam-plugin-mail.corei7_64 1.3.0-r5.66.71.0                                    
  pam-plugin-motd.corei7_64 1.3.0-r5.66.71.0                                    
  pam-plugin-nologin.corei7_64 1.3.0-r5.66.71.0                                 
  pam-plugin-permit.corei7_64 1.3.0-r5.66.71.0                                  
  pam-plugin-rootok.corei7_64 1.3.0-r5.66.71.0                                  
  pam-plugin-securetty.corei7_64 1.3.0-r5.66.71.0                               
  pam-plugin-selinux.corei7_64 1.3.0-r5.66.71.0                                 
  pam-plugin-shells.corei7_64 1.3.0-r5.66.71.0                                  
  pam-plugin-unix.corei7_64 1.3.0-r5.66.71.0                                    
  pam-plugin-warn.corei7_64 1.3.0-r5.66.71.0                                    
  python-core.corei7_64 2.7.12-r1.65.71.0                                       
  python-lang.corei7_64 2.7.12-r1.65.71.0                                       
  python-re.corei7_64 2.7.12-r1.65.71.0                                         
  shadow.corei7_64 4.2.1-r0.1.68.71.0                                           
  shadow-base.corei7_64 4.2.1-r0.1.68.71.0                                      
  shadow-securetty.wrlsdk_x86 4.2.1-r3.55                                       
  systemd-container.corei7_64 1:230+git0+3a74d4fc90-r0.85.71.0                  
  systemd-serialgetty.wrlsdk_x86 1.0-r5.65                                      
  udev.corei7_64 1:230+git0+3a74d4fc90-r0.85.71.0                               
  update-rc.d.noarch 0.7-r5.55                                                  
  util-linux-agetty.corei7_64 2.28.1-r0.3.67.71.0                               
  util-linux-mount.corei7_64 2.28.1-r0.3.67.71.0                                
  util-linux-sulogin.corei7_64 2.28.1-r0.3.67.71.0                              
  volatile-binds.noarch 1.0-r0.55                                               

Complete!
====================================================
=== File: /var/log/_xr_bootstrap_dnf_install_all_pkgs.log_os_phase ===
Command: dnf install  -y --installroot /mnt/disk/ --disableplugin=xrcert,xrops,local -- acl at attr audit base-files base-passwd base-passwd-update bash bash-completion bash-completion-extra bind binutils bridge-utils busybox bzip2 ca-certificates cbt ccore cgroups-pam-plugin cisco-grub cisco-initscripts-systemd coreutils cpio cracklib createrepo-c cronie cryptodev-linux cryptsetup curl db db-bin dbus-1 debianutils debianutils-run-parts dhcp-client dhcp-lib dhcp-server dhcp-server-config diffutils dmidecode dnf dnf-bash-completion dnf-plugins-core dnsmasq dosfstools dpkg-start-stop e2fsprogs e2fsprogs-badblocks e2fsprogs-e2fsck e2fsprogs-mke2fs e2fsprogs-resize2fs e2fsprogs-tune2fs efibootmgr efitools efivar elfutils ethtool expect fbset file findutils flex fuse-utils fuser gawk gettext-runtime gflags glibc-gconv glibc-gconv-ibm850 gnupg gpgme grep grpc grub-common grub-editenv gzip hdparm i2c-tools ima-evm-utils ima-evm-utils-evmctl.static initscripts initscripts-functions initscripts-sushell inotify-tools iproute2 iproute2-ss iptables iputils iputils-arping iputils-clockdiff iputils-ping iputils-ping6 iputils-tracepath iputils-tracepath6 iputils-traceroute6 iw kexec keyutils killall kmod kmod-bash-completion ldd less libacl1 libaio1 libarchive libasm1 libassuan0 libattr1 libavahi-client3 libavahi-common3 libblkid1 libbpf libbz2-1 libc6 libc6-pcprofile libc6-thread-db libc6-utils libcap-bin libcap-ng0 libcap2 libcares-utils libcares2 libcgroup libcheck libcidn1 libcom-err2 libcomps0.1.8 libcrypto1.0.0 libcurl4 libcyaml1 libdbus-1-3 libdevmapper libdnf1 libdw1 libe2p2 libelf1 libevent libexpat1 libext2fs2 libfdisk1 libffi6 libfreetype6 libfuse2 libgcc1 libgcrypt libgdbm-bin libgdbm4 libglib-2.0-0 libgmp10 libgnutls30 libgomp1 libgpg-error0 libhiredis0.14 libidn11 libitm1 libjansson4 libkmod2 libksba8 libltdl7 liblzma5 liblzo2-2 libmemusage libmnl0 libmount1 libncurses5 libncursesw5 libnftnl4 libnih libnl-3-200 libnl-genl-3-200 libnl-nf-3-200 libnl-route-3-200 libnpth0 libpam libpam-runtime libpanel5 libpanelw5 libpcap1 libpci3 libpciaccess0 libpcre1 libpcreposix0 libperl5 libpopt0 libprotobuf-c-compiler libprotobuf-c1 libprotobuf-compiler libprotobuf-lite22 libprotobuf22 libpython2.7-1.0 libpython3.7m1.0 librabbitmq4 libreadline6 librepo0 libseccomp libsegfault libselinux-bin libselinux-python libselinux1 libsemanage-python libsemanage1 libsensors4 libsepol1 libsmartcols1 libsodium13 libsolv0 libsolvext0 libsotruss libsqlite3-0 libss2 libssh2-1 libssl1.0.0 libssp0 libstdc++6 libsysfs2 libsystemd0 libtcl8.6-0 libtic5 libticw5 libtinfo5 libtirpc3 libudev1 libudrv libuio0 libulockmgr1 libunwind libusb-1.0-0 libustr-1.0-1 libuuid1 libwrap0 libx11-6 libxau6 libxcb1 libxdmcp6 libxml2 libxml2-python libxslt libyajl2 libyaml-0-2 libyaml-0-dev libz1 linux-hardening lmsensors-fancontrol lmsensors-isatools lmsensors-pwmconfig lmsensors-sensors logrotate lsof lvm2 lvm2-udevrules lxc lz4 m4 makedumpfile mdadm mingetty mktemp mmc-utils mtd-utils mtd-utils-jffs2 mtd-utils-misc mtd-utils-ubifs mtools ncurses ncurses-terminfo ncurses-terminfo-base ncurses-tools net-tools netbase netcat nettle nftables nspr nss nvme-cli openssh openssh-keygen openssh-scp openssh-sftp-server openssh-ssh openssh-sshd openssl openssl-conf openssl-engines openssl-misc opkg-utils os-release packagegroup-core-boot pam-filter-upperlower pam-plugin-access pam-plugin-chroot pam-plugin-console pam-plugin-cracklib pam-plugin-debug pam-plugin-deny pam-plugin-echo pam-plugin-env pam-plugin-exec pam-plugin-faildelay pam-plugin-filter pam-plugin-ftp pam-plugin-group pam-plugin-issue pam-plugin-keyinit pam-plugin-lastlog pam-plugin-limits pam-plugin-listfile pam-plugin-localuser pam-plugin-loginuid pam-plugin-mail pam-plugin-mkhomedir pam-plugin-motd pam-plugin-namespace pam-plugin-nologin pam-plugin-permit pam-plugin-postgresok pam-plugin-pwhistory pam-plugin-rhosts pam-plugin-rootok pam-plugin-securetty pam-plugin-selinux pam-plugin-shells pam-plugin-stress pam-plugin-succeed-if pam-plugin-tally pam-plugin-tally2 pam-plugin-time pam-plugin-timestamp pam-plugin-umask pam-plugin-unix pam-plugin-warn pam-plugin-wheel pam-plugin-xauth parted pciutils pciutils-ids perf perl perl-module-b perl-module-b-deparse perl-module-base perl-module-bytes perl-module-bytes-heavy perl-module-carp perl-module-carp-clan perl-module-common-sense perl-module-compress-raw-zlib perl-module-compress-zlib perl-module-constant perl-module-cwd perl-module-data-dumper perl-module-date-calc perl-module-dynaloader perl-module-encode perl-module-encode-alias perl-module-encode-config perl-module-encode-configlocal-pm perl-module-encode-encoding perl-module-encode-mime-name perl-module-errno perl-module-expect perl-module-exporter perl-module-exporter-heavy perl-module-fcntl perl-module-feature perl-module-file-basename perl-module-file-copy perl-module-file-glob perl-module-file-globmapper perl-module-file-spec perl-module-file-spec-unix perl-module-getopt-long perl-module-getopt-std perl-module-integer perl-module-io perl-module-io-compress-adapter-deflate perl-module-io-compress-base perl-module-io-compress-base-common perl-module-io-compress-gzip perl-module-io-compress-gzip-constants perl-module-io-compress-rawdeflate perl-module-io-compress-zlib-extra perl-module-io-file perl-module-io-handle perl-module-io-seekable perl-module-io-tty perl-module-io-uncompress-adapter-inflate perl-module-io-uncompress-base perl-module-io-uncompress-gunzip perl-module-io-uncompress-rawinflate perl-module-json-pp perl-module-lib perl-module-linux-inotify2 perl-module-list-util perl-module-logfile-rotate perl-module-math-bigfloat perl-module-math-bigint perl-module-math-bigint-calc perl-module-mro perl-module-overload perl-module-overload-numbers perl-module-overloading perl-module-pod-usage perl-module-posix perl-module-re perl-module-scalar-util perl-module-selectsaver perl-module-subs perl-module-symbol perl-module-term-cap perl-module-text-parsewords perl-module-tie-hash perl-module-time-hires perl-module-utf8 perl-module-utf8-heavy perl-module-xsloader perl-module-zmq-constants perl-module-zmq-libzmq3 policycoreutils policycoreutils-audit2allow policycoreutils-fixfiles policycoreutils-hll policycoreutils-python policycoreutils-secon policycoreutils-semanage policycoreutils-semodule policycoreutils-sestatus policycoreutils-setfiles procps psmisc pstree python-2to3 python-argparse python-audio python-codecs python-compile python-compression python-contextlib python-core python-crypt python-ctypes python-curses python-datetime python-debugger python-decorator python-difflib python-distutils python-doctest python-ecdsa python-email python-enum34 python-fcntl python-html python-image python-importlib python-io python-ipy python-json python-lang python-logging python-lxml python-math python-mime python-ncclient python-netclient python-netserver python-networkx python-numbers python-paramiko python-pickle python-pkgutil python-plistlib python-pprint python-pycrypto python-re python-readline python-selectors2 python-setuptools python-shell python-six python-smtpd python-stringold python-subprocess python-syslog python-textutils python-threading python-unittest python-unixadmin python-xml python-xmldiff python-zlib python3-argparse python3-asyncio python3-audio python3-codecs python3-compile python3-compression python3-core python3-crypt python3-ctypes python3-curses python3-datetime python3-debugger python3-dev python3-difflib python3-distutils python3-email python3-enum python3-fcntl python3-gpg python3-html python3-image python3-importlib python3-iniparse python3-io python3-json python3-lang python3-libs python3-logging python3-math python3-mime python3-misc python3-mmap python3-multiprocessing python3-netclient python3-netserver python3-numbers python3-pickle python3-pkgutil python3-pprint python3-prctl python3-prettytable python3-pydoc python3-pygpgme python3-pyyaml python3-re python3-readline python3-reprlib python3-rpm python3-selectors python3-shell python3-signal python3-six python3-smtpd python3-sqlite3 python3-stringold python3-subprocess python3-syslog python3-textutils python3-threading python3-typing python3-unixadmin python3-venv python3-xml python3-xmlrpc quota rpm rsync run-postinsts sdparm sed sepolgen setools setserial sg3-utils shadow shadow-base shadow-securetty slang smartmontools sqlite3 sshfs-fuse strace sudo sysfsutils sysklogd sysstat systemd systemd-analyze systemd-bash-completion systemd-compat-units systemd-container systemd-initramfs systemd-kernel-install systemd-serialgetty tar tcl tcp-wrappers tcpdump thin-provisioning-tools time tree tunctl tzcode tzdata tzdata-africa tzdata-americas tzdata-antarctica tzdata-arctic tzdata-asia tzdata-atlantic tzdata-australia tzdata-core tzdata-europe tzdata-misc tzdata-pacific tzdata-posix tzdata-right udev udev-hwdb unionfs-fuse unzip update-alternatives-opkg update-rc.d usbutils usleep util-linux util-linux-agetty util-linux-bash-completion util-linux-blkid util-linux-cfdisk util-linux-fdisk util-linux-findfs util-linux-fsck util-linux-fsck.cramfs util-linux-fstrim util-linux-getopt util-linux-hwclock util-linux-losetup util-linux-lscpu util-linux-mcookie util-linux-mkfs util-linux-mkfs.cramfs util-linux-mount util-linux-mountpoint util-linux-partx util-linux-prlimit util-linux-readprofile util-linux-reset util-linux-runuser util-linux-sfdisk util-linux-sulogin util-linux-swaponoff util-linux-umount util-linux-uuidd util-linux-uuidgen vim vim-common vmcore-dmesg volatile-binds wget which wr-init xr-identifier xr-identifier-xrd-cp-c-01 xz zeromq zip zstd
Description: Install main software
Last metadata expiration check: 0:00:56 ago on Thu Jun 29 04:54:53 2023.
Package audit-2.7-r0.66.71.0.corei7_64 is already installed, skipping.
Package base-files-3.0.14-r89.56.wrlsdk_x86 is already installed, skipping.
Package base-passwd-3.5.29-r0.1.65.corei7_64 is already installed, skipping.
Package busybox-1.24.1-r0.1.67.71.0.corei7_64 is already installed, skipping.
Package dbus-1-1.10.10-r0.85.71.0.corei7_64 is already installed, skipping.
Package ima-evm-utils-evmctl.static-1.0+git0+3e2a67bdb0-r0.64.corei7_64 is already installed, skipping.
Package initscripts-sushell-1.0-r155.3.57.corei7_64 is already installed, skipping.
Package kmod-23+git0+65a885df5f-r0.64.corei7_64 is already installed, skipping.
Package libacl1-2.2.52-r0.64.corei7_64 is already installed, skipping.
Package libattr1-2.4.47-r0.64.corei7_64 is already installed, skipping.
Package libblkid1-2.28.1-r0.3.67.71.0.corei7_64 is already installed, skipping.
Package libbz2-1-1.0.6-r5.64.corei7_64 is already installed, skipping.
Package libc6-2.24-r0.64.corei7_64 is already installed, skipping.
Package libcap-ng0-0.6.6-r2.65.71.0.corei7_64 is already installed, skipping.
Package libcap2-2.25-r0.66.71.0.corei7_64 is already installed, skipping.
Package libdbus-1-3-1.10.10-r0.85.71.0.corei7_64 is already installed, skipping.
Package libexpat1-2.2.0-r0.64.corei7_64 is already installed, skipping.
Package libgcc1-4.9.1-r0.64.corei7_64 is already installed, skipping.
Package libkmod2-23+git0+65a885df5f-r0.64.corei7_64 is already installed, skipping.
Package liblzma5-5.2.2-r0.64.corei7_64 is already installed, skipping.
Package libmount1-2.28.1-r0.3.67.71.0.corei7_64 is already installed, skipping.
Package libpam-1.3.0-r5.66.71.0.corei7_64 is already installed, skipping.
Package libpam-runtime-1.3.0-r5.66.71.0.corei7_64 is already installed, skipping.
Package libpcre1-8.39-r09.64.corei7_64 is already installed, skipping.
Package libpython2.7-1.0-2.7.12-r1.65.71.0.corei7_64 is already installed, skipping.
Package libselinux1-2.6-r0.65.71.0.corei7_64 is already installed, skipping.
Package libsemanage1-2.6-r0.66.71.0.corei7_64 is already installed, skipping.
Package libsepol1-2.6-r0.64.corei7_64 is already installed, skipping.
Package libsystemd0-1:230+git0+3a74d4fc90-r0.85.71.0.corei7_64 is already installed, skipping.
Package libustr-1.0-1-1.0.4-r2.64.corei7_64 is already installed, skipping.
Package libuuid1-2.28.1-r0.3.67.71.0.corei7_64 is already installed, skipping.
Package libx11-6-1:1.6.3-r0.12.corei7_64 is already installed, skipping.
Package libxau6-1:1.0.8-r0.12.corei7_64 is already installed, skipping.
Package libxcb1-1.12-r0.1.12.corei7_64 is already installed, skipping.
Package libxdmcp6-1:1.1.2-r0.12.corei7_64 is already installed, skipping.
Package libz1-1.2.11-r0.59.corei7_64 is already installed, skipping.
Package pam-plugin-deny-1.3.0-r5.66.71.0.corei7_64 is already installed, skipping.
Package pam-plugin-env-1.3.0-r5.66.71.0.corei7_64 is already installed, skipping.
Package pam-plugin-faildelay-1.3.0-r5.66.71.0.corei7_64 is already installed, skipping.
Package pam-plugin-group-1.3.0-r5.66.71.0.corei7_64 is already installed, skipping.
Package pam-plugin-lastlog-1.3.0-r5.66.71.0.corei7_64 is already installed, skipping.
Package pam-plugin-limits-1.3.0-r5.66.71.0.corei7_64 is already installed, skipping.
Package pam-plugin-mail-1.3.0-r5.66.71.0.corei7_64 is already installed, skipping.
Package pam-plugin-motd-1.3.0-r5.66.71.0.corei7_64 is already installed, skipping.
Package pam-plugin-nologin-1.3.0-r5.66.71.0.corei7_64 is already installed, skipping.
Package pam-plugin-permit-1.3.0-r5.66.71.0.corei7_64 is already installed, skipping.
Package pam-plugin-rootok-1.3.0-r5.66.71.0.corei7_64 is already installed, skipping.
Package pam-plugin-securetty-1.3.0-r5.66.71.0.corei7_64 is already installed, skipping.
Package pam-plugin-selinux-1.3.0-r5.66.71.0.corei7_64 is already installed, skipping.
Package pam-plugin-shells-1.3.0-r5.66.71.0.corei7_64 is already installed, skipping.
Package pam-plugin-unix-1.3.0-r5.66.71.0.corei7_64 is already installed, skipping.
Package pam-plugin-warn-1.3.0-r5.66.71.0.corei7_64 is already installed, skipping.
Package python-core-2.7.12-r1.65.71.0.corei7_64 is already installed, skipping.
Package python-lang-2.7.12-r1.65.71.0.corei7_64 is already installed, skipping.
Package python-re-2.7.12-r1.65.71.0.corei7_64 is already installed, skipping.
Package shadow-4.2.1-r0.1.68.71.0.corei7_64 is already installed, skipping.
Package shadow-base-4.2.1-r0.1.68.71.0.corei7_64 is already installed, skipping.
Package shadow-securetty-4.2.1-r3.55.wrlsdk_x86 is already installed, skipping.
Package systemd-1:230+git0+3a74d4fc90-r0.85.71.0.corei7_64 is already installed, skipping.
Package systemd-container-1:230+git0+3a74d4fc90-r0.85.71.0.corei7_64 is already installed, skipping.
Package systemd-serialgetty-1.0-r5.65.wrlsdk_x86 is already installed, skipping.
Package udev-1:230+git0+3a74d4fc90-r0.85.71.0.corei7_64 is already installed, skipping.
Package update-alternatives-opkg-0.3.2+git0+3ffece9bf1-r0.64.corei7_64 is already installed, skipping.
Package update-rc.d-0.7-r5.55.noarch is already installed, skipping.
Package util-linux-agetty-2.28.1-r0.3.67.71.0.corei7_64 is already installed, skipping.
Package util-linux-mount-2.28.1-r0.3.67.71.0.corei7_64 is already installed, skipping.
Package util-linux-sulogin-2.28.1-r0.3.67.71.0.corei7_64 is already installed, skipping.
Package volatile-binds-1.0-r0.55.noarch is already installed, skipping.
Package xr-identifier-7.9.2v1.0.0-1.x86_64 is already installed, skipping.
Package xr-identifier-xrd-cp-c-01-7.9.2v1.0.0-1.x86_64 is already installed, skipping.
Dependencies resolved.
================================================================================
 Package            Arch       Version             Repository              Size
================================================================================
Installing:
 acl                corei7_64  2.2.52-r0.64        iosxr_install_internal  40 k
 at                 corei7_64  3.1.20-r0.66.71.0   iosxr_install_internal  52 k
 attr               corei7_64  2.4.47-r0.64        iosxr_install_internal  28 k
 base-passwd-update corei7_64  3.5.29-r0.1.65      iosxr_install_internal  23 k
 bash               corei7_64  4.3.30-r0.65        iosxr_install_internal 503 k
 bash-completion    corei7_64  2.4-r0.64           iosxr_install_internal  33 k
 bash-completion-extra
                    corei7_64  2.4-r0.64           iosxr_install_internal 595 k
 bind               corei7_64  9.11.6+P1-r0.3.60.71.0
                                                   iosxr_install_internal 2.0 M
 binutils           corei7_64  2.24-r0.64          iosxr_install_internal 1.6 M
 bridge-utils       corei7_64  1.5-r0.64           iosxr_install_internal  24 k
 bzip2              corei7_64  1.0.6-r5.64         iosxr_install_internal  40 k
 ca-certificates    noarch     20210119-r0.20      iosxr_install_internal 232 k
 cbt                corei7_64  1.0-r4.67           iosxr_install_internal  24 k
 ccore              corei7_64  1.0-r4.68           iosxr_install_internal  30 k
 cgroups-pam-plugin corei7_64  0.41-r0.3.66.71.0   iosxr_install_internal  14 k
 cisco-grub         corei7_64  1.0-r0.96           iosxr_install_internal 1.6 M
 cisco-initscripts-systemd
                    wrlsdk_x86 0.1-r0.66           iosxr_install_internal  12 k
 coreutils          corei7_64  8.25-r0.66.71.0     iosxr_install_internal 3.1 M
 cpio               corei7_64  2.12-r0.64          iosxr_install_internal  89 k
 cracklib           corei7_64  2.9.5-r0.64         iosxr_install_internal 289 k
 createrepo-c       corei7_64  0.10.0+git0+748891ff8e-r0.91.71.0
                                                   iosxr_install_internal 172 k
 cronie             corei7_64  1.5.1-r0.2.67.71.0  iosxr_install_internal  78 k
 cryptodev-linux    corei7_64  1.8-r0.64           iosxr_install_internal 5.5 k
 cryptsetup         corei7_64  1.7.2-r0.58.71.0    iosxr_install_internal 131 k
 curl               corei7_64  7.50.1-r0.66        iosxr_install_internal 120 k
 db                 corei7_64  6.1.38-r1.26        iosxr_install_internal 613 k
 db-bin             corei7_64  6.1.38-r1.26        iosxr_install_internal  84 k
 debianutils        corei7_64  4.8-r0.64           iosxr_install_internal  28 k
 debianutils-run-parts
                    corei7_64  4.8-r0.64           iosxr_install_internal  19 k
 dhcp-client        corei7_64  4.3.4-r0.70.71.0    iosxr_install_internal 211 k
 dhcp-lib           corei7_64  4.3.4-r0.70.71.0    iosxr_install_internal  73 k
 dhcp-server        corei7_64  4.3.4-r0.70.71.0    iosxr_install_internal 331 k
 dhcp-server-config corei7_64  4.3.4-r0.70.71.0    iosxr_install_internal  13 k
 diffutils          corei7_64  3.4-r0.64           iosxr_install_internal 207 k
 dmidecode          corei7_64  3.2-r0.49           iosxr_install_internal  72 k
 dnf                corei7_64  2.7.5-r0.96.71.0    iosxr_install_internal 605 k
 dnf-bash-completion
                    corei7_64  2.7.5-r0.96.71.0    iosxr_install_internal  12 k
 dnf-plugins-core   corei7_64  2.1.5+git0+8d1f1758be-r0.69.71.0
                                                   iosxr_install_internal 102 k
 dnsmasq            corei7_64  2.76-r0.64          iosxr_install_internal 182 k
 dosfstools         corei7_64  4.0-r0.64           iosxr_install_internal  85 k
 dpkg-start-stop    corei7_64  1.18.7-r0.64        iosxr_install_internal  24 k
 e2fsprogs          corei7_64  1.43-r1.67.71.0     iosxr_install_internal 185 k
 e2fsprogs-badblocks
                    corei7_64  1.43-r1.67.71.0     iosxr_install_internal  23 k
 e2fsprogs-e2fsck   corei7_64  1.43-r1.67.71.0     iosxr_install_internal 149 k
 e2fsprogs-mke2fs   corei7_64  1.43-r1.67.71.0     iosxr_install_internal  72 k
 e2fsprogs-resize2fs
                    corei7_64  1.43-r1.67.71.0     iosxr_install_internal  37 k
 e2fsprogs-tune2fs  corei7_64  1.43-r1.67.71.0     iosxr_install_internal  58 k
 efibootmgr         corei7_64  0.12-r0.87.71.0     iosxr_install_internal  26 k
 efitools           corei7_64  1.7.0+git0+791e4639ee-r0.76
                                                   iosxr_install_internal 150 k
 efivar             corei7_64  0.24-r0.64          iosxr_install_internal  71 k
 elfutils           corei7_64  0.166-r0.64         iosxr_install_internal 171 k
 ethtool            corei7_64  4.6-r0.64           iosxr_install_internal 117 k
 expect             corei7_64  5.45-r1.65          iosxr_install_internal 283 k
 fbset              corei7_64  2.1-r4.65           iosxr_install_internal  27 k
 file               corei7_64  5.28-r0.64          iosxr_install_internal 310 k
 findutils          corei7_64  4.6.0-r0.65.71.0    iosxr_install_internal 307 k
 flex               corei7_64  2.6.0-r0.64         iosxr_install_internal 160 k
 fuse-utils         corei7_64  2.9.4-r0.64         iosxr_install_internal  33 k
 fuser              corei7_64  22.21-r0.2.65.71.0  iosxr_install_internal  28 k
 gawk               corei7_64  4.1.3-r0.64         iosxr_install_internal 397 k
 gettext-runtime    corei7_64  0.19.8.1-r0.64      iosxr_install_internal  73 k
 gflags             corei7_64  2.2.2-r0.50         iosxr_install_internal 128 k
 glibc-gconv        corei7_64  2.24-r0.64          iosxr_install_internal  19 k
 glibc-gconv-ibm850 corei7_64  2.24-r0.64          iosxr_install_internal  15 k
 gnupg              corei7_64  2.1.14-r0.67.71.0   iosxr_install_internal 1.8 M
 gpgme              corei7_64  1.10.0-r0.69.71.0   iosxr_install_internal 165 k
 grep               corei7_64  2.25-r0.64          iosxr_install_internal 137 k
 grpc               corei7_64  1.14.1-r0.47        iosxr_install_internal 2.7 M
 grub-common        corei7_64  2.02-r0.65          iosxr_install_internal 3.9 M
 grub-editenv       corei7_64  2.02-r0.65          iosxr_install_internal  58 k
 gzip               corei7_64  1.8-r0.64           iosxr_install_internal  80 k
 hdparm             corei7_64  9.56-r0.64          iosxr_install_internal  69 k
 i2c-tools          corei7_64  3.1.2-r0.64         iosxr_install_internal  50 k
 ima-evm-utils      corei7_64  1.0+git0+3e2a67bdb0-r0.64
                                                   iosxr_install_internal  38 k
 initscripts        corei7_64  1.0-r155.3.57       iosxr_install_internal  58 k
 initscripts-functions
                    corei7_64  1.0-r155.3.57       iosxr_install_internal  13 k
 inotify-tools      corei7_64  3.14-r0.64          iosxr_install_internal  44 k
 iproute2           corei7_64  4.7.0-r0.66.71.0    iosxr_install_internal 264 k
 iproute2-ss        corei7_64  4.7.0-r0.66.71.0    iosxr_install_internal  61 k
 iptables           corei7_64  1.6.0-r0.64         iosxr_install_internal 430 k
 iputils-arping     corei7_64  s20151218-r0.67.71.0
                                                   iosxr_install_internal  19 k
 iputils-clockdiff  corei7_64  s20151218-r0.67.71.0
                                                   iosxr_install_internal  17 k
 iputils-ping       corei7_64  s20151218-r0.67.71.0
                                                   iosxr_install_internal  32 k
 iputils-ping6      corei7_64  s20151218-r0.67.71.0
                                                   iosxr_install_internal  34 k
 iputils            corei7_64  s20151218-r0.67.71.0
                                                   iosxr_install_internal 5.7 k
 iputils-tracepath  corei7_64  s20151218-r0.67.71.0
                                                   iosxr_install_internal  16 k
 iputils-tracepath6 corei7_64  s20151218-r0.67.71.0
                                                   iosxr_install_internal  17 k
 iputils-traceroute6
                    corei7_64  s20151218-r0.67.71.0
                                                   iosxr_install_internal  18 k
 iw                 corei7_64  4.7-r0.65           iosxr_install_internal  83 k
 kexec              corei7_64  2.0.17-r0.47        iosxr_install_internal  78 k
 keyutils           corei7_64  1.5.9-r1.64         iosxr_install_internal  48 k
 killall            corei7_64  22.21-r0.2.65.71.0  iosxr_install_internal  22 k
 kmod-bash-completion
                    corei7_64  23+git0+65a885df5f-r0.64
                                                   iosxr_install_internal  12 k
 ldd                corei7_64  2.24-r0.64          iosxr_install_internal  13 k
 less               corei7_64  481-r0.64           iosxr_install_internal  96 k
 libaio1            corei7_64  0.3.110-r0.64       iosxr_install_internal  14 k
 libarchive         corei7_64  3.2.2-r0.66.71.0    iosxr_install_internal 373 k
 libasm1            corei7_64  0.166-r0.64         iosxr_install_internal  26 k
 libassuan0         corei7_64  2.4.3-r0.64         iosxr_install_internal  46 k
 libavahi-client3   corei7_64  0.6.32-r0.87.71.0   iosxr_install_internal  40 k
 libavahi-common3   corei7_64  0.6.32-r0.87.71.0   iosxr_install_internal  33 k
 libbpf             corei7_64  4.8.28-r0.207.71.0  iosxr_install_internal  22 k
 libc6-pcprofile    corei7_64  2.24-r0.64          iosxr_install_internal  15 k
 libc6-thread-db    corei7_64  2.24-r0.64          iosxr_install_internal  73 k
 libc6-utils        corei7_64  2.24-r0.64          iosxr_install_internal 452 k
 libcap-bin         corei7_64  2.25-r0.66.71.0     iosxr_install_internal  26 k
 libcares-utils     corei7_64  1.15.0+gitr0+e982924ace-r0.50
                                                   iosxr_install_internal  31 k
 libcares2          corei7_64  1.15.0+gitr0+e982924ace-r0.50
                                                   iosxr_install_internal  50 k
 libcgroup          corei7_64  0.41-r0.3.66.71.0   iosxr_install_internal 113 k
 libcheck           corei7_64  0.10.0-r0.64        iosxr_install_internal  33 k
 libcidn1           corei7_64  2.24-r0.64          iosxr_install_internal  95 k
 libcom-err2        corei7_64  1.43-r1.67.71.0     iosxr_install_internal  17 k
 libcomps0.1.8      corei7_64  0.1.8+git0+01a4759894-r0.70.71.0
                                                   iosxr_install_internal 122 k
 libcrypto1.0.0     corei7_64  1.0.2j-r0.64        iosxr_install_internal 1.0 M
 libcurl4           corei7_64  7.50.1-r0.66        iosxr_install_internal 175 k
 libcyaml1          corei7_64  1.1-r0.50           iosxr_install_internal  29 k
 libdevmapper       corei7_64  2.02.180-r0.52.71.0 iosxr_install_internal 227 k
 libdnf1            corei7_64  0.11.1-r0.91.71.0   iosxr_install_internal 186 k
 libdw1             corei7_64  0.166-r0.64         iosxr_install_internal 278 k
 libe2p2            corei7_64  1.43-r1.67.71.0     iosxr_install_internal  24 k
 libelf1            corei7_64  0.166-r0.64         iosxr_install_internal  56 k
 libevent           corei7_64  2.1.8-r0.64         iosxr_install_internal 338 k
 libext2fs2         corei7_64  1.43-r1.67.71.0     iosxr_install_internal 171 k
 libfdisk1          corei7_64  2.28.1-r0.3.67.71.0 iosxr_install_internal 168 k
 libffi6            corei7_64  3.2.1-r0.64         iosxr_install_internal  27 k
 libfreetype6       corei7_64  2.6.5-r0.64         iosxr_install_internal 322 k
 libfuse2           corei7_64  2.9.4-r0.64         iosxr_install_internal  88 k
 libgcrypt          corei7_64  1.7.3-r0.66.71.0    iosxr_install_internal 452 k
 libgdbm-bin        corei7_64  1.12-r0.64          iosxr_install_internal  65 k
 libgdbm4           corei7_64  1.12-r0.64          iosxr_install_internal  33 k
 libglib-2.0-0      corei7_64  1:2.48.2-r0.68.71.0 iosxr_install_internal 1.2 M
 libgmp10           corei7_64  6.1.1-r0.64         iosxr_install_internal 259 k
 libgnutls30        corei7_64  3.5.3-r0.65         iosxr_install_internal 592 k
 libgomp1           corei7_64  4.9.1-r0.64         iosxr_install_internal  51 k
 libgpg-error0      corei7_64  1.24-r0.64          iosxr_install_internal  44 k
 libhiredis0.14     corei7_64  0.14.0-r0.45.71.0   iosxr_install_internal  39 k
 libidn11           corei7_64  1.33-r0.64          iosxr_install_internal  75 k
 libitm1            corei7_64  4.9.1-r0.64         iosxr_install_internal  47 k
 libjansson4        corei7_64  2.9-r0.57           iosxr_install_internal  35 k
 libksba8           corei7_64  1.3.4-r0.64         iosxr_install_internal 105 k
 libltdl7           corei7_64  2.4.6-r0.64         iosxr_install_internal  28 k
 liblzo2-2          corei7_64  2.09-r0.64          iosxr_install_internal  59 k
 libmemusage        corei7_64  2.24-r0.64          iosxr_install_internal  28 k
 libmnl0            corei7_64  1.0.4-r0.64         iosxr_install_internal  20 k
 libncurses5        corei7_64  6.0+20160625-r0.64  iosxr_install_internal  84 k
 libncursesw5       corei7_64  6.0+20160625-r0.64  iosxr_install_internal 110 k
 libnftnl4          corei7_64  1.0.6-r0.64         iosxr_install_internal  67 k
 libnih             corei7_64  1.0.3-r2.86.71.0    iosxr_install_internal 143 k
 libnl-3-200        corei7_64  1:3.2.28-r0.64      iosxr_install_internal  70 k
 libnl-genl-3-200   corei7_64  1:3.2.28-r0.64      iosxr_install_internal  22 k
 libnl-nf-3-200     corei7_64  1:3.2.28-r0.64      iosxr_install_internal  47 k
 libnl-route-3-200  corei7_64  1:3.2.28-r0.64      iosxr_install_internal 174 k
 libnpth0           corei7_64  1.2-r0.64           iosxr_install_internal  17 k
 libpanel5          corei7_64  6.0+20160625-r0.64  iosxr_install_internal  16 k
 libpanelw5         corei7_64  6.0+20160625-r0.64  iosxr_install_internal  16 k
 libpcap1           corei7_64  1.7.4-r0.64         iosxr_install_internal 128 k
 libpci3            corei7_64  3.5.1-r0.87.71.0    iosxr_install_internal  36 k
 libpciaccess0      corei7_64  0.13.4-r0.64        iosxr_install_internal  27 k
 libpcreposix0      corei7_64  8.39-r09.64         iosxr_install_internal  15 k
 libperl5           corei7_64  5.22.1-r0.64        iosxr_install_internal 876 k
 libpopt0           corei7_64  1.16-r3.64          iosxr_install_internal  35 k
 libprotobuf-c-compiler
                    corei7_64  1.3.3-r0.51         iosxr_install_internal  96 k
 libprotobuf-c1     corei7_64  1.3.3-r0.51         iosxr_install_internal  29 k
 libprotobuf-compiler
                    corei7_64  3.11.3-r0.51        iosxr_install_internal 1.1 M
 libprotobuf-lite22 corei7_64  3.11.3-r0.51        iosxr_install_internal 237 k
 libprotobuf22      corei7_64  3.11.3-r0.51        iosxr_install_internal 1.1 M
 libpython3.7m1.0   corei7_64  3.7.6-r0.56.71.0    iosxr_install_internal 1.1 M
 librabbitmq4       corei7_64  0.10.0-r0.28        iosxr_install_internal  48 k
 libreadline6       corei7_64  6.3-r0.64           iosxr_install_internal 152 k
 librepo0           corei7_64  1.7.20+git0+e1137cbbda-r0.73.71.0
                                                   iosxr_install_internal 124 k
 libseccomp         corei7_64  2.3.1+git0+937e774d8c-r0.64
                                                   iosxr_install_internal 137 k
 libsegfault        corei7_64  2.24-r0.64          iosxr_install_internal  32 k
 libselinux-bin     corei7_64  2.6-r0.65.71.0      iosxr_install_internal 101 k
 libselinux-python  corei7_64  2.6-r0.65.71.0      iosxr_install_internal 197 k
 libsemanage-python corei7_64  2.6-r0.66.71.0      iosxr_install_internal  88 k
 libsensors4        corei7_64  3.4.0-r0.87.71.0    iosxr_install_internal  38 k
 libsmartcols1      corei7_64  2.28.1-r0.3.67.71.0 iosxr_install_internal  78 k
 libsodium13        corei7_64  1.0.1-r0.65         iosxr_install_internal 162 k
 libsolv0           corei7_64  0.6.33-r0.88.71.0   iosxr_install_internal 296 k
 libsolvext0        corei7_64  0.6.33-r0.88.71.0   iosxr_install_internal  83 k
 libsotruss         corei7_64  2.24-r0.64          iosxr_install_internal  25 k
 libsqlite3-0       corei7_64  3:3.14.1-r0.64      iosxr_install_internal 446 k
 libss2             corei7_64  1.43-r1.67.71.0     iosxr_install_internal  22 k
 libssh2-1          corei7_64  1.7.0-r0.67         iosxr_install_internal  90 k
 libssl1.0.0        corei7_64  1.0.2j-r0.64        iosxr_install_internal 180 k
 libssp0            corei7_64  4.9.1-r0.64         iosxr_install_internal  15 k
 libstdc++6         corei7_64  4.9.1-r0.64         iosxr_install_internal 319 k
 libsysfs2          corei7_64  2.1.0-r5.64         iosxr_install_internal  27 k
 libtcl8.6-0        corei7_64  8.6.6-r0.65         iosxr_install_internal 771 k
 libtic5            corei7_64  6.0+20160625-r0.64  iosxr_install_internal  39 k
 libticw5           corei7_64  6.0+20160625-r0.64  iosxr_install_internal  39 k
 libtinfo5          corei7_64  6.0+20160625-r0.64  iosxr_install_internal  74 k
 libtirpc3          corei7_64  1.0.1-r0.64         iosxr_install_internal  86 k
 libudev1           corei7_64  1:230+git0+3a74d4fc90-r0.85.71.0
                                                   iosxr_install_internal  66 k
 libudrv            corei7_64  0.1-r2.226.71.0     iosxr_install_internal 269 k
 libuio0            corei7_64  1.0-r2.64           iosxr_install_internal  17 k
 libulockmgr1       corei7_64  2.9.4-r0.64         iosxr_install_internal  16 k
 libunwind          corei7_64  1.1+git0+bc8698fd7e-r0.64
                                                   iosxr_install_internal  82 k
 libusb-1.0-0       corei7_64  1.0.20-r0.64        iosxr_install_internal  56 k
 libwrap0           corei7_64  7.6-r10.64          iosxr_install_internal  27 k
 libxml2            corei7_64  2.9.4-r0.66.71.0    iosxr_install_internal 649 k
 libxml2-python     corei7_64  2.9.4-r0.66.71.0    iosxr_install_internal 989 k
 libxslt            corei7_64  1.1.29-r0.66.71.0   iosxr_install_internal 152 k
 libyajl2           corei7_64  2.1.0-r0.64         iosxr_install_internal  27 k
 libyaml-0-2        corei7_64  0.1.7-r0.64         iosxr_install_internal  61 k
 libyaml-0-dev      corei7_64  0.1.7-r0.64         iosxr_install_internal  21 k
 linux-hardening    corei7_64  1.0-r0.55           iosxr_install_internal  14 k
 lmsensors-fancontrol
                    corei7_64  3.4.0-r0.87.71.0    iosxr_install_internal  14 k
 lmsensors-isatools corei7_64  3.4.0-r0.87.71.0    iosxr_install_internal  19 k
 lmsensors-pwmconfig
                    corei7_64  3.4.0-r0.87.71.0    iosxr_install_internal  18 k
 lmsensors-sensors  corei7_64  3.4.0-r0.87.71.0    iosxr_install_internal  21 k
 logrotate          corei7_64  3.9.1-r0.67.71.0    iosxr_install_internal  45 k
 lsof               corei7_64  4.89-r0.2.65.71.0   iosxr_install_internal  92 k
 lvm2               corei7_64  2.02.180-r0.53.71.0 iosxr_install_internal 2.2 M
 lvm2-udevrules     corei7_64  2.02.180-r0.53.71.0 iosxr_install_internal  19 k
 lxc                corei7_64  2.0.8-r0.36.71.0    iosxr_install_internal 458 k
 lz4                corei7_64  131+git0+d86dc91677-r0.64
                                                   iosxr_install_internal 107 k
 m4                 corei7_64  1.4.17-r0.64        iosxr_install_internal 122 k
 makedumpfile       corei7_64  1.6.7-r0.47         iosxr_install_internal 189 k
 mdadm              corei7_64  git-r0.57           iosxr_install_internal 469 k
 mingetty           corei7_64  1.08-r3.64          iosxr_install_internal  17 k
 mktemp             corei7_64  1.7-r3.64           iosxr_install_internal  16 k
 mmc-utils          corei7_64  0.1-r0.7            iosxr_install_internal  49 k
 mtd-utils          corei7_64  1.5.2-r0.69.71.0    iosxr_install_internal 123 k
 mtd-utils-jffs2    corei7_64  1.5.2-r0.69.71.0    iosxr_install_internal  60 k
 mtd-utils-misc     corei7_64  1.5.2-r0.69.71.0    iosxr_install_internal  60 k
 mtd-utils-ubifs    corei7_64  1.5.2-r0.69.71.0    iosxr_install_internal 202 k
 mtools             corei7_64  4.0.18-r0.64        iosxr_install_internal 130 k
 ncurses            corei7_64  6.0+20160625-r0.64  iosxr_install_internal  27 k
 ncurses-terminfo   corei7_64  6.0+20160625-r0.64  iosxr_install_internal 2.2 M
 ncurses-terminfo-base
                    corei7_64  6.0+20160625-r0.64  iosxr_install_internal  28 k
 ncurses-tools      corei7_64  6.0+20160625-r0.64  iosxr_install_internal  86 k
 net-tools          corei7_64  1.60+26-r0.2.65.71.0
                                                   iosxr_install_internal 189 k
 netbase            corei7_64  1:5.3-r0.64         iosxr_install_internal  21 k
 netcat             corei7_64  0.7.1-r3.64.71.0    iosxr_install_internal  31 k
 nettle             corei7_64  3.2-r0.65           iosxr_install_internal 284 k
 nftables           corei7_64  0.6-r0.64           iosxr_install_internal 156 k
 nspr               corei7_64  4.29-r0.38          iosxr_install_internal 150 k
 nss                corei7_64  3.60-r0.39          iosxr_install_internal 4.7 M
 nvme-cli           corei7_64  1.12+git0+949d0aea73-r0.40.71.0
                                                   iosxr_install_internal 224 k
 openssh            corei7_64  7.3p1-r0.5.73.71.0  iosxr_install_internal 5.9 k
 openssh-keygen     corei7_64  7.3p1-r0.5.73.71.0  iosxr_install_internal 180 k
 openssh-scp        corei7_64  7.3p1-r0.5.73.71.0  iosxr_install_internal  51 k
 openssh-sftp-server
                    corei7_64  7.3p1-r0.5.73.71.0  iosxr_install_internal  52 k
 openssh-ssh        corei7_64  7.3p1-r0.5.73.71.0  iosxr_install_internal 323 k
 openssh-sshd       corei7_64  7.3p1-r0.5.73.71.0  iosxr_install_internal 370 k
 openssl            corei7_64  1.0.2j-r0.64        iosxr_install_internal 248 k
 openssl-conf       corei7_64  1.0.2j-r0.64        iosxr_install_internal  14 k
 openssl-engines    corei7_64  1.0.2j-r0.64        iosxr_install_internal 106 k
 openssl-misc       corei7_64  1.0.2j-r0.64        iosxr_install_internal  12 k
 opkg-utils         corei7_64  0.3.2+git0+3ffece9bf1-r0.64
                                                   iosxr_install_internal  38 k
 os-release         noarch     1.0-r0.55           iosxr_install_internal  10 k
 packagegroup-core-boot
                    wrlsdk_x86 1.0-r17.64          iosxr_install_internal 5.6 k
 pam-filter-upperlower
                    corei7_64  1.3.0-r5.66.71.0    iosxr_install_internal  14 k
 pam-plugin-access  corei7_64  1.3.0-r5.66.71.0    iosxr_install_internal  18 k
 pam-plugin-chroot  corei7_64  1.3.0-r5.66.71.0    iosxr_install_internal  14 k
 pam-plugin-console corei7_64  1.3.0-r5.66.71.0    iosxr_install_internal  34 k
 pam-plugin-cracklib
                    corei7_64  1.3.0-r5.66.71.0    iosxr_install_internal  18 k
 pam-plugin-debug   corei7_64  1.3.0-r5.66.71.0    iosxr_install_internal  14 k
 pam-plugin-echo    corei7_64  1.3.0-r5.66.71.0    iosxr_install_internal  14 k
 pam-plugin-exec    corei7_64  1.3.0-r5.66.71.0    iosxr_install_internal  17 k
 pam-plugin-filter  corei7_64  1.3.0-r5.66.71.0    iosxr_install_internal  16 k
 pam-plugin-ftp     corei7_64  1.3.0-r5.66.71.0    iosxr_install_internal  14 k
 pam-plugin-issue   corei7_64  1.3.0-r5.66.71.0    iosxr_install_internal  15 k
 pam-plugin-keyinit corei7_64  1.3.0-r5.66.71.0    iosxr_install_internal  14 k
 pam-plugin-listfile
                    corei7_64  1.3.0-r5.66.71.0    iosxr_install_internal  15 k
 pam-plugin-localuser
                    corei7_64  1.3.0-r5.66.71.0    iosxr_install_internal  13 k
 pam-plugin-loginuid
                    corei7_64  1.3.0-r5.66.71.0    iosxr_install_internal  14 k
 pam-plugin-mkhomedir
                    corei7_64  1.3.0-r5.66.71.0    iosxr_install_internal  18 k
 pam-plugin-namespace
                    corei7_64  1.3.0-r5.66.71.0    iosxr_install_internal  28 k
 pam-plugin-postgresok
                    corei7_64  1.3.0-r5.66.71.0    iosxr_install_internal  13 k
 pam-plugin-pwhistory
                    corei7_64  1.3.0-r5.66.71.0    iosxr_install_internal  17 k
 pam-plugin-rhosts  corei7_64  1.3.0-r5.66.71.0    iosxr_install_internal  13 k
 pam-plugin-stress  corei7_64  1.3.0-r5.66.71.0    iosxr_install_internal  16 k
 pam-plugin-succeed-if
                    corei7_64  1.3.0-r5.66.71.0    iosxr_install_internal  16 k
 pam-plugin-tally   corei7_64  1.3.0-r5.66.71.0    iosxr_install_internal  21 k
 pam-plugin-tally2  corei7_64  1.3.0-r5.66.71.0    iosxr_install_internal  21 k
 pam-plugin-time    corei7_64  1.3.0-r5.66.71.0    iosxr_install_internal  16 k
 pam-plugin-timestamp
                    corei7_64  1.3.0-r5.66.71.0    iosxr_install_internal  23 k
 pam-plugin-umask   corei7_64  1.3.0-r5.66.71.0    iosxr_install_internal  14 k
 pam-plugin-wheel   corei7_64  1.3.0-r5.66.71.0    iosxr_install_internal  14 k
 pam-plugin-xauth   corei7_64  1.3.0-r5.66.71.0    iosxr_install_internal  19 k
 parted             corei7_64  3.2-r1.2.67.71.0    iosxr_install_internal 256 k
 pciutils           corei7_64  3.5.1-r0.87.71.0    iosxr_install_internal  65 k
 pciutils-ids       corei7_64  3.5.1-r0.87.71.0    iosxr_install_internal 256 k
 perf               wrlsdk_x86 4.8.28-r9.210.71.0  iosxr_install_internal 879 k
 perl               corei7_64  5.22.1-r0.64        iosxr_install_internal  33 k
 perl-module-b      corei7_64  5.22.1-r0.64        iosxr_install_internal  52 k
 perl-module-b-deparse
                    corei7_64  5.22.1-r0.64        iosxr_install_internal  67 k
 perl-module-base   corei7_64  5.22.1-r0.64        iosxr_install_internal  13 k
 perl-module-bytes  corei7_64  5.22.1-r0.64        iosxr_install_internal  12 k
 perl-module-bytes-heavy
                    corei7_64  5.22.1-r0.64        iosxr_install_internal  11 k
 perl-module-carp   corei7_64  5.22.1-r0.64        iosxr_install_internal  21 k
 perl-module-carp-clan
                    corei7_64  6.04-r0.64          iosxr_install_internal  16 k
 perl-module-common-sense
                    corei7_64  3.74-r0.64          iosxr_install_internal  19 k
 perl-module-compress-raw-zlib
                    corei7_64  5.22.1-r0.64        iosxr_install_internal  73 k
 perl-module-compress-zlib
                    corei7_64  5.22.1-r0.64        iosxr_install_internal  23 k
 perl-module-constant
                    corei7_64  5.22.1-r0.64        iosxr_install_internal  16 k
 perl-module-cwd    corei7_64  5.22.1-r0.64        iosxr_install_internal  27 k
 perl-module-data-dumper
                    corei7_64  5.22.1-r0.64        iosxr_install_internal  44 k
 perl-module-date-calc
                    corei7_64  6.4-r0.64           iosxr_install_internal 133 k
 perl-module-dynaloader
                    corei7_64  5.22.1-r0.64        iosxr_install_internal  20 k
 perl-module-encode corei7_64  5.22.1-r0.64        iosxr_install_internal  38 k
 perl-module-encode-alias
                    corei7_64  5.22.1-r0.64        iosxr_install_internal  15 k
 perl-module-encode-config
                    corei7_64  5.22.1-r0.64        iosxr_install_internal  12 k
 perl-module-encode-configlocal-pm
                    corei7_64  5.22.1-r0.64        iosxr_install_internal  11 k
 perl-module-encode-encoding
                    corei7_64  5.22.1-r0.64        iosxr_install_internal  14 k
 perl-module-encode-mime-name
                    corei7_64  5.22.1-r0.64        iosxr_install_internal  12 k
 perl-module-errno  corei7_64  5.22.1-r0.64        iosxr_install_internal  13 k
 perl-module-expect corei7_64  1.32-r0.64          iosxr_install_internal  42 k
 perl-module-exporter
                    corei7_64  5.22.1-r0.64        iosxr_install_internal  18 k
 perl-module-exporter-heavy
                    corei7_64  5.22.1-r0.64        iosxr_install_internal  13 k
 perl-module-fcntl  corei7_64  5.22.1-r0.64        iosxr_install_internal  20 k
 perl-module-feature
                    corei7_64  5.22.1-r0.64        iosxr_install_internal  15 k
 perl-module-file-basename
                    corei7_64  5.22.1-r0.64        iosxr_install_internal  15 k
 perl-module-file-copy
                    corei7_64  5.22.1-r0.64        iosxr_install_internal  17 k
 perl-module-file-glob
                    corei7_64  5.22.1-r0.64        iosxr_install_internal  30 k
 perl-module-file-globmapper
                    corei7_64  5.22.1-r0.64        iosxr_install_internal  16 k
 perl-module-file-spec
                    corei7_64  5.22.1-r0.64        iosxr_install_internal  14 k
 perl-module-file-spec-unix
                    corei7_64  5.22.1-r0.64        iosxr_install_internal  17 k
 perl-module-getopt-long
                    corei7_64  5.22.1-r0.64        iosxr_install_internal  36 k
 perl-module-getopt-std
                    corei7_64  5.22.1-r0.64        iosxr_install_internal  14 k
 perl-module-integer
                    corei7_64  5.22.1-r0.64        iosxr_install_internal  12 k
 perl-module-io     corei7_64  5.22.1-r0.64        iosxr_install_internal  19 k
 perl-module-io-compress-adapter-deflate
                    corei7_64  5.22.1-r0.64        iosxr_install_internal  12 k
 perl-module-io-compress-base
                    corei7_64  5.22.1-r0.64        iosxr_install_internal  17 k
 perl-module-io-compress-base-common
                    corei7_64  5.22.1-r0.64        iosxr_install_internal  17 k
 perl-module-io-compress-gzip
                    corei7_64  5.22.1-r0.64        iosxr_install_internal  21 k
 perl-module-io-compress-gzip-constants
                    corei7_64  5.22.1-r0.64        iosxr_install_internal  12 k
 perl-module-io-compress-rawdeflate
                    corei7_64  5.22.1-r0.64        iosxr_install_internal  18 k
 perl-module-io-compress-zlib-extra
                    corei7_64  5.22.1-r0.64        iosxr_install_internal  12 k
 perl-module-io-file
                    corei7_64  5.22.1-r0.64        iosxr_install_internal  13 k
 perl-module-io-handle
                    corei7_64  5.22.1-r0.64        iosxr_install_internal  17 k
 perl-module-io-seekable
                    corei7_64  5.22.1-r0.64        iosxr_install_internal  12 k
 perl-module-io-tty corei7_64  1.12-r0.64          iosxr_install_internal  34 k
 perl-module-io-uncompress-adapter-inflate
                    corei7_64  5.22.1-r0.64        iosxr_install_internal  12 k
 perl-module-io-uncompress-base
                    corei7_64  5.22.1-r0.64        iosxr_install_internal  20 k
 perl-module-io-uncompress-gunzip
                    corei7_64  5.22.1-r0.64        iosxr_install_internal  20 k
 perl-module-io-uncompress-rawinflate
                    corei7_64  5.22.1-r0.64        iosxr_install_internal  20 k
 perl-module-json-pp
                    corei7_64  5.22.1-r0.64        iosxr_install_internal  34 k
 perl-module-lib    corei7_64  5.22.1-r0.64        iosxr_install_internal  13 k
 perl-module-linux-inotify2
                    corei7_64  1.22-r0.64          iosxr_install_internal  21 k
 perl-module-list-util
                    corei7_64  5.22.1-r0.64        iosxr_install_internal  35 k
 perl-module-logfile-rotate
                    corei7_64  1.04-r0.64          iosxr_install_internal  16 k
 perl-module-math-bigfloat
                    corei7_64  5.22.1-r0.64        iosxr_install_internal  44 k
 perl-module-math-bigint
                    corei7_64  5.22.1-r0.64        iosxr_install_internal  54 k
 perl-module-math-bigint-calc
                    corei7_64  5.22.1-r0.64        iosxr_install_internal  32 k
 perl-module-mro    corei7_64  5.22.1-r0.64        iosxr_install_internal  24 k
 perl-module-overload
                    corei7_64  5.22.1-r0.64        iosxr_install_internal  28 k
 perl-module-overload-numbers
                    corei7_64  5.22.1-r0.64        iosxr_install_internal  11 k
 perl-module-overloading
                    corei7_64  5.22.1-r0.64        iosxr_install_internal  11 k
 perl-module-pod-usage
                    corei7_64  5.22.1-r0.64        iosxr_install_internal  19 k
 perl-module-posix  corei7_64  5.22.1-r0.64        iosxr_install_internal  52 k
 perl-module-re     corei7_64  5.22.1-r0.64        iosxr_install_internal 221 k
 perl-module-scalar-util
                    corei7_64  5.22.1-r0.64        iosxr_install_internal  14 k
 perl-module-selectsaver
                    corei7_64  5.22.1-r0.64        iosxr_install_internal  11 k
 perl-module-subs   corei7_64  5.22.1-r0.64        iosxr_install_internal  11 k
 perl-module-symbol corei7_64  5.22.1-r0.64        iosxr_install_internal  13 k
 perl-module-term-cap
                    corei7_64  5.22.1-r0.64        iosxr_install_internal  18 k
 perl-module-text-parsewords
                    corei7_64  5.22.1-r0.64        iosxr_install_internal  14 k
 perl-module-tie-hash
                    corei7_64  5.22.1-r0.64        iosxr_install_internal  13 k
 perl-module-time-hires
                    corei7_64  5.22.1-r0.64        iosxr_install_internal  28 k
 perl-module-utf8   corei7_64  5.22.1-r0.64        iosxr_install_internal  14 k
 perl-module-utf8-heavy
                    corei7_64  5.22.1-r0.64        iosxr_install_internal  19 k
 perl-module-xsloader
                    corei7_64  5.22.1-r0.64        iosxr_install_internal  15 k
 perl-module-zmq-constants
                    corei7_64  1.04-r0.64          iosxr_install_internal  18 k
 perl-module-zmq-libzmq3
                    corei7_64  1.19-r0.66          iosxr_install_internal  47 k
 policycoreutils    corei7_64  2.6-r0.67.71.0      iosxr_install_internal  47 k
 policycoreutils-audit2allow
                    corei7_64  2.6-r0.67.71.0      iosxr_install_internal  15 k
 policycoreutils-fixfiles
                    corei7_64  2.6-r0.67.71.0      iosxr_install_internal  14 k
 policycoreutils-hll
                    corei7_64  2.6-r0.67.71.0      iosxr_install_internal  15 k
 policycoreutils-python
                    corei7_64  2.6-r0.67.71.0      iosxr_install_internal 1.8 M
 policycoreutils-secon
                    corei7_64  2.6-r0.67.71.0      iosxr_install_internal  18 k
 policycoreutils-semanage
                    corei7_64  2.6-r0.67.71.0      iosxr_install_internal  21 k
 policycoreutils-semodule
                    corei7_64  2.6-r0.67.71.0      iosxr_install_internal  19 k
 policycoreutils-sestatus
                    corei7_64  2.6-r0.67.71.0      iosxr_install_internal  18 k
 policycoreutils-setfiles
                    corei7_64  2.6-r0.67.71.0      iosxr_install_internal  18 k
 procps             corei7_64  3.3.12-r0.65        iosxr_install_internal 261 k
 psmisc             corei7_64  22.21-r0.2.65.71.0  iosxr_install_internal 5.9 k
 pstree             corei7_64  22.21-r0.2.65.71.0  iosxr_install_internal  23 k
 python-2to3        corei7_64  2.7.12-r1.65.71.0   iosxr_install_internal 413 k
 python-argparse    corei7_64  2.7.12-r1.65.71.0   iosxr_install_internal  52 k
 python-audio       corei7_64  2.7.12-r1.65.71.0   iosxr_install_internal  64 k
 python-codecs      corei7_64  2.7.12-r1.65.71.0   iosxr_install_internal 1.2 M
 python-compile     corei7_64  2.7.12-r1.65.71.0   iosxr_install_internal  20 k
 python-compression corei7_64  2.7.12-r1.65.71.0   iosxr_install_internal 122 k
 python-contextlib  corei7_64  2.7.12-r1.65.71.0   iosxr_install_internal  14 k
 python-crypt       corei7_64  2.7.12-r1.65.71.0   iosxr_install_internal  32 k
 python-ctypes      corei7_64  2.7.12-r1.65.71.0   iosxr_install_internal 295 k
 python-curses      corei7_64  2.7.12-r1.65.71.0   iosxr_install_internal  65 k
 python-datetime    corei7_64  2.7.12-r1.65.71.0   iosxr_install_internal  79 k
 python-debugger    corei7_64  2.7.12-r1.65.71.0   iosxr_install_internal  54 k
 python-decorator   corei7_64  4.0.10-r0.65.71.0   iosxr_install_internal  28 k
 python-difflib     corei7_64  2.7.12-r1.65.71.0   iosxr_install_internal  54 k
 python-distutils   corei7_64  2.7.12-r1.65.71.0   iosxr_install_internal 912 k
 python-doctest     corei7_64  2.7.12-r1.65.71.0   iosxr_install_internal  65 k
 python-ecdsa       corei7_64  0.11-r0.57.71.0     iosxr_install_internal 122 k
 python-email       corei7_64  2.7.12-r1.65.71.0   iosxr_install_internal 360 k
 python-enum34      corei7_64  1.1.6-r0.65.71.0    iosxr_install_internal  83 k
 python-fcntl       corei7_64  2.7.12-r1.65.71.0   iosxr_install_internal  18 k
 python-html        corei7_64  2.7.12-r1.65.71.0   iosxr_install_internal  65 k
 python-image       corei7_64  2.7.12-r1.65.71.0   iosxr_install_internal  18 k
 python-importlib   corei7_64  2.7.12-r1.65.71.0   iosxr_install_internal  12 k
 python-io          corei7_64  2.7.12-r1.65.71.0   iosxr_install_internal 268 k
 python-ipy         corei7_64  0.83-r0.65.71.0     iosxr_install_internal  46 k
 python-json        corei7_64  2.7.12-r1.65.71.0   iosxr_install_internal 103 k
 python-logging     corei7_64  2.7.12-r1.65.71.0   iosxr_install_internal  92 k
 python-lxml        corei7_64  3.6.4-r0.58.71.0    iosxr_install_internal 1.1 M
 python-math        corei7_64  2.7.12-r1.65.71.0   iosxr_install_internal  86 k
 python-mime        corei7_64  2.7.12-r1.65.71.0   iosxr_install_internal  53 k
 python-ncclient    corei7_64  0.6.3-r0.58.71.0    iosxr_install_internal 174 k
 python-netclient   corei7_64  2.7.12-r1.65.71.0   iosxr_install_internal 294 k
 python-netserver   corei7_64  2.7.12-r1.65.71.0   iosxr_install_internal  71 k
 python-networkx    corei7_64  1.11-r0.65.71.0     iosxr_install_internal 2.0 M
 python-numbers     corei7_64  2.7.12-r1.65.71.0   iosxr_install_internal 120 k
 python-paramiko    corei7_64  1.14.3-r0.57.71.0   iosxr_install_internal 311 k
 python-pickle      corei7_64  2.7.12-r1.65.71.0   iosxr_install_internal 118 k
 python-pkgutil     corei7_64  2.7.12-r1.65.71.0   iosxr_install_internal  22 k
 python-plistlib    corei7_64  2.7.12-r1.65.71.0   iosxr_install_internal  21 k
 python-pprint      corei7_64  2.7.12-r1.65.71.0   iosxr_install_internal  18 k
 python-pycrypto    corei7_64  2.6.1-r0.57.71.0    iosxr_install_internal 741 k
 python-readline    corei7_64  2.7.12-r1.65.71.0   iosxr_install_internal  25 k
 python-selectors2  corei7_64  2.0.1-r1.57.71.0    iosxr_install_internal  31 k
 python-setuptools  corei7_64  22.0.5-r0.65.71.0   iosxr_install_internal 466 k
 python-shell       corei7_64  2.7.12-r1.65.71.0   iosxr_install_internal  54 k
 python-six         corei7_64  1.10.0-r0.65.71.0   iosxr_install_internal  52 k
 python-smtpd       corei7_64  2.7.12-r1.65.71.0   iosxr_install_internal  23 k
 python-stringold   corei7_64  2.7.12-r1.65.71.0   iosxr_install_internal  40 k
 python-subprocess  corei7_64  2.7.12-r1.65.71.0   iosxr_install_internal  40 k
 python-syslog      corei7_64  2.7.12-r1.65.71.0   iosxr_install_internal  14 k
 python-textutils   corei7_64  2.7.12-r1.65.71.0   iosxr_install_internal  78 k
 python-threading   corei7_64  2.7.12-r1.65.71.0   iosxr_install_internal  55 k
 python-unittest    corei7_64  2.7.12-r1.65.71.0   iosxr_install_internal 178 k
 python-unixadmin   corei7_64  2.7.12-r1.65.71.0   iosxr_install_internal  25 k
 python-xml         corei7_64  2.7.12-r1.65.71.0   iosxr_install_internal 305 k
 python-xmldiff     corei7_64  2.3-r0.57.71.0      iosxr_install_internal 132 k
 python-zlib        corei7_64  2.7.12-r1.65.71.0   iosxr_install_internal  20 k
 python3-argparse   corei7_64  3.7.6-r0.56.71.0    iosxr_install_internal  98 k
 python3-asyncio    corei7_64  3.7.6-r0.56.71.0    iosxr_install_internal 455 k
 python3-audio      corei7_64  3.7.6-r0.56.71.0    iosxr_install_internal  78 k
 python3-codecs     corei7_64  3.7.6-r0.56.71.0    iosxr_install_internal  32 k
 python3-compile    corei7_64  3.7.6-r0.56.71.0    iosxr_install_internal  28 k
 python3-compression
                    corei7_64  3.7.6-r0.56.71.0    iosxr_install_internal 266 k
 python3-core       corei7_64  3.7.6-r0.56.71.0    iosxr_install_internal 1.6 M
 python3-crypt      corei7_64  3.7.6-r0.56.71.0    iosxr_install_internal 115 k
 python3-ctypes     corei7_64  3.7.6-r0.56.71.0    iosxr_install_internal 136 k
 python3-curses     corei7_64  3.7.6-r0.56.71.0    iosxr_install_internal  76 k
 python3-datetime   corei7_64  3.7.6-r0.56.71.0    iosxr_install_internal 168 k
 python3-debugger   corei7_64  3.7.6-r0.56.71.0    iosxr_install_internal 109 k
 python3-dev        corei7_64  3.7.6-r0.56.71.0    iosxr_install_internal 238 k
 python3-difflib    corei7_64  3.7.6-r0.56.71.0    iosxr_install_internal  85 k
 python3-distutils  corei7_64  3.7.6-r0.56.71.0    iosxr_install_internal 551 k
 python3-email      corei7_64  3.7.6-r0.56.71.0    iosxr_install_internal 421 k
 python3-enum       corei7_64  3.7.6-r0.56.71.0    iosxr_install_internal  35 k
 python3-fcntl      corei7_64  3.7.6-r0.56.71.0    iosxr_install_internal  18 k
 python3-gpg        corei7_64  1.10.0-r0.69.71.0   iosxr_install_internal 374 k
 python3-html       corei7_64  3.7.6-r0.56.71.0    iosxr_install_internal 124 k
 python3-image      corei7_64  3.7.6-r0.56.71.0    iosxr_install_internal  22 k
 python3-importlib  corei7_64  3.7.6-r0.56.71.0    iosxr_install_internal 150 k
 python3-iniparse   corei7_64  0.4-r0.69.71.0      iosxr_install_internal  45 k
 python3-io         corei7_64  3.7.6-r0.56.71.0    iosxr_install_internal 366 k
 python3-json       corei7_64  3.7.6-r0.56.71.0    iosxr_install_internal  67 k
 python3-lang       corei7_64  3.7.6-r0.56.71.0    iosxr_install_internal 382 k
 python3-libs       corei7_64  3.7.6-r0.56.71.0    iosxr_install_internal  12 k
 python3-logging    corei7_64  3.7.6-r0.56.71.0    iosxr_install_internal 169 k
 python3-math       corei7_64  3.7.6-r0.56.71.0    iosxr_install_internal  57 k
 python3-mime       corei7_64  3.7.6-r0.56.71.0    iosxr_install_internal  26 k
 python3-misc       corei7_64  3.7.6-r0.56.71.0    iosxr_install_internal 3.0 M
 python3-mmap       corei7_64  3.7.6-r0.56.71.0    iosxr_install_internal  20 k
 python3-multiprocessing
                    corei7_64  3.7.6-r0.56.71.0    iosxr_install_internal 253 k
 python3-netclient  corei7_64  3.7.6-r0.56.71.0    iosxr_install_internal 577 k
 python3-netserver  corei7_64  3.7.6-r0.56.71.0    iosxr_install_internal  64 k
 python3-numbers    corei7_64  3.7.6-r0.56.71.0    iosxr_install_internal 347 k
 python3-pickle     corei7_64  3.7.6-r0.56.71.0    iosxr_install_internal 210 k
 python3-pkgutil    corei7_64  3.7.6-r0.56.71.0    iosxr_install_internal  25 k
 python3-pprint     corei7_64  3.7.6-r0.56.71.0    iosxr_install_internal  25 k
 python3-prctl      corei7_64  1.7+git0+57cd0a7cad-r0.68.71.0
                                                   iosxr_install_internal  26 k
 python3-prettytable
                    corei7_64  0.7.2-r0.61.71.0    iosxr_install_internal  41 k
 python3-pydoc      corei7_64  3.7.6-r0.56.71.0    iosxr_install_internal 639 k
 python3-pygpgme    corei7_64  0.3-r0.63.71.0      iosxr_install_internal  43 k
 python3-pyyaml     corei7_64  3.13-r0.69.71.0     iosxr_install_internal 229 k
 python3-re         corei7_64  3.7.6-r0.56.71.0    iosxr_install_internal  69 k
 python3-readline   corei7_64  3.7.6-r0.56.71.0    iosxr_install_internal  31 k
 python3-reprlib    corei7_64  3.7.6-r0.56.71.0    iosxr_install_internal  17 k
 python3-rpm        corei7_64  1:4.14.1-r0.88.71.0 iosxr_install_internal  80 k
 python3-selectors  corei7_64  3.7.6-r0.56.71.0    iosxr_install_internal  23 k
 python3-shell      corei7_64  3.7.6-r0.56.71.0    iosxr_install_internal  82 k
 python3-signal     corei7_64  3.7.6-r0.56.71.0    iosxr_install_internal  14 k
 python3-six        corei7_64  1.10.0-r0.69.71.0   iosxr_install_internal  32 k
 python3-smtpd      corei7_64  3.7.6-r0.56.71.0    iosxr_install_internal  58 k
 python3-sqlite3    corei7_64  3.7.6-r0.56.71.0    iosxr_install_internal  55 k
 python3-stringold  corei7_64  3.7.6-r0.56.71.0    iosxr_install_internal  19 k
 python3-subprocess corei7_64  3.7.6-r0.56.71.0    iosxr_install_internal  74 k
 python3-syslog     corei7_64  3.7.6-r0.56.71.0    iosxr_install_internal  15 k
 python3-textutils  corei7_64  3.7.6-r0.56.71.0    iosxr_install_internal 118 k
 python3-threading  corei7_64  3.7.6-r0.56.71.0    iosxr_install_internal  42 k
 python3-typing     corei7_64  3.7.6-r0.56.71.0    iosxr_install_internal  81 k
 python3-unixadmin  corei7_64  3.7.6-r0.56.71.0    iosxr_install_internal  28 k
 python3-venv       corei7_64  3.7.6-r0.56.71.0    iosxr_install_internal  34 k
 python3-xml        corei7_64  3.7.6-r0.56.71.0    iosxr_install_internal 395 k
 python3-xmlrpc     corei7_64  3.7.6-r0.56.71.0    iosxr_install_internal  85 k
 quota              corei7_64  4.03-r0.85.71.0     iosxr_install_internal 439 k
 rpm                corei7_64  1:4.14.1-r0.88.71.0 iosxr_install_internal 636 k
 rsync              corei7_64  3.1.2-r0.65         iosxr_install_internal 252 k
 run-postinsts      noarch     1.0-r9.55           iosxr_install_internal  13 k
 sdparm             corei7_64  1.10-r0.64          iosxr_install_internal  84 k
 sed                corei7_64  4.2.2-r0.3.65.71.0  iosxr_install_internal  84 k
 sepolgen           corei7_64  2.6-r0.65.71.0      iosxr_install_internal 179 k
 setools            corei7_64  4.1.0-r0.65.71.0    iosxr_install_internal 615 k
 setserial          corei7_64  2.17-r3.64          iosxr_install_internal  19 k
 sg3-utils          corei7_64  1.42-r0.64          iosxr_install_internal 671 k
 slang              corei7_64  2.3.1a-r0.64        iosxr_install_internal 683 k
 smartmontools      corei7_64  6.5-r0.67.71.0      iosxr_install_internal 529 k
 sqlite3            corei7_64  3:3.14.1-r0.64      iosxr_install_internal  48 k
 sshfs-fuse         corei7_64  2.2-r1.69.71.0      iosxr_install_internal  39 k
 strace             corei7_64  4.13-r0.85.71.0     iosxr_install_internal 272 k
 sudo               corei7_64  1.8.23-r0.2.13.71.0 iosxr_install_internal 747 k
 sysfsutils         corei7_64  2.1.0-r5.64         iosxr_install_internal  31 k
 sysklogd           corei7_64  1.5.1-r0.66         iosxr_install_internal  51 k
 sysstat            corei7_64  11.4.0-r0.88.71.0   iosxr_install_internal 312 k
 systemd-analyze    corei7_64  1:230+git0+3a74d4fc90-r0.85.71.0
                                                   iosxr_install_internal 620 k
 systemd-bash-completion
                    corei7_64  1:230+git0+3a74d4fc90-r0.85.71.0
                                                   iosxr_install_internal  35 k
 systemd-compat-units
                    corei7_64  1.0-r29.64          iosxr_install_internal 6.1 k
 systemd-initramfs  corei7_64  1:230+git0+3a74d4fc90-r0.85.71.0
                                                   iosxr_install_internal  10 k
 systemd-kernel-install
                    corei7_64  1:230+git0+3a74d4fc90-r0.85.71.0
                                                   iosxr_install_internal  15 k
 tar                corei7_64  1.29-r0.65.71.0     iosxr_install_internal 244 k
 tcl                corei7_64  8.6.6-r0.65         iosxr_install_internal 709 k
 tcp-wrappers       corei7_64  7.6-r10.64          iosxr_install_internal  35 k
 tcpdump            corei7_64  4.7.4-r0.64         iosxr_install_internal 384 k
 thin-provisioning-tools
                    corei7_64  0.6.3-r0.69.71.0    iosxr_install_internal 572 k
 time               corei7_64  1.7-r2.64           iosxr_install_internal  18 k
 tree               corei7_64  1.7.0-r0.64         iosxr_install_internal  42 k
 tunctl             corei7_64  1.5-r0.65           iosxr_install_internal  14 k
 tzcode             corei7_64  2.24-r0.64          iosxr_install_internal  94 k
 tzdata             noarch     2020c-r0.27.71.0    iosxr_install_internal  12 k
 tzdata-africa      noarch     2020c-r0.27.71.0    iosxr_install_internal  52 k
 tzdata-americas    noarch     2020c-r0.27.71.0    iosxr_install_internal 174 k
 tzdata-antarctica  noarch     2020c-r0.27.71.0    iosxr_install_internal  20 k
 tzdata-arctic      noarch     2020c-r0.27.71.0    iosxr_install_internal  11 k
 tzdata-asia        noarch     2020c-r0.27.71.0    iosxr_install_internal  98 k
 tzdata-atlantic    noarch     2020c-r0.27.71.0    iosxr_install_internal  21 k
 tzdata-australia   noarch     2020c-r0.27.71.0    iosxr_install_internal  25 k
 tzdata-core        noarch     2020c-r0.27.71.0    iosxr_install_internal  98 k
 tzdata-europe      noarch     2020c-r0.27.71.0    iosxr_install_internal  61 k
 tzdata-misc        noarch     2020c-r0.27.71.0    iosxr_install_internal  29 k
 tzdata-pacific     noarch     2020c-r0.27.71.0    iosxr_install_internal  43 k
 tzdata-posix       noarch     2020c-r0.27.71.0    iosxr_install_internal 525 k
 tzdata-right       noarch     2020c-r0.27.71.0    iosxr_install_internal 540 k
 udev-hwdb          corei7_64  1:230+git0+3a74d4fc90-r0.85.71.0
                                                   iosxr_install_internal 869 k
 unionfs-fuse       corei7_64  0.26-r0.51          iosxr_install_internal  56 k
 unzip              corei7_64  1:6.0-r5.64         iosxr_install_internal 167 k
 usbutils           corei7_64  008-r0.85.71.0      iosxr_install_internal  94 k
 usleep             corei7_64  1.0-r0.64           iosxr_install_internal  13 k
 util-linux         corei7_64  2.28.1-r0.3.67.71.0 iosxr_install_internal 804 k
 util-linux-bash-completion
                    corei7_64  2.28.1-r0.3.67.71.0 iosxr_install_internal  89 k
 util-linux-blkid   corei7_64  2.28.1-r0.3.67.71.0 iosxr_install_internal  48 k
 util-linux-cfdisk  corei7_64  2.28.1-r0.3.67.71.0 iosxr_install_internal  50 k
 util-linux-fdisk   corei7_64  2.28.1-r0.3.67.71.0 iosxr_install_internal  59 k
 util-linux-findfs  corei7_64  2.28.1-r0.3.67.71.0 iosxr_install_internal  14 k
 util-linux-fsck    corei7_64  2.28.1-r0.3.67.71.0 iosxr_install_internal  33 k
 util-linux-fsck.cramfs
                    corei7_64  2.28.1-r0.3.67.71.0 iosxr_install_internal  26 k
 util-linux-fstrim  corei7_64  2.28.1-r0.3.67.71.0 iosxr_install_internal  29 k
 util-linux-getopt  corei7_64  2.28.1-r0.3.67.71.0 iosxr_install_internal  17 k
 util-linux-hwclock corei7_64  2.28.1-r0.3.67.71.0 iosxr_install_internal  37 k
 util-linux-losetup corei7_64  2.28.1-r0.3.67.71.0 iosxr_install_internal  45 k
 util-linux-lscpu   corei7_64  2.28.1-r0.3.67.71.0 iosxr_install_internal  37 k
 util-linux-mcookie corei7_64  2.28.1-r0.3.67.71.0 iosxr_install_internal  24 k
 util-linux-mkfs    corei7_64  2.28.1-r0.3.67.71.0 iosxr_install_internal  15 k
 util-linux-mkfs.cramfs
                    corei7_64  2.28.1-r0.3.67.71.0 iosxr_install_internal  27 k
 util-linux-mountpoint
                    corei7_64  2.28.1-r0.3.67.71.0 iosxr_install_internal  16 k
 util-linux-partx   corei7_64  2.28.1-r0.3.67.71.0 iosxr_install_internal  46 k
 util-linux-prlimit corei7_64  2.28.1-r0.3.67.71.0 iosxr_install_internal  24 k
 util-linux-readprofile
                    corei7_64  2.28.1-r0.3.67.71.0 iosxr_install_internal  18 k
 util-linux-reset   corei7_64  2.28.1-r0.3.67.71.0 iosxr_install_internal  11 k
 util-linux-runuser corei7_64  2.28.1-r0.3.67.71.0 iosxr_install_internal  24 k
 util-linux-sfdisk  corei7_64  2.28.1-r0.3.67.71.0 iosxr_install_internal  55 k
 util-linux-swaponoff
                    corei7_64  2.28.1-r0.3.67.71.0 iosxr_install_internal  38 k
 util-linux-umount  corei7_64  2.28.1-r0.3.67.71.0 iosxr_install_internal  23 k
 util-linux-uuidd   corei7_64  2.28.1-r0.3.67.71.0 iosxr_install_internal  26 k
 util-linux-uuidgen corei7_64  2.28.1-r0.3.67.71.0 iosxr_install_internal  14 k
 vim                corei7_64  8.2.4314-r0.11.71.0 iosxr_install_internal 1.6 M
 vim-common         corei7_64  8.2.4314-r0.11.71.0 iosxr_install_internal 5.6 M
 vmcore-dmesg       corei7_64  2.0.17-r0.47        iosxr_install_internal  17 k
 wget               corei7_64  1.18-r0.65          iosxr_install_internal 267 k
 which              corei7_64  2.21-r3.64          iosxr_install_internal  22 k
 wr-init            corei7_64  1.0-r0.64           iosxr_install_internal  10 k
 xz                 corei7_64  5.2.2-r0.64         iosxr_install_internal  75 k
 zeromq             corei7_64  4.1.5-r0.66         iosxr_install_internal 191 k
 zip                corei7_64  3.0-r2.64           iosxr_install_internal 276 k
 zstd               corei7_64  1.33+git0+f3a8bd553a-r0.50
                                                   iosxr_install_internal 468 k

Transaction Summary
================================================================================
Install  590 Packages

Total size: 111 M
Installed size: 265 M
Downloading Packages:
Running transaction check
Transaction check succeeded.
Running transaction test
Transaction test succeeded.
Running transaction
  Preparing        :                                                        1/1 
  Installing       : libtinfo5-6.0+20160625-r0.64.corei7_64               1/590 
  Running scriptlet: libtinfo5-6.0+20160625-r0.64.corei7_64               1/590 
  Installing       : bash-4.3.30-r0.65.corei7_64                          2/590 
  Running scriptlet: bash-4.3.30-r0.65.corei7_64                          2/590 
update-alternatives: Linking /bin/sh to /bin/bash
  Installing       : libpython3.7m1.0-3.7.6-r0.56.71.0.corei7_64          3/590 
  Running scriptlet: libpython3.7m1.0-3.7.6-r0.56.71.0.corei7_64          3/590 
  Installing       : libcrypto1.0.0-1.0.2j-r0.64.corei7_64                4/590 
  Running scriptlet: libcrypto1.0.0-1.0.2j-r0.64.corei7_64                4/590 
  Installing       : libstdc++6-4.9.1-r0.64.corei7_64                     5/590 
  Running scriptlet: libstdc++6-4.9.1-r0.64.corei7_64                     5/590 
  Installing       : libcom-err2-1.43-r1.67.71.0.corei7_64                6/590 
  Running scriptlet: libcom-err2-1.43-r1.67.71.0.corei7_64                6/590 
  Installing       : libsmartcols1-2.28.1-r0.3.67.71.0.corei7_64          7/590 
  Running scriptlet: libsmartcols1-2.28.1-r0.3.67.71.0.corei7_64          7/590 
  Installing       : libssl1.0.0-1.0.2j-r0.64.corei7_64                   8/590 
  Running scriptlet: libssl1.0.0-1.0.2j-r0.64.corei7_64                   8/590 
  Installing       : libelf1-0.166-r0.64.corei7_64                        9/590 
  Running scriptlet: libelf1-0.166-r0.64.corei7_64                        9/590 
  Installing       : python-stringold-2.7.12-r1.65.71.0.corei7_64        10/590 
  Running scriptlet: python-stringold-2.7.12-r1.65.71.0.corei7_64        10/590 
  Installing       : libext2fs2-1.43-r1.67.71.0.corei7_64                11/590 
  Running scriptlet: libext2fs2-1.43-r1.67.71.0.corei7_64                11/590 
  Installing       : libgmp10-6.1.1-r0.64.corei7_64                      12/590 
  Running scriptlet: libgmp10-6.1.1-r0.64.corei7_64                      12/590 
  Installing       : coreutils-8.25-r0.66.71.0.corei7_64                 13/590 
  Running scriptlet: coreutils-8.25-r0.66.71.0.corei7_64                 13/590 
update-alternatives: Linking /usr/bin/[ to /usr/bin/lbracket.coreutils
update-alternatives: Linking /usr/bin/arch to /usr/bin/arch.coreutils
update-alternatives: Linking /usr/bin/basename to /usr/bin/basename.coreutils
update-alternatives: Linking /usr/bin/chcon to /usr/bin/chcon.coreutils
update-alternatives: Linking /usr/bin/cksum to /usr/bin/cksum.coreutils
update-alternatives: Linking /usr/bin/comm to /usr/bin/comm.coreutils
update-alternatives: Linking /usr/bin/csplit to /usr/bin/csplit.coreutils
update-alternatives: Linking /usr/bin/cut to /usr/bin/cut.coreutils
update-alternatives: Linking /usr/bin/dir to /usr/bin/dir.coreutils
update-alternatives: Linking /usr/bin/dircolors to /usr/bin/dircolors.coreutils
update-alternatives: Linking /usr/bin/dirname to /usr/bin/dirname.coreutils
update-alternatives: Linking /usr/bin/du to /usr/bin/du.coreutils
update-alternatives: Linking /usr/bin/env to /usr/bin/env.coreutils
update-alternatives: Linking /usr/bin/expand to /usr/bin/expand.coreutils
update-alternatives: Linking /usr/bin/expr to /usr/bin/expr.coreutils
update-alternatives: Linking /usr/bin/factor to /usr/bin/factor.coreutils
update-alternatives: Linking /usr/bin/fmt to /usr/bin/fmt.coreutils
update-alternatives: Linking /usr/bin/fold to /usr/bin/fold.coreutils
update-alternatives: Linking /usr/bin/groups to /usr/bin/groups.shadow
update-alternatives: Linking /usr/bin/head to /usr/bin/head.coreutils
update-alternatives: Linking /usr/bin/hostid to /usr/bin/hostid.coreutils
update-alternatives: Linking /usr/bin/id to /usr/bin/id.coreutils
update-alternatives: Linking /usr/bin/install to /usr/bin/install.coreutils
update-alternatives: Linking /usr/bin/join to /usr/bin/join.coreutils
update-alternatives: Linking /usr/bin/link to /usr/bin/link.coreutils
update-alternatives: Linking /usr/bin/logname to /usr/bin/logname.coreutils
update-alternatives: Linking /usr/bin/md5sum to /usr/bin/md5sum.coreutils
update-alternatives: Linking /usr/bin/mkfifo to /usr/bin/mkfifo.coreutils
update-alternatives: Linking /usr/bin/nice to /usr/bin/nice.coreutils
update-alternatives: Linking /usr/bin/nl to /usr/bin/nl.coreutils
update-alternatives: Linking /usr/bin/nohup to /usr/bin/nohup.coreutils
update-alternatives: Linking /usr/bin/nproc to /usr/bin/nproc.coreutils
update-alternatives: Linking /usr/bin/od to /usr/bin/od.coreutils
update-alternatives: Linking /usr/bin/paste to /usr/bin/paste.coreutils
update-alternatives: Linking /usr/bin/pathchk to /usr/bin/pathchk.coreutils
update-alternatives: Linking /usr/bin/pinky to /usr/bin/pinky.coreutils
update-alternatives: Linking /usr/bin/pr to /usr/bin/pr.coreutils
update-alternatives: Linking /usr/bin/printenv to /usr/bin/printenv.coreutils
update-alternatives: Linking /usr/bin/printf to /usr/bin/printf.coreutils
update-alternatives: Linking /usr/bin/ptx to /usr/bin/ptx.coreutils
update-alternatives: Linking /usr/bin/readlink to /usr/bin/readlink.coreutils
update-alternatives: Linking /usr/bin/realpath to /usr/bin/realpath.coreutils
update-alternatives: Linking /usr/bin/runcon to /usr/bin/runcon.coreutils
update-alternatives: Linking /usr/bin/seq to /usr/bin/seq.coreutils
update-alternatives: Linking /usr/bin/sha1sum to /usr/bin/sha1sum.coreutils
update-alternatives: Linking /usr/bin/sha224sum to /usr/bin/sha224sum.coreutils
update-alternatives: Linking /usr/bin/sha256sum to /usr/bin/sha256sum.coreutils
update-alternatives: Linking /usr/bin/sha384sum to /usr/bin/sha384sum.coreutils
update-alternatives: Linking /usr/bin/sha512sum to /usr/bin/sha512sum.coreutils
update-alternatives: Linking /usr/bin/shred to /usr/bin/shred.coreutils
update-alternatives: Linking /usr/bin/shuf to /usr/bin/shuf.coreutils
update-alternatives: Linking /usr/bin/sort to /usr/bin/sort.coreutils
update-alternatives: Linking /usr/bin/split to /usr/bin/split.coreutils
update-alternatives: Linking /usr/bin/stdbuf to /usr/bin/stdbuf.coreutils
update-alternatives: Linking /usr/bin/sum to /usr/bin/sum.coreutils
update-alternatives: Linking /usr/bin/tac to /usr/bin/tac.coreutils
update-alternatives: Linking /usr/bin/tail to /usr/bin/tail.coreutils
update-alternatives: Linking /usr/bin/tee to /usr/bin/tee.coreutils
update-alternatives: Linking /usr/bin/test to /usr/bin/test.coreutils
update-alternatives: Linking /usr/bin/timeout to /usr/bin/timeout.coreutils
update-alternatives: Linking /usr/bin/tr to /usr/bin/tr.coreutils
update-alternatives: Linking /usr/bin/truncate to /usr/bin/truncate.coreutils
update-alternatives: Linking /usr/bin/tsort to /usr/bin/tsort.coreutils
update-alternatives: Linking /usr/bin/tty to /usr/bin/tty.coreutils
update-alternatives: Linking /usr/bin/unexpand to /usr/bin/unexpand.coreutils
update-alternatives: Linking /usr/bin/uniq to /usr/bin/uniq.coreutils
update-alternatives: Linking /usr/bin/unlink to /usr/bin/unlink.coreutils
update-alternatives: Linking /usr/bin/uptime to /usr/bin/uptime.coreutils
update-alternatives: Linking /usr/bin/users to /usr/bin/users.coreutils
update-alternatives: Linking /usr/bin/vdir to /usr/bin/vdir.coreutils
update-alternatives: Linking /usr/bin/wc to /usr/bin/wc.coreutils
update-alternatives: Linking /usr/bin/who to /usr/bin/who.coreutils
update-alternatives: Linking /usr/bin/whoami to /usr/bin/whoami.coreutils
update-alternatives: Linking /usr/bin/yes to /usr/bin/yes.coreutils
update-alternatives: Linking /bin/cat to /bin/cat.coreutils
update-alternatives: Linking /bin/chgrp to /bin/chgrp.coreutils
update-alternatives: Linking /bin/chmod to /bin/chmod.coreutils
update-alternatives: Linking /bin/chown to /bin/chown.coreutils
update-alternatives: Linking /bin/cp to /bin/cp.coreutils
update-alternatives: Linking /bin/date to /bin/date.coreutils
update-alternatives: Linking /bin/dd to /bin/dd.coreutils
update-alternatives: Linking /bin/echo to /bin/echo.coreutils
update-alternatives: Linking /bin/false to /bin/false.coreutils
update-alternatives: Linking /bin/kill to /bin/kill.coreutils
update-alternatives: Linking /bin/ln to /bin/ln.coreutils
update-alternatives: Linking /bin/ls to /bin/ls.coreutils
update-alternatives: Linking /bin/mkdir to /bin/mkdir.coreutils
update-alternatives: Linking /bin/mknod to /bin/mknod.coreutils
update-alternatives: Linking /bin/mv to /bin/mv.coreutils
update-alternatives: Linking /bin/pwd to /bin/pwd.coreutils
update-alternatives: Linking /bin/rm to /bin/rm.coreutils
update-alternatives: Linking /bin/rmdir to /bin/rmdir.coreutils
update-alternatives: Linking /bin/sleep to /bin/sleep.coreutils
update-alternatives: Linking /bin/stty to /bin/stty.coreutils
update-alternatives: Linking /bin/sync to /bin/sync.coreutils
update-alternatives: Linking /bin/touch to /bin/touch.coreutils
update-alternatives: Linking /bin/true to /bin/true.coreutils
update-alternatives: Linking /bin/uname to /bin/uname.coreutils
update-alternatives: Linking /bin/stat to /bin/stat.coreutils
update-alternatives: Linking /usr/sbin/chroot to /usr/sbin/chroot.coreutils
update-alternatives: Linking /bin/base64 to /usr/bin/base64.coreutils
update-alternatives: Linking /bin/mktemp to /usr/bin/mktemp.coreutils
update-alternatives: Linking /bin/df to /usr/bin/df.coreutils
  Installing       : libpopt0-1.16-r3.64.corei7_64                       14/590 
  Running scriptlet: libpopt0-1.16-r3.64.corei7_64                       14/590 
  Installing       : libreadline6-6.3-r0.64.corei7_64                    15/590 
  Running scriptlet: libreadline6-6.3-r0.64.corei7_64                    15/590 
  Installing       : libxml2-2.9.4-r0.66.71.0.corei7_64                  16/590 
  Running scriptlet: libxml2-2.9.4-r0.66.71.0.corei7_64                  16/590 
  Installing       : python-codecs-2.7.12-r1.65.71.0.corei7_64           17/590 
  Running scriptlet: python-codecs-2.7.12-r1.65.71.0.corei7_64           17/590 
  Installing       : libdw1-0.166-r0.64.corei7_64                        18/590 
  Running scriptlet: libdw1-0.166-r0.64.corei7_64                        18/590 
  Installing       : libe2p2-1.43-r1.67.71.0.corei7_64                   19/590 
  Running scriptlet: libe2p2-1.43-r1.67.71.0.corei7_64                   19/590 
  Installing       : libgpg-error0-1.24-r0.64.corei7_64                  20/590 
  Running scriptlet: libgpg-error0-1.24-r0.64.corei7_64                  20/590 
  Installing       : libncursesw5-6.0+20160625-r0.64.corei7_64           21/590 
  Running scriptlet: libncursesw5-6.0+20160625-r0.64.corei7_64           21/590 
  Installing       : libnl-3-200-1:3.2.28-r0.64.corei7_64                22/590 
  Running scriptlet: libnl-3-200-1:3.2.28-r0.64.corei7_64                22/590 
  Installing       : libudev1-1:230+git0+3a74d4fc90-r0.85.71.0.corei7    23/590 
  Running scriptlet: libudev1-1:230+git0+3a74d4fc90-r0.85.71.0.corei7    23/590 
  Installing       : python-shell-2.7.12-r1.65.71.0.corei7_64            24/590 
  Running scriptlet: python-shell-2.7.12-r1.65.71.0.corei7_64            24/590 
  Installing       : nettle-3.2-r0.65.corei7_64                          25/590 
  Running scriptlet: nettle-3.2-r0.65.corei7_64                          25/590 
  Installing       : bash-completion-2.4-r0.64.corei7_64                 26/590 
  Running scriptlet: bash-completion-2.4-r0.64.corei7_64                 26/590 
  Installing       : db-6.1.38-r1.26.corei7_64                           27/590 
  Running scriptlet: db-6.1.38-r1.26.corei7_64                           27/590 
  Installing       : libsqlite3-0-3:3.14.1-r0.64.corei7_64               28/590 
  Running scriptlet: libsqlite3-0-3:3.14.1-r0.64.corei7_64               28/590 
  Installing       : libprotobuf22-3.11.3-r0.51.corei7_64                29/590 
  Running scriptlet: libprotobuf22-3.11.3-r0.51.corei7_64                29/590 
  Installing       : python-crypt-2.7.12-r1.65.71.0.corei7_64            30/590 
  Running scriptlet: python-crypt-2.7.12-r1.65.71.0.corei7_64            30/590 
  Installing       : python-math-2.7.12-r1.65.71.0.corei7_64             31/590 
  Running scriptlet: python-math-2.7.12-r1.65.71.0.corei7_64             31/590 
  Installing       : file-5.28-r0.64.corei7_64                           32/590 
  Running scriptlet: file-5.28-r0.64.corei7_64                           32/590 
  Installing       : libfdisk1-2.28.1-r0.3.67.71.0.corei7_64             33/590 
  Running scriptlet: libfdisk1-2.28.1-r0.3.67.71.0.corei7_64             33/590 
  Installing       : libffi6-3.2.1-r0.64.corei7_64                       34/590 
  Running scriptlet: libffi6-3.2.1-r0.64.corei7_64                       34/590 
  Installing       : libglib-2.0-0-1:2.48.2-r0.68.71.0.corei7_64         35/590 
  Running scriptlet: libglib-2.0-0-1:2.48.2-r0.68.71.0.corei7_64         35/590 
  Installing       : libidn11-1.33-r0.64.corei7_64                       36/590 
  Running scriptlet: libidn11-1.33-r0.64.corei7_64                       36/590 
  Installing       : libgnutls30-3.5.3-r0.65.corei7_64                   37/590 
  Running scriptlet: libgnutls30-3.5.3-r0.65.corei7_64                   37/590 
  Installing       : libcurl4-7.50.1-r0.66.corei7_64                     38/590 
  Running scriptlet: libcurl4-7.50.1-r0.66.corei7_64                     38/590 
  Installing       : libselinux-python-2.6-r0.65.71.0.corei7_64          39/590 
  Running scriptlet: libselinux-python-2.6-r0.65.71.0.corei7_64          39/590 
  Installing       : libunwind-1.1+git0+bc8698fd7e-r0.64.corei7_64       40/590 
  Running scriptlet: libunwind-1.1+git0+bc8698fd7e-r0.64.corei7_64       40/590 
  Installing       : libwrap0-7.6-r10.64.corei7_64                       41/590 
  Running scriptlet: libwrap0-7.6-r10.64.corei7_64                       41/590 
  Installing       : libyaml-0-2-0.1.7-r0.64.corei7_64                   42/590 
  Running scriptlet: libyaml-0-2-0.1.7-r0.64.corei7_64                   42/590 
  Installing       : python-difflib-2.7.12-r1.65.71.0.corei7_64          43/590 
  Running scriptlet: python-difflib-2.7.12-r1.65.71.0.corei7_64          43/590 
  Installing       : libprotobuf-compiler-3.11.3-r0.51.corei7_64         44/590 
  Running scriptlet: libprotobuf-compiler-3.11.3-r0.51.corei7_64         44/590 
  Installing       : libpci3-3.5.1-r0.87.71.0.corei7_64                  45/590 
  Running scriptlet: libpci3-3.5.1-r0.87.71.0.corei7_64                  45/590 
  Installing       : libnl-genl-3-200-1:3.2.28-r0.64.corei7_64           46/590 
  Running scriptlet: libnl-genl-3-200-1:3.2.28-r0.64.corei7_64           46/590 
  Installing       : libnl-route-3-200-1:3.2.28-r0.64.corei7_64          47/590 
  Running scriptlet: libnl-route-3-200-1:3.2.28-r0.64.corei7_64          47/590 
  Installing       : libpanelw5-6.0+20160625-r0.64.corei7_64             48/590 
  Running scriptlet: libpanelw5-6.0+20160625-r0.64.corei7_64             48/590 
  Installing       : libassuan0-2.4.3-r0.64.corei7_64                    49/590 
  Running scriptlet: libassuan0-2.4.3-r0.64.corei7_64                    49/590 
  Installing       : gpgme-1.10.0-r0.69.71.0.corei7_64                   50/590 
  Running scriptlet: gpgme-1.10.0-r0.69.71.0.corei7_64                   50/590 
  Installing       : libgcrypt-1.7.3-r0.66.71.0.corei7_64                51/590 
  Running scriptlet: libgcrypt-1.7.3-r0.66.71.0.corei7_64                51/590 
  Installing       : python-datetime-2.7.12-r1.65.71.0.corei7_64         52/590 
  Running scriptlet: python-datetime-2.7.12-r1.65.71.0.corei7_64         52/590 
  Running scriptlet: bind-9.11.6+P1-r0.3.60.71.0.corei7_64               53/590 
Running useradd commands...
NOTE: bind: Performing useradd with [ --system --home /var/cache/bind --no-create-home                        --user-group bind]
  Installing       : bind-9.11.6+P1-r0.3.60.71.0.corei7_64               53/590 
  Running scriptlet: bind-9.11.6+P1-r0.3.60.71.0.corei7_64               53/590 
Failed to enable unit, unit /etc/systemd/system/named.service is masked.
Failed to connect to bus: No such file or directory
  Installing       : dhcp-lib-4.3.4-r0.70.71.0.corei7_64                 54/590 
  Running scriptlet: dhcp-lib-4.3.4-r0.70.71.0.corei7_64                 54/590 
  Installing       : openssh-keygen-7.3p1-r0.5.73.71.0.corei7_64         55/590 
  Running scriptlet: openssh-keygen-7.3p1-r0.5.73.71.0.corei7_64         55/590 
  Installing       : libaio1-0.3.110-r0.64.corei7_64                     56/590 
  Running scriptlet: libaio1-0.3.110-r0.64.corei7_64                     56/590 
  Installing       : thin-provisioning-tools-0.6.3-r0.69.71.0.corei7_    57/590 
  Running scriptlet: thin-provisioning-tools-0.6.3-r0.69.71.0.corei7_    57/590 
  Installing       : libdevmapper-2.02.180-r0.52.71.0.corei7_64          58/590 
  Running scriptlet: libdevmapper-2.02.180-r0.52.71.0.corei7_64          58/590 
  Installing       : libcares2-1.15.0+gitr0+e982924ace-r0.50.corei7_6    59/590 
  Running scriptlet: libcares2-1.15.0+gitr0+e982924ace-r0.50.corei7_6    59/590 
  Installing       : libfuse2-2.9.4-r0.64.corei7_64                      60/590 
  Running scriptlet: libfuse2-2.9.4-r0.64.corei7_64                      60/590 
  Installing       : liblzo2-2-2.09-r0.64.corei7_64                      61/590 
  Running scriptlet: liblzo2-2-2.09-r0.64.corei7_64                      61/590 
  Installing       : libmnl0-1.0.4-r0.64.corei7_64                       62/590 
  Running scriptlet: libmnl0-1.0.4-r0.64.corei7_64                       62/590 
  Installing       : libncurses5-6.0+20160625-r0.64.corei7_64            63/590 
  Running scriptlet: libncurses5-6.0+20160625-r0.64.corei7_64            63/590 
  Installing       : libperl5-5.22.1-r0.64.corei7_64                     64/590 
  Running scriptlet: libperl5-5.22.1-r0.64.corei7_64                     64/590 
  Installing       : perl-5.22.1-r0.64.corei7_64                         65/590 
  Running scriptlet: perl-5.22.1-r0.64.corei7_64                         65/590 
  Installing       : perl-module-carp-5.22.1-r0.64.corei7_64             66/590 
  Running scriptlet: perl-module-carp-5.22.1-r0.64.corei7_64             66/590 
  Installing       : perl-module-exporter-5.22.1-r0.64.corei7_64         67/590 
  Running scriptlet: perl-module-exporter-5.22.1-r0.64.corei7_64         67/590 
  Installing       : perl-module-exporter-heavy-5.22.1-r0.64.corei7_6    68/590 
  Running scriptlet: perl-module-exporter-heavy-5.22.1-r0.64.corei7_6    68/590 
  Installing       : perl-module-constant-5.22.1-r0.64.corei7_64         69/590 
  Running scriptlet: perl-module-constant-5.22.1-r0.64.corei7_64         69/590 
  Installing       : perl-module-symbol-5.22.1-r0.64.corei7_64           70/590 
  Running scriptlet: perl-module-symbol-5.22.1-r0.64.corei7_64           70/590 
  Installing       : perl-module-base-5.22.1-r0.64.corei7_64             71/590 
  Running scriptlet: perl-module-base-5.22.1-r0.64.corei7_64             71/590 
  Installing       : perl-module-dynaloader-5.22.1-r0.64.corei7_64       72/590 
  Running scriptlet: perl-module-dynaloader-5.22.1-r0.64.corei7_64       72/590 
  Installing       : perl-module-xsloader-5.22.1-r0.64.corei7_64         73/590 
  Running scriptlet: perl-module-xsloader-5.22.1-r0.64.corei7_64         73/590 
  Installing       : perl-module-fcntl-5.22.1-r0.64.corei7_64            74/590 
  Running scriptlet: perl-module-fcntl-5.22.1-r0.64.corei7_64            74/590 
  Installing       : perl-module-b-5.22.1-r0.64.corei7_64                75/590 
  Running scriptlet: perl-module-b-5.22.1-r0.64.corei7_64                75/590 
  Installing       : perl-module-list-util-5.22.1-r0.64.corei7_64        76/590 
  Running scriptlet: perl-module-list-util-5.22.1-r0.64.corei7_64        76/590 
  Installing       : perl-module-scalar-util-5.22.1-r0.64.corei7_64      77/590 
  Running scriptlet: perl-module-scalar-util-5.22.1-r0.64.corei7_64      77/590 
  Installing       : perl-module-selectsaver-5.22.1-r0.64.corei7_64      78/590 
  Running scriptlet: perl-module-selectsaver-5.22.1-r0.64.corei7_64      78/590 
  Installing       : libsensors4-3.4.0-r0.87.71.0.corei7_64              79/590 
  Running scriptlet: libsensors4-3.4.0-r0.87.71.0.corei7_64              79/590 
  Installing       : libsolv0-0.6.33-r0.88.71.0.corei7_64                80/590 
  Running scriptlet: libsolv0-0.6.33-r0.88.71.0.corei7_64                80/590 
  Installing       : libtcl8.6-0-8.6.6-r0.65.corei7_64                   81/590 
  Running scriptlet: libtcl8.6-0-8.6.6-r0.65.corei7_64                   81/590 
  Installing       : libtirpc3-1.0.1-r0.64.corei7_64                     82/590 
  Running scriptlet: libtirpc3-1.0.1-r0.64.corei7_64                     82/590 
  Installing       : python3-compression-3.7.6-r0.56.71.0.corei7_64      83/590 
  Running scriptlet: python3-compression-3.7.6-r0.56.71.0.corei7_64      83/590 
  Installing       : python3-datetime-3.7.6-r0.56.71.0.corei7_64         84/590 
  Running scriptlet: python3-datetime-3.7.6-r0.56.71.0.corei7_64         84/590 
  Installing       : python3-codecs-3.7.6-r0.56.71.0.corei7_64           85/590 
  Running scriptlet: python3-codecs-3.7.6-r0.56.71.0.corei7_64           85/590 
  Installing       : python3-importlib-3.7.6-r0.56.71.0.corei7_64        86/590 
  Running scriptlet: python3-importlib-3.7.6-r0.56.71.0.corei7_64        86/590 
  Installing       : python3-lang-3.7.6-r0.56.71.0.corei7_64             87/590 
  Running scriptlet: python3-lang-3.7.6-r0.56.71.0.corei7_64             87/590 
  Installing       : python3-mime-3.7.6-r0.56.71.0.corei7_64             88/590 
  Running scriptlet: python3-mime-3.7.6-r0.56.71.0.corei7_64             88/590 
  Installing       : python3-re-3.7.6-r0.56.71.0.corei7_64               89/590 
  Running scriptlet: python3-re-3.7.6-r0.56.71.0.corei7_64               89/590 
  Installing       : python3-reprlib-3.7.6-r0.56.71.0.corei7_64          90/590 
  Running scriptlet: python3-reprlib-3.7.6-r0.56.71.0.corei7_64          90/590 
  Installing       : python3-math-3.7.6-r0.56.71.0.corei7_64             91/590 
  Running scriptlet: python3-math-3.7.6-r0.56.71.0.corei7_64             91/590 
  Installing       : python3-crypt-3.7.6-r0.56.71.0.corei7_64            92/590 
  Running scriptlet: python3-crypt-3.7.6-r0.56.71.0.corei7_64            92/590 
  Installing       : python3-email-3.7.6-r0.56.71.0.corei7_64            93/590 
  Running scriptlet: python3-email-3.7.6-r0.56.71.0.corei7_64            93/590 
  Installing       : python3-netclient-3.7.6-r0.56.71.0.corei7_64        94/590 
  Running scriptlet: python3-netclient-3.7.6-r0.56.71.0.corei7_64        94/590 
  Installing       : python3-stringold-3.7.6-r0.56.71.0.corei7_64        95/590 
  Running scriptlet: python3-stringold-3.7.6-r0.56.71.0.corei7_64        95/590 
  Installing       : python3-core-3.7.6-r0.56.71.0.corei7_64             96/590 
  Running scriptlet: python3-core-3.7.6-r0.56.71.0.corei7_64             96/590 
  Installing       : python3-argparse-3.7.6-r0.56.71.0.corei7_64         97/590 
  Running scriptlet: python3-argparse-3.7.6-r0.56.71.0.corei7_64         97/590 
  Installing       : python3-textutils-3.7.6-r0.56.71.0.corei7_64        98/590 
  Running scriptlet: python3-textutils-3.7.6-r0.56.71.0.corei7_64        98/590 
  Installing       : python3-io-3.7.6-r0.56.71.0.corei7_64               99/590 
  Running scriptlet: python3-io-3.7.6-r0.56.71.0.corei7_64               99/590 
  Installing       : python3-unixadmin-3.7.6-r0.56.71.0.corei7_64       100/590 
  Running scriptlet: python3-unixadmin-3.7.6-r0.56.71.0.corei7_64       100/590 
  Installing       : python3-shell-3.7.6-r0.56.71.0.corei7_64           101/590 
  Running scriptlet: python3-shell-3.7.6-r0.56.71.0.corei7_64           101/590 
  Installing       : python3-logging-3.7.6-r0.56.71.0.corei7_64         102/590 
  Running scriptlet: python3-logging-3.7.6-r0.56.71.0.corei7_64         102/590 
  Installing       : python3-pickle-3.7.6-r0.56.71.0.corei7_64          103/590 
  Running scriptlet: python3-pickle-3.7.6-r0.56.71.0.corei7_64          103/590 
  Installing       : librepo0-1.7.20+git0+e1137cbbda-r0.73.71.0.corei   104/590 
  Running scriptlet: librepo0-1.7.20+git0+e1137cbbda-r0.73.71.0.corei   104/590 
  Installing       : python3-distutils-3.7.6-r0.56.71.0.corei7_64       105/590 
  Running scriptlet: python3-distutils-3.7.6-r0.56.71.0.corei7_64       105/590 
  Installing       : python3-fcntl-3.7.6-r0.56.71.0.corei7_64           106/590 
  Running scriptlet: python3-fcntl-3.7.6-r0.56.71.0.corei7_64           106/590 
  Installing       : python3-threading-3.7.6-r0.56.71.0.corei7_64       107/590 
  Running scriptlet: python3-threading-3.7.6-r0.56.71.0.corei7_64       107/590 
  Installing       : ncurses-6.0+20160625-r0.64.corei7_64               108/590 
  Running scriptlet: ncurses-6.0+20160625-r0.64.corei7_64               108/590 
  Installing       : ncurses-terminfo-base-6.0+20160625-r0.64.corei7_   109/590 
  Running scriptlet: ncurses-terminfo-base-6.0+20160625-r0.64.corei7_   109/590 
  Installing       : pam-plugin-keyinit-1.3.0-r5.66.71.0.corei7_64      110/590 
  Running scriptlet: pam-plugin-keyinit-1.3.0-r5.66.71.0.corei7_64      110/590 
  Installing       : pam-plugin-loginuid-1.3.0-r5.66.71.0.corei7_64     111/590 
  Running scriptlet: pam-plugin-loginuid-1.3.0-r5.66.71.0.corei7_64     111/590 
  Installing       : python-contextlib-2.7.12-r1.65.71.0.corei7_64      112/590 
  Running scriptlet: python-contextlib-2.7.12-r1.65.71.0.corei7_64      112/590 
  Installing       : python-mime-2.7.12-r1.65.71.0.corei7_64            113/590 
  Running scriptlet: python-mime-2.7.12-r1.65.71.0.corei7_64            113/590 
  Installing       : python-netclient-2.7.12-r1.65.71.0.corei7_64       114/590 
  Running scriptlet: python-netclient-2.7.12-r1.65.71.0.corei7_64       114/590 
  Installing       : python-logging-2.7.12-r1.65.71.0.corei7_64         115/590 
  Running scriptlet: python-logging-2.7.12-r1.65.71.0.corei7_64         115/590 
  Installing       : python-pickle-2.7.12-r1.65.71.0.corei7_64          116/590 
  Running scriptlet: python-pickle-2.7.12-r1.65.71.0.corei7_64          116/590 
  Installing       : python-io-2.7.12-r1.65.71.0.corei7_64              117/590 
  Running scriptlet: python-io-2.7.12-r1.65.71.0.corei7_64              117/590 
  Installing       : python-textutils-2.7.12-r1.65.71.0.corei7_64       118/590 
  Running scriptlet: python-textutils-2.7.12-r1.65.71.0.corei7_64       118/590 
  Installing       : python-six-1.10.0-r0.65.71.0.corei7_64             119/590 
  Running scriptlet: python-six-1.10.0-r0.65.71.0.corei7_64             119/590 
  Installing       : python-pprint-2.7.12-r1.65.71.0.corei7_64          120/590 
  Running scriptlet: python-pprint-2.7.12-r1.65.71.0.corei7_64          120/590 
  Installing       : python-unittest-2.7.12-r1.65.71.0.corei7_64        121/590 
  Running scriptlet: python-unittest-2.7.12-r1.65.71.0.corei7_64        121/590 
  Installing       : python-fcntl-2.7.12-r1.65.71.0.corei7_64           122/590 
  Running scriptlet: python-fcntl-2.7.12-r1.65.71.0.corei7_64           122/590 
  Installing       : python-subprocess-2.7.12-r1.65.71.0.corei7_64      123/590 
  Running scriptlet: python-subprocess-2.7.12-r1.65.71.0.corei7_64      123/590 
  Installing       : python-ipy-0.83-r0.65.71.0.corei7_64               124/590 
  Running scriptlet: python-ipy-0.83-r0.65.71.0.corei7_64               124/590 
  Installing       : python-debugger-2.7.12-r1.65.71.0.corei7_64        125/590 
  Running scriptlet: python-debugger-2.7.12-r1.65.71.0.corei7_64        125/590 
  Installing       : python-selectors2-2.0.1-r1.57.71.0.corei7_64       126/590 
  Running scriptlet: python-selectors2-2.0.1-r1.57.71.0.corei7_64       126/590 
  Installing       : python-argparse-2.7.12-r1.65.71.0.corei7_64        127/590 
  Running scriptlet: python-argparse-2.7.12-r1.65.71.0.corei7_64        127/590 
  Installing       : python-plistlib-2.7.12-r1.65.71.0.corei7_64        128/590 
  Running scriptlet: python-plistlib-2.7.12-r1.65.71.0.corei7_64        128/590 
  Installing       : python-decorator-4.0.10-r0.65.71.0.corei7_64       129/590 
  Running scriptlet: python-decorator-4.0.10-r0.65.71.0.corei7_64       129/590 
  Running scriptlet: openssh-sshd-7.3p1-r0.5.73.71.0.corei7_64          130/590 
Running useradd commands...
NOTE: openssh: Performing useradd with [ --system --no-create-home --home-dir /var/run/sshd --shell /bin/false --user-group sshd]
  Installing       : openssh-sshd-7.3p1-r0.5.73.71.0.corei7_64          130/590 
  Running scriptlet: openssh-sshd-7.3p1-r0.5.73.71.0.corei7_64          130/590 
Created symlink /etc/systemd/system/sockets.target.wants/sshd.socket → /lib/systemd/system/sshd.socket.
Failed to connect to bus: No such file or directory
  Installing       : python3-gpg-1.10.0-r0.69.71.0.corei7_64            131/590 
  Running scriptlet: python3-gpg-1.10.0-r0.69.71.0.corei7_64            131/590 
  Installing       : python3-six-1.10.0-r0.69.71.0.corei7_64            132/590 
  Running scriptlet: python3-six-1.10.0-r0.69.71.0.corei7_64            132/590 
  Installing       : python3-iniparse-0.4-r0.69.71.0.corei7_64          133/590 
  Running scriptlet: python3-iniparse-0.4-r0.69.71.0.corei7_64          133/590 
  Installing       : libcomps0.1.8-0.1.8+git0+01a4759894-r0.70.71.0.c   134/590 
  Running scriptlet: libcomps0.1.8-0.1.8+git0+01a4759894-r0.70.71.0.c   134/590 
  Installing       : python3-audio-3.7.6-r0.56.71.0.corei7_64           135/590 
  Running scriptlet: python3-audio-3.7.6-r0.56.71.0.corei7_64           135/590 
  Installing       : python3-curses-3.7.6-r0.56.71.0.corei7_64          136/590 
  Running scriptlet: python3-curses-3.7.6-r0.56.71.0.corei7_64          136/590 
  Installing       : python3-enum-3.7.6-r0.56.71.0.corei7_64            137/590 
  Running scriptlet: python3-enum-3.7.6-r0.56.71.0.corei7_64            137/590 
  Installing       : python3-signal-3.7.6-r0.56.71.0.corei7_64          138/590 
  Running scriptlet: python3-signal-3.7.6-r0.56.71.0.corei7_64          138/590 
  Installing       : python3-html-3.7.6-r0.56.71.0.corei7_64            139/590 
  Running scriptlet: python3-html-3.7.6-r0.56.71.0.corei7_64            139/590 
  Installing       : python3-json-3.7.6-r0.56.71.0.corei7_64            140/590 
  Running scriptlet: python3-json-3.7.6-r0.56.71.0.corei7_64            140/590 
  Installing       : python3-numbers-3.7.6-r0.56.71.0.corei7_64         141/590 
  Running scriptlet: python3-numbers-3.7.6-r0.56.71.0.corei7_64         141/590 
  Installing       : python3-pkgutil-3.7.6-r0.56.71.0.corei7_64         142/590 
  Running scriptlet: python3-pkgutil-3.7.6-r0.56.71.0.corei7_64         142/590 
  Installing       : python3-pydoc-3.7.6-r0.56.71.0.corei7_64           143/590 
  Running scriptlet: python3-pydoc-3.7.6-r0.56.71.0.corei7_64           143/590 
  Installing       : python3-misc-3.7.6-r0.56.71.0.corei7_64            144/590 
  Running scriptlet: python3-misc-3.7.6-r0.56.71.0.corei7_64            144/590 
  Installing       : python3-pprint-3.7.6-r0.56.71.0.corei7_64          145/590 
  Running scriptlet: python3-pprint-3.7.6-r0.56.71.0.corei7_64          145/590 
  Installing       : python3-pygpgme-0.3-r0.63.71.0.corei7_64           146/590 
  Running scriptlet: python3-pygpgme-0.3-r0.63.71.0.corei7_64           146/590 
  Installing       : python3-selectors-3.7.6-r0.56.71.0.corei7_64       147/590 
  Running scriptlet: python3-selectors-3.7.6-r0.56.71.0.corei7_64       147/590 
  Installing       : python3-sqlite3-3.7.6-r0.56.71.0.corei7_64         148/590 
  Running scriptlet: python3-sqlite3-3.7.6-r0.56.71.0.corei7_64         148/590 
  Installing       : python3-xml-3.7.6-r0.56.71.0.corei7_64             149/590 
  Running scriptlet: python3-xml-3.7.6-r0.56.71.0.corei7_64             149/590 
  Installing       : tcl-8.6.6-r0.65.corei7_64                          150/590 
  Running scriptlet: tcl-8.6.6-r0.65.corei7_64                          150/590 
  Installing       : libsolvext0-0.6.33-r0.88.71.0.corei7_64            151/590 
  Running scriptlet: libsolvext0-0.6.33-r0.88.71.0.corei7_64            151/590 
  Installing       : perl-module-cwd-5.22.1-r0.64.corei7_64             152/590 
  Running scriptlet: perl-module-cwd-5.22.1-r0.64.corei7_64             152/590 
  Installing       : perl-module-file-spec-unix-5.22.1-r0.64.corei7_6   153/590 
  Running scriptlet: perl-module-file-spec-unix-5.22.1-r0.64.corei7_6   153/590 
  Installing       : perl-module-file-spec-5.22.1-r0.64.corei7_64       154/590 
  Running scriptlet: perl-module-file-spec-5.22.1-r0.64.corei7_64       154/590 
  Installing       : perl-module-pod-usage-5.22.1-r0.64.corei7_64       155/590 
  Running scriptlet: perl-module-pod-usage-5.22.1-r0.64.corei7_64       155/590 
  Installing       : perl-module-file-glob-5.22.1-r0.64.corei7_64       156/590 
  Running scriptlet: perl-module-file-glob-5.22.1-r0.64.corei7_64       156/590 
  Installing       : perl-module-file-globmapper-5.22.1-r0.64.corei7_   157/590 
  Running scriptlet: perl-module-file-globmapper-5.22.1-r0.64.corei7_   157/590 
  Installing       : perl-module-io-5.22.1-r0.64.corei7_64              158/590 
  Running scriptlet: perl-module-io-5.22.1-r0.64.corei7_64              158/590 
  Installing       : perl-module-io-file-5.22.1-r0.64.corei7_64         159/590 
  Running scriptlet: perl-module-io-file-5.22.1-r0.64.corei7_64         159/590 
  Installing       : perl-module-io-handle-5.22.1-r0.64.corei7_64       160/590 
  Running scriptlet: perl-module-io-handle-5.22.1-r0.64.corei7_64       160/590 
  Installing       : perl-module-io-seekable-5.22.1-r0.64.corei7_64     161/590 
  Running scriptlet: perl-module-io-seekable-5.22.1-r0.64.corei7_64     161/590 
  Installing       : perl-module-mro-5.22.1-r0.64.corei7_64             162/590 
  Running scriptlet: perl-module-mro-5.22.1-r0.64.corei7_64             162/590 
  Installing       : perl-module-zmq-constants-1.04-r0.64.corei7_64     163/590 
  Running scriptlet: perl-module-zmq-constants-1.04-r0.64.corei7_64     163/590 
  Installing       : perl-module-errno-5.22.1-r0.64.corei7_64           164/590 
  Running scriptlet: perl-module-errno-5.22.1-r0.64.corei7_64           164/590 
  Installing       : perl-module-text-parsewords-5.22.1-r0.64.corei7_   165/590 
  Running scriptlet: perl-module-text-parsewords-5.22.1-r0.64.corei7_   165/590 
  Installing       : perl-module-feature-5.22.1-r0.64.corei7_64         166/590 
  Running scriptlet: perl-module-feature-5.22.1-r0.64.corei7_64         166/590 
  Installing       : perl-module-term-cap-5.22.1-r0.64.corei7_64        167/590 
  Running scriptlet: perl-module-term-cap-5.22.1-r0.64.corei7_64        167/590 
  Installing       : perl-module-re-5.22.1-r0.64.corei7_64              168/590 
  Running scriptlet: perl-module-re-5.22.1-r0.64.corei7_64              168/590 
  Installing       : perl-module-file-basename-5.22.1-r0.64.corei7_64   169/590 
  Running scriptlet: perl-module-file-basename-5.22.1-r0.64.corei7_64   169/590 
  Installing       : perl-module-file-copy-5.22.1-r0.64.corei7_64       170/590 
  Running scriptlet: perl-module-file-copy-5.22.1-r0.64.corei7_64       170/590 
  Installing       : perl-module-tie-hash-5.22.1-r0.64.corei7_64        171/590 
  Running scriptlet: perl-module-tie-hash-5.22.1-r0.64.corei7_64        171/590 
  Installing       : perl-module-posix-5.22.1-r0.64.corei7_64           172/590 
  Running scriptlet: perl-module-posix-5.22.1-r0.64.corei7_64           172/590 
  Installing       : perl-module-bytes-heavy-5.22.1-r0.64.corei7_64     173/590 
  Running scriptlet: perl-module-bytes-heavy-5.22.1-r0.64.corei7_64     173/590 
  Installing       : perl-module-bytes-5.22.1-r0.64.corei7_64           174/590 
  Running scriptlet: perl-module-bytes-5.22.1-r0.64.corei7_64           174/590 
  Installing       : perl-module-compress-raw-zlib-5.22.1-r0.64.corei   175/590 
  Running scriptlet: perl-module-compress-raw-zlib-5.22.1-r0.64.corei   175/590 
  Installing       : perl-module-io-compress-gzip-constants-5.22.1-r0   176/590 
  Running scriptlet: perl-module-io-compress-gzip-constants-5.22.1-r0   176/590 
  Installing       : perl-module-io-compress-zlib-extra-5.22.1-r0.64.   177/590 
  Running scriptlet: perl-module-io-compress-zlib-extra-5.22.1-r0.64.   177/590 
  Installing       : perl-module-common-sense-3.74-r0.64.corei7_64      178/590 
  Running scriptlet: perl-module-common-sense-3.74-r0.64.corei7_64      178/590 
  Installing       : perl-module-encode-config-5.22.1-r0.64.corei7_64   179/590 
  Running scriptlet: perl-module-encode-config-5.22.1-r0.64.corei7_64   179/590 
  Installing       : perl-module-encode-configlocal-pm-5.22.1-r0.64.c   180/590 
  Running scriptlet: perl-module-encode-configlocal-pm-5.22.1-r0.64.c   180/590 
  Installing       : perl-module-encode-mime-name-5.22.1-r0.64.corei7   181/590 
  Running scriptlet: perl-module-encode-mime-name-5.22.1-r0.64.corei7   181/590 
  Installing       : perl-module-encode-alias-5.22.1-r0.64.corei7_64    182/590 
  Running scriptlet: perl-module-encode-alias-5.22.1-r0.64.corei7_64    182/590 
  Installing       : perl-module-encode-encoding-5.22.1-r0.64.corei7_   183/590 
  Running scriptlet: perl-module-encode-encoding-5.22.1-r0.64.corei7_   183/590 
  Installing       : perl-module-encode-5.22.1-r0.64.corei7_64          184/590 
  Running scriptlet: perl-module-encode-5.22.1-r0.64.corei7_64          184/590 
  Installing       : perl-module-integer-5.22.1-r0.64.corei7_64         185/590 
  Running scriptlet: perl-module-integer-5.22.1-r0.64.corei7_64         185/590 
  Installing       : perl-module-math-bigint-calc-5.22.1-r0.64.corei7   186/590 
  Running scriptlet: perl-module-math-bigint-calc-5.22.1-r0.64.corei7   186/590 
  Installing       : perl-module-io-tty-1.12-r0.64.corei7_64            187/590 
  Running scriptlet: perl-module-io-tty-1.12-r0.64.corei7_64            187/590 
  Installing       : perl-module-overload-numbers-5.22.1-r0.64.corei7   188/590 
  Running scriptlet: perl-module-overload-numbers-5.22.1-r0.64.corei7   188/590 
  Installing       : perl-module-overloading-5.22.1-r0.64.corei7_64     189/590 
  Running scriptlet: perl-module-overloading-5.22.1-r0.64.corei7_64     189/590 
  Installing       : perl-module-overload-5.22.1-r0.64.corei7_64        190/590 
  Running scriptlet: perl-module-overload-5.22.1-r0.64.corei7_64        190/590 
  Installing       : perl-module-math-bigfloat-5.22.1-r0.64.corei7_64   191/590 
  Running scriptlet: perl-module-math-bigfloat-5.22.1-r0.64.corei7_64   191/590 
  Installing       : perl-module-math-bigint-5.22.1-r0.64.corei7_64     192/590 
  Running scriptlet: perl-module-math-bigint-5.22.1-r0.64.corei7_64     192/590 
  Installing       : perl-module-carp-clan-6.04-r0.64.corei7_64         193/590 
  Running scriptlet: perl-module-carp-clan-6.04-r0.64.corei7_64         193/590 
  Installing       : perl-module-data-dumper-5.22.1-r0.64.corei7_64     194/590 
  Running scriptlet: perl-module-data-dumper-5.22.1-r0.64.corei7_64     194/590 
  Installing       : perl-module-b-deparse-5.22.1-r0.64.corei7_64       195/590 
  Running scriptlet: perl-module-b-deparse-5.22.1-r0.64.corei7_64       195/590 
  Installing       : perl-module-getopt-long-5.22.1-r0.64.corei7_64     196/590 
  Running scriptlet: perl-module-getopt-long-5.22.1-r0.64.corei7_64     196/590 
  Installing       : perl-module-subs-5.22.1-r0.64.corei7_64            197/590 
  Running scriptlet: perl-module-subs-5.22.1-r0.64.corei7_64            197/590 
  Installing       : perl-module-utf8-heavy-5.22.1-r0.64.corei7_64      198/590 
  Running scriptlet: perl-module-utf8-heavy-5.22.1-r0.64.corei7_64      198/590 
  Installing       : perl-module-utf8-5.22.1-r0.64.corei7_64            199/590 
  Running scriptlet: perl-module-utf8-5.22.1-r0.64.corei7_64            199/590 
  Installing       : perl-module-io-compress-base-common-5.22.1-r0.64   200/590 
  Running scriptlet: perl-module-io-compress-base-common-5.22.1-r0.64   200/590 
  Installing       : perl-module-io-compress-adapter-deflate-5.22.1-r   201/590 
  Running scriptlet: perl-module-io-compress-adapter-deflate-5.22.1-r   201/590 
  Installing       : perl-module-io-compress-base-5.22.1-r0.64.corei7   202/590 
  Running scriptlet: perl-module-io-compress-base-5.22.1-r0.64.corei7   202/590 
  Installing       : perl-module-io-compress-rawdeflate-5.22.1-r0.64.   203/590 
  Running scriptlet: perl-module-io-compress-rawdeflate-5.22.1-r0.64.   203/590 
  Installing       : perl-module-io-compress-gzip-5.22.1-r0.64.corei7   204/590 
  Running scriptlet: perl-module-io-compress-gzip-5.22.1-r0.64.corei7   204/590 
  Installing       : perl-module-io-uncompress-adapter-inflate-5.22.1   205/590 
  Running scriptlet: perl-module-io-uncompress-adapter-inflate-5.22.1   205/590 
  Installing       : perl-module-io-uncompress-base-5.22.1-r0.64.core   206/590 
  Running scriptlet: perl-module-io-uncompress-base-5.22.1-r0.64.core   206/590 
  Installing       : perl-module-io-uncompress-rawinflate-5.22.1-r0.6   207/590 
  Running scriptlet: perl-module-io-uncompress-rawinflate-5.22.1-r0.6   207/590 
  Installing       : perl-module-io-uncompress-gunzip-5.22.1-r0.64.co   208/590 
  Running scriptlet: perl-module-io-uncompress-gunzip-5.22.1-r0.64.co   208/590 
  Installing       : libnftnl4-1.0.6-r0.64.corei7_64                    209/590 
  Running scriptlet: libnftnl4-1.0.6-r0.64.corei7_64                    209/590 
  Installing       : lvm2-2.02.180-r0.53.71.0.corei7_64                 210/590 
  Running scriptlet: lvm2-2.02.180-r0.53.71.0.corei7_64                 210/590 
Created symlink /etc/systemd/system/sysinit.target.wants/lvm2-monitor.service → /lib/systemd/system/lvm2-monitor.service.
Failed to connect to bus: No such file or directory
  Installing       : iputils-ping6-s20151218-r0.67.71.0.corei7_64       211/590 
  Running scriptlet: iputils-ping6-s20151218-r0.67.71.0.corei7_64       211/590 
update-alternatives: Linking /bin/ping6 to /bin/ping6.iputils
  Installing       : libnl-nf-3-200-1:3.2.28-r0.64.corei7_64            212/590 
  Running scriptlet: libnl-nf-3-200-1:3.2.28-r0.64.corei7_64            212/590 
  Installing       : python-ctypes-2.7.12-r1.65.71.0.corei7_64          213/590 
  Running scriptlet: python-ctypes-2.7.12-r1.65.71.0.corei7_64          213/590 
  Installing       : python-json-2.7.12-r1.65.71.0.corei7_64            214/590 
  Running scriptlet: python-json-2.7.12-r1.65.71.0.corei7_64            214/590 
  Installing       : libksba8-1.3.4-r0.64.corei7_64                     215/590 
  Running scriptlet: libksba8-1.3.4-r0.64.corei7_64                     215/590 
  Installing       : libarchive-3.2.2-r0.66.71.0.corei7_64              216/590 
  Running scriptlet: libarchive-3.2.2-r0.66.71.0.corei7_64              216/590 
  Installing       : libxslt-1.1.29-r0.66.71.0.corei7_64                217/590 
  Running scriptlet: libxslt-1.1.29-r0.66.71.0.corei7_64                217/590 
  Installing       : gawk-4.1.3-r0.64.corei7_64                         218/590 
  Running scriptlet: gawk-4.1.3-r0.64.corei7_64                         218/590 
update-alternatives: Linking /usr/bin/awk to /usr/bin/gawk
  Installing       : parted-3.2-r1.2.67.71.0.corei7_64                  219/590 
  Running scriptlet: parted-3.2-r1.2.67.71.0.corei7_64                  219/590 
  Installing       : efivar-0.24-r0.64.corei7_64                        220/590 
  Running scriptlet: efivar-0.24-r0.64.corei7_64                        220/590 
  Installing       : rsync-3.1.2-r0.65.corei7_64                        221/590 
  Running scriptlet: rsync-3.1.2-r0.65.corei7_64                        221/590 
  Installing       : python-networkx-1.11-r0.65.71.0.corei7_64          222/590 
  Running scriptlet: python-networkx-1.11-r0.65.71.0.corei7_64          222/590 
  Installing       : slang-2.3.1a-r0.64.corei7_64                       223/590 
  Running scriptlet: slang-2.3.1a-r0.64.corei7_64                       223/590 
  Installing       : python-pycrypto-2.6.1-r0.57.71.0.corei7_64         224/590 
  Running scriptlet: python-pycrypto-2.6.1-r0.57.71.0.corei7_64         224/590 
  Installing       : e2fsprogs-badblocks-1.43-r1.67.71.0.corei7_64      225/590 
  Running scriptlet: e2fsprogs-badblocks-1.43-r1.67.71.0.corei7_64      225/590 
  Installing       : libasm1-0.166-r0.64.corei7_64                      226/590 
  Running scriptlet: libasm1-0.166-r0.64.corei7_64                      226/590 
  Installing       : elfutils-0.166-r0.64.corei7_64                     227/590 
  Running scriptlet: elfutils-0.166-r0.64.corei7_64                     227/590 
  Installing       : util-linux-losetup-2.28.1-r0.3.67.71.0.corei7_64   228/590 
  Running scriptlet: util-linux-losetup-2.28.1-r0.3.67.71.0.corei7_64   228/590 
update-alternatives: Linking /sbin/losetup to /sbin/losetup.util-linux
  Installing       : util-linux-swaponoff-2.28.1-r0.3.67.71.0.corei7_   229/590 
  Running scriptlet: util-linux-swaponoff-2.28.1-r0.3.67.71.0.corei7_   229/590 
update-alternatives: Linking /sbin/swapoff to /sbin/swapoff.util-linux
update-alternatives: Linking /sbin/swapon to /sbin/swapon.util-linux
  Installing       : libss2-1.43-r1.67.71.0.corei7_64                   230/590 
  Running scriptlet: libss2-1.43-r1.67.71.0.corei7_64                   230/590 
  Installing       : openssh-ssh-7.3p1-r0.5.73.71.0.corei7_64           231/590 
  Running scriptlet: openssh-ssh-7.3p1-r0.5.73.71.0.corei7_64           231/590 
update-alternatives: Linking /usr/bin/ssh to /usr/bin/ssh.openssh
  Installing       : binutils-2.24-r0.64.corei7_64                      232/590 
  Running scriptlet: binutils-2.24-r0.64.corei7_64                      232/590 
update-alternatives: Linking /usr/bin/addr2line to /usr/bin/x86_64-xr-linux-addr2line
update-alternatives: Linking /usr/bin/ar to /usr/bin/x86_64-xr-linux-ar
update-alternatives: Linking /usr/bin/as to /usr/bin/x86_64-xr-linux-as
update-alternatives: Linking /usr/bin/c++filt to /usr/bin/x86_64-xr-linux-c++filt
update-alternatives: Linking /usr/bin/elfedit to /usr/bin/x86_64-xr-linux-elfedit
update-alternatives: Linking /usr/bin/gprof to /usr/bin/x86_64-xr-linux-gprof
update-alternatives: Linking /usr/bin/ld to /usr/bin/x86_64-xr-linux-ld
update-alternatives: Linking /usr/bin/ld.bfd to /usr/bin/x86_64-xr-linux-ld.bfd
update-alternatives: Linking /usr/bin/nm to /usr/bin/x86_64-xr-linux-nm
update-alternatives: Linking /usr/bin/objcopy to /usr/bin/x86_64-xr-linux-objcopy
update-alternatives: Linking /usr/bin/objdump to /usr/bin/x86_64-xr-linux-objdump
update-alternatives: Linking /usr/bin/ranlib to /usr/bin/x86_64-xr-linux-ranlib
update-alternatives: Linking /usr/bin/readelf to /usr/bin/x86_64-xr-linux-readelf
update-alternatives: Linking /usr/bin/size to /usr/bin/x86_64-xr-linux-size
update-alternatives: Linking /usr/bin/strings to /usr/bin/x86_64-xr-linux-strings
update-alternatives: Linking /usr/bin/strip to /usr/bin/x86_64-xr-linux-strip
  Installing       : bridge-utils-1.5-r0.64.corei7_64                   233/590 
  Running scriptlet: bridge-utils-1.5-r0.64.corei7_64                   233/590 
update-alternatives: Linking /usr/sbin/brctl to /usr/sbin/brctl.bridge-utils
  Installing       : cracklib-2.9.5-r0.64.corei7_64                     234/590 
  Running scriptlet: cracklib-2.9.5-r0.64.corei7_64                     234/590 
  Installing       : debianutils-run-parts-4.8-r0.64.corei7_64          235/590 
  Running scriptlet: debianutils-run-parts-4.8-r0.64.corei7_64          235/590 
update-alternatives: Linking /bin/run-parts to /usr/lib64/busybox/bin/run-parts
  Installing       : dnsmasq-2.76-r0.64.corei7_64                       236/590 
  Running scriptlet: dnsmasq-2.76-r0.64.corei7_64                       236/590 
  Installing       : fuser-22.21-r0.2.65.71.0.corei7_64                 237/590 
  Running scriptlet: fuser-22.21-r0.2.65.71.0.corei7_64                 237/590 
update-alternatives: Linking /usr/bin/fuser to /usr/bin/fuser.psmisc
  Installing       : glibc-gconv-2.24-r0.64.corei7_64                   238/590 
  Running scriptlet: glibc-gconv-2.24-r0.64.corei7_64                   238/590 
  Installing       : glibc-gconv-ibm850-2.24-r0.64.corei7_64            239/590 
  Running scriptlet: glibc-gconv-ibm850-2.24-r0.64.corei7_64            239/590 
  Installing       : mtools-4.0.18-r0.64.corei7_64                      240/590 
  Running scriptlet: mtools-4.0.18-r0.64.corei7_64                      240/590 
  Installing       : grub-editenv-2.02-r0.65.corei7_64                  241/590 
  Running scriptlet: grub-editenv-2.02-r0.65.corei7_64                  241/590 
  Installing       : gzip-1.8-r0.64.corei7_64                           242/590 
  Running scriptlet: gzip-1.8-r0.64.corei7_64                           242/590 
update-alternatives: Linking /bin/gunzip to /bin/gunzip.gzip
update-alternatives: Linking /bin/gzip to /bin/gzip.gzip
update-alternatives: Linking /bin/zcat to /bin/zcat.gzip
  Installing       : initscripts-functions-1.0-r155.3.57.corei7_64      243/590 
  Running scriptlet: initscripts-functions-1.0-r155.3.57.corei7_64      243/590 
update-alternatives: Linking /etc/init.d/functions to /etc/init.d/functions.initscripts
  Installing       : iputils-arping-s20151218-r0.67.71.0.corei7_64      244/590 
  Running scriptlet: iputils-arping-s20151218-r0.67.71.0.corei7_64      244/590 
  Installing       : iputils-clockdiff-s20151218-r0.67.71.0.corei7_64   245/590 
  Running scriptlet: iputils-clockdiff-s20151218-r0.67.71.0.corei7_64   245/590 
  Installing       : iputils-ping-s20151218-r0.67.71.0.corei7_64        246/590 
  Running scriptlet: iputils-ping-s20151218-r0.67.71.0.corei7_64        246/590 
update-alternatives: Linking /bin/ping to /bin/ping.iputils
  Installing       : iputils-tracepath-s20151218-r0.67.71.0.corei7_64   247/590 
  Running scriptlet: iputils-tracepath-s20151218-r0.67.71.0.corei7_64   247/590 
  Installing       : iputils-tracepath6-s20151218-r0.67.71.0.corei7_6   248/590 
  Running scriptlet: iputils-tracepath6-s20151218-r0.67.71.0.corei7_6   248/590 
  Installing       : iputils-traceroute6-s20151218-r0.67.71.0.corei7_   249/590 
  Running scriptlet: iputils-traceroute6-s20151218-r0.67.71.0.corei7_   249/590 
  Installing       : keyutils-1.5.9-r1.64.corei7_64                     250/590 
  Running scriptlet: keyutils-1.5.9-r1.64.corei7_64                     250/590 
  Installing       : killall-22.21-r0.2.65.71.0.corei7_64               251/590 
  Running scriptlet: killall-22.21-r0.2.65.71.0.corei7_64               251/590 
update-alternatives: Linking /usr/bin/killall to /usr/bin/killall.psmisc
  Installing       : libavahi-common3-0.6.32-r0.87.71.0.corei7_64       252/590 
  Running scriptlet: libavahi-common3-0.6.32-r0.87.71.0.corei7_64       252/590 
  Installing       : libcap-bin-2.25-r0.66.71.0.corei7_64               253/590 
  Running scriptlet: libcap-bin-2.25-r0.66.71.0.corei7_64               253/590 
  Installing       : libcgroup-0.41-r0.3.66.71.0.corei7_64              254/590 
  Running scriptlet: libcgroup-0.41-r0.3.66.71.0.corei7_64              254/590 
  Installing       : libgdbm4-1.12-r0.64.corei7_64                      255/590 
  Running scriptlet: libgdbm4-1.12-r0.64.corei7_64                      255/590 
  Installing       : libnpth0-1.2-r0.64.corei7_64                       256/590 
  Running scriptlet: libnpth0-1.2-r0.64.corei7_64                       256/590 
  Installing       : libpcap1-1.7.4-r0.64.corei7_64                     257/590 
  Running scriptlet: libpcap1-1.7.4-r0.64.corei7_64                     257/590 
  Installing       : libsemanage-python-2.6-r0.66.71.0.corei7_64        258/590 
  Running scriptlet: libsemanage-python-2.6-r0.66.71.0.corei7_64        258/590 
  Installing       : libsodium13-1.0.1-r0.65.corei7_64                  259/590 
  Running scriptlet: libsodium13-1.0.1-r0.65.corei7_64                  259/590 
  Installing       : zeromq-4.1.5-r0.66.corei7_64                       260/590 
  Running scriptlet: zeromq-4.1.5-r0.66.corei7_64                       260/590 
  Installing       : libsysfs2-2.1.0-r5.64.corei7_64                    261/590 
  Running scriptlet: libsysfs2-2.1.0-r5.64.corei7_64                    261/590 
  Installing       : libtic5-6.0+20160625-r0.64.corei7_64               262/590 
  Running scriptlet: libtic5-6.0+20160625-r0.64.corei7_64               262/590 
  Installing       : libuio0-1.0-r2.64.corei7_64                        263/590 
  Running scriptlet: libuio0-1.0-r2.64.corei7_64                        263/590 
  Installing       : libusb-1.0-0-1.0.20-r0.64.corei7_64                264/590 
  Running scriptlet: libusb-1.0-0-1.0.20-r0.64.corei7_64                264/590 
  Installing       : lmsensors-fancontrol-3.4.0-r0.87.71.0.corei7_64    265/590 
  Running scriptlet: lmsensors-fancontrol-3.4.0-r0.87.71.0.corei7_64    265/590 
  Installing       : lz4-131+git0+d86dc91677-r0.64.corei7_64            266/590 
  Running scriptlet: lz4-131+git0+d86dc91677-r0.64.corei7_64            266/590 
  Installing       : zstd-1.33+git0+f3a8bd553a-r0.50.corei7_64          267/590 
  Running scriptlet: zstd-1.33+git0+f3a8bd553a-r0.50.corei7_64          267/590 
  Installing       : m4-1.4.17-r0.64.corei7_64                          268/590 
  Running scriptlet: m4-1.4.17-r0.64.corei7_64                          268/590 
  Installing       : flex-2.6.0-r0.64.corei7_64                         269/590 
  Running scriptlet: flex-2.6.0-r0.64.corei7_64                         269/590 
  Installing       : netbase-1:5.3-r0.64.corei7_64                      270/590 
  Running scriptlet: netbase-1:5.3-r0.64.corei7_64                      270/590 
  Installing       : nspr-4.29-r0.38.corei7_64                          271/590 
  Running scriptlet: nspr-4.29-r0.38.corei7_64                          271/590 
  Installing       : nss-3.60-r0.39.corei7_64                           272/590 
  Running scriptlet: nss-3.60-r0.39.corei7_64                           272/590 
  Installing       : rpm-1:4.14.1-r0.88.71.0.corei7_64                  273/590 
  Running scriptlet: rpm-1:4.14.1-r0.88.71.0.corei7_64                  273/590 
  Installing       : libdnf1-0.11.1-r0.91.71.0.corei7_64                274/590 
  Running scriptlet: libdnf1-0.11.1-r0.91.71.0.corei7_64                274/590 
  Installing       : python3-rpm-1:4.14.1-r0.88.71.0.corei7_64          275/590 
  Running scriptlet: python3-rpm-1:4.14.1-r0.88.71.0.corei7_64          275/590 
  Installing       : openssh-scp-7.3p1-r0.5.73.71.0.corei7_64           276/590 
  Running scriptlet: openssh-scp-7.3p1-r0.5.73.71.0.corei7_64           276/590 
update-alternatives: Linking /usr/bin/scp to /usr/bin/scp.openssh
  Installing       : openssl-conf-1.0.2j-r0.64.corei7_64                277/590 
  Running scriptlet: openssl-conf-1.0.2j-r0.64.corei7_64                277/590 
  Installing       : openssl-1.0.2j-r0.64.corei7_64                     278/590 
  Running scriptlet: openssl-1.0.2j-r0.64.corei7_64                     278/590 
  Installing       : pam-plugin-access-1.3.0-r5.66.71.0.corei7_64       279/590 
  Running scriptlet: pam-plugin-access-1.3.0-r5.66.71.0.corei7_64       279/590 
  Installing       : pciutils-ids-3.5.1-r0.87.71.0.corei7_64            280/590 
  Running scriptlet: pciutils-ids-3.5.1-r0.87.71.0.corei7_64            280/590 
  Installing       : policycoreutils-setfiles-2.6-r0.67.71.0.corei7_6   281/590 
  Running scriptlet: policycoreutils-setfiles-2.6-r0.67.71.0.corei7_6   281/590 
  Installing       : pstree-22.21-r0.2.65.71.0.corei7_64                282/590 
  Running scriptlet: pstree-22.21-r0.2.65.71.0.corei7_64                282/590 
  Installing       : python-audio-2.7.12-r1.65.71.0.corei7_64           283/590 
  Running scriptlet: python-audio-2.7.12-r1.65.71.0.corei7_64           283/590 
  Installing       : python-compile-2.7.12-r1.65.71.0.corei7_64         284/590 
  Running scriptlet: python-compile-2.7.12-r1.65.71.0.corei7_64         284/590 
  Installing       : python-ecdsa-0.11-r0.57.71.0.corei7_64             285/590 
  Running scriptlet: python-ecdsa-0.11-r0.57.71.0.corei7_64             285/590 
  Installing       : python-paramiko-1.14.3-r0.57.71.0.corei7_64        286/590 
  Running scriptlet: python-paramiko-1.14.3-r0.57.71.0.corei7_64        286/590 
  Installing       : python-enum34-1.1.6-r0.65.71.0.corei7_64           287/590 
  Running scriptlet: python-enum34-1.1.6-r0.65.71.0.corei7_64           287/590 
  Installing       : python-html-2.7.12-r1.65.71.0.corei7_64            288/590 
  Running scriptlet: python-html-2.7.12-r1.65.71.0.corei7_64            288/590 
  Installing       : python-image-2.7.12-r1.65.71.0.corei7_64           289/590 
  Running scriptlet: python-image-2.7.12-r1.65.71.0.corei7_64           289/590 
  Installing       : python-email-2.7.12-r1.65.71.0.corei7_64           290/590 
  Running scriptlet: python-email-2.7.12-r1.65.71.0.corei7_64           290/590 
  Installing       : python-distutils-2.7.12-r1.65.71.0.corei7_64       291/590 
  Running scriptlet: python-distutils-2.7.12-r1.65.71.0.corei7_64       291/590 
  Installing       : python-numbers-2.7.12-r1.65.71.0.corei7_64         292/590 
  Running scriptlet: python-numbers-2.7.12-r1.65.71.0.corei7_64         292/590 
  Installing       : python-pkgutil-2.7.12-r1.65.71.0.corei7_64         293/590 
  Running scriptlet: python-pkgutil-2.7.12-r1.65.71.0.corei7_64         293/590 
  Installing       : python-syslog-2.7.12-r1.65.71.0.corei7_64          294/590 
  Running scriptlet: python-syslog-2.7.12-r1.65.71.0.corei7_64          294/590 
  Installing       : python-threading-2.7.12-r1.65.71.0.corei7_64       295/590 
  Running scriptlet: python-threading-2.7.12-r1.65.71.0.corei7_64       295/590 
  Installing       : python-netserver-2.7.12-r1.65.71.0.corei7_64       296/590 
  Running scriptlet: python-netserver-2.7.12-r1.65.71.0.corei7_64       296/590 
  Installing       : python-unixadmin-2.7.12-r1.65.71.0.corei7_64       297/590 
  Running scriptlet: python-unixadmin-2.7.12-r1.65.71.0.corei7_64       297/590 
  Installing       : policycoreutils-python-2.6-r0.67.71.0.corei7_64    298/590 
  Running scriptlet: policycoreutils-python-2.6-r0.67.71.0.corei7_64    298/590 
  Installing       : python-xml-2.7.12-r1.65.71.0.corei7_64             299/590 
  Running scriptlet: python-xml-2.7.12-r1.65.71.0.corei7_64             299/590 
  Installing       : python-zlib-2.7.12-r1.65.71.0.corei7_64            300/590 
  Running scriptlet: python-zlib-2.7.12-r1.65.71.0.corei7_64            300/590 
  Installing       : python-compression-2.7.12-r1.65.71.0.corei7_64     301/590 
  Running scriptlet: python-compression-2.7.12-r1.65.71.0.corei7_64     301/590 
  Installing       : python-lxml-3.6.4-r0.58.71.0.corei7_64             302/590 
  Running scriptlet: python-lxml-3.6.4-r0.58.71.0.corei7_64             302/590 
  Installing       : python-setuptools-22.0.5-r0.65.71.0.corei7_64      303/590 
  Running scriptlet: python-setuptools-22.0.5-r0.65.71.0.corei7_64      303/590 
  Installing       : python-xmldiff-2.3-r0.57.71.0.corei7_64            304/590 
  Running scriptlet: python-xmldiff-2.3-r0.57.71.0.corei7_64            304/590 
  Installing       : setools-4.1.0-r0.65.71.0.corei7_64                 305/590 
  Running scriptlet: setools-4.1.0-r0.65.71.0.corei7_64                 305/590 
  Installing       : sepolgen-2.6-r0.65.71.0.corei7_64                  306/590 
  Running scriptlet: sepolgen-2.6-r0.65.71.0.corei7_64                  306/590 
  Installing       : sg3-utils-1.42-r0.64.corei7_64                     307/590 
  Running scriptlet: sg3-utils-1.42-r0.64.corei7_64                     307/590 
  Installing       : tzdata-africa-2020c-r0.27.71.0.noarch              308/590 
  Running scriptlet: tzdata-africa-2020c-r0.27.71.0.noarch              308/590 
  Installing       : tzdata-americas-2020c-r0.27.71.0.noarch            309/590 
  Running scriptlet: tzdata-americas-2020c-r0.27.71.0.noarch            309/590 
  Installing       : tzdata-antarctica-2020c-r0.27.71.0.noarch          310/590 
  Running scriptlet: tzdata-antarctica-2020c-r0.27.71.0.noarch          310/590 
  Installing       : tzdata-arctic-2020c-r0.27.71.0.noarch              311/590 
  Running scriptlet: tzdata-arctic-2020c-r0.27.71.0.noarch              311/590 
  Installing       : tzdata-asia-2020c-r0.27.71.0.noarch                312/590 
  Running scriptlet: tzdata-asia-2020c-r0.27.71.0.noarch                312/590 
  Installing       : tzdata-atlantic-2020c-r0.27.71.0.noarch            313/590 
  Running scriptlet: tzdata-atlantic-2020c-r0.27.71.0.noarch            313/590 
  Installing       : tzdata-australia-2020c-r0.27.71.0.noarch           314/590 
  Running scriptlet: tzdata-australia-2020c-r0.27.71.0.noarch           314/590 
  Installing       : tzdata-core-2020c-r0.27.71.0.noarch                315/590 
  Running scriptlet: tzdata-core-2020c-r0.27.71.0.noarch                315/590 
  Installing       : tzdata-europe-2020c-r0.27.71.0.noarch              316/590 
  Running scriptlet: tzdata-europe-2020c-r0.27.71.0.noarch              316/590 
  Installing       : tzdata-misc-2020c-r0.27.71.0.noarch                317/590 
  Running scriptlet: tzdata-misc-2020c-r0.27.71.0.noarch                317/590 
  Installing       : tzdata-pacific-2020c-r0.27.71.0.noarch             318/590 
  Running scriptlet: tzdata-pacific-2020c-r0.27.71.0.noarch             318/590 
  Installing       : tzdata-posix-2020c-r0.27.71.0.noarch               319/590 
  Running scriptlet: tzdata-posix-2020c-r0.27.71.0.noarch               319/590 
  Installing       : tzdata-right-2020c-r0.27.71.0.noarch               320/590 
  Running scriptlet: tzdata-right-2020c-r0.27.71.0.noarch               320/590 
  Installing       : util-linux-runuser-2.28.1-r0.3.67.71.0.corei7_64   321/590 
  Running scriptlet: util-linux-runuser-2.28.1-r0.3.67.71.0.corei7_64   321/590 
  Installing       : util-linux-umount-2.28.1-r0.3.67.71.0.corei7_64    322/590 
  Running scriptlet: util-linux-umount-2.28.1-r0.3.67.71.0.corei7_64    322/590 
update-alternatives: Linking /bin/umount to /bin/umount.util-linux
  Installing       : util-linux-2.28.1-r0.3.67.71.0.corei7_64           323/590 
  Running scriptlet: util-linux-2.28.1-r0.3.67.71.0.corei7_64           323/590 
update-alternatives: Linking /bin/dmesg to /bin/dmesg.util-linux
update-alternatives: Linking /bin/kill to /bin/kill.coreutils
update-alternatives: Linking /bin/more to /bin/more.util-linux
update-alternatives: Linking /sbin/mkswap to /sbin/mkswap.util-linux
update-alternatives: Linking /sbin/blockdev to /sbin/blockdev.util-linux
update-alternatives: Linking /sbin/pivot_root to /sbin/pivot_root.util-linux
update-alternatives: Linking /sbin/switch_root to /sbin/switch_root.util-linux
update-alternatives: Linking /usr/bin/hexdump to /usr/bin/hexdump.util-linux
update-alternatives: Linking /usr/bin/last to /usr/bin/last.util-linux
update-alternatives: Linking /usr/bin/lastb to /usr/bin/lastb.util-linux
update-alternatives: Linking /usr/bin/logger to /usr/bin/logger.util-linux
update-alternatives: Linking /usr/bin/mesg to /usr/bin/mesg.util-linux
update-alternatives: Linking /usr/bin/renice to /usr/bin/renice.util-linux
update-alternatives: Linking /usr/bin/wall to /usr/bin/wall.util-linux
update-alternatives: Linking /usr/bin/setsid to /usr/bin/setsid.util-linux
update-alternatives: Linking /usr/bin/chrt to /usr/bin/chrt.util-linux
update-alternatives: Linking /usr/bin/flock to /usr/bin/flock.util-linux
update-alternatives: Linking /usr/bin/utmpdump to /usr/bin/utmpdump.util-linux
update-alternatives: Linking /usr/bin/eject to /usr/bin/eject.util-linux
update-alternatives: Linking /bin/su to /bin/su.shadow
  Installing       : util-linux-uuidgen-2.28.1-r0.3.67.71.0.corei7_64   324/590 
  Running scriptlet: util-linux-uuidgen-2.28.1-r0.3.67.71.0.corei7_64   324/590 
  Installing       : wr-init-1.0-r0.64.corei7_64                        325/590 
  Running scriptlet: wr-init-1.0-r0.64.corei7_64                        325/590 
  Installing       : packagegroup-core-boot-1.0-r17.64.wrlsdk_x86       326/590 
  Installing       : nvme-cli-1.12+git0+949d0aea73-r0.40.71.0.corei7_   327/590 
  Running scriptlet: nvme-cli-1.12+git0+949d0aea73-r0.40.71.0.corei7_   327/590 
  Installing       : efitools-1.7.0+git0+791e4639ee-r0.76.corei7_64     328/590 
  Running scriptlet: efitools-1.7.0+git0+791e4639ee-r0.76.corei7_64     328/590 
  Installing       : tzdata-2020c-r0.27.71.0.noarch                     329/590 
  Running scriptlet: tzdata-2020c-r0.27.71.0.noarch                     329/590 
  Installing       : sdparm-1.10-r0.64.corei7_64                        330/590 
  Running scriptlet: sdparm-1.10-r0.64.corei7_64                        330/590 
  Installing       : policycoreutils-audit2allow-2.6-r0.67.71.0.corei   331/590 
  Running scriptlet: policycoreutils-audit2allow-2.6-r0.67.71.0.corei   331/590 
  Installing       : policycoreutils-2.6-r0.67.71.0.corei7_64           332/590 
  Running scriptlet: policycoreutils-2.6-r0.67.71.0.corei7_64           332/590 
  Installing       : python-ncclient-0.6.3-r0.58.71.0.corei7_64         333/590 
  Running scriptlet: python-ncclient-0.6.3-r0.58.71.0.corei7_64         333/590 
  Installing       : opkg-utils-0.3.2+git0+3ffece9bf1-r0.64.corei7_64   334/590 
  Running scriptlet: opkg-utils-0.3.2+git0+3ffece9bf1-r0.64.corei7_64   334/590 
  Installing       : policycoreutils-semanage-2.6-r0.67.71.0.corei7_6   335/590 
  Running scriptlet: policycoreutils-semanage-2.6-r0.67.71.0.corei7_6   335/590 
  Installing       : python-smtpd-2.7.12-r1.65.71.0.corei7_64           336/590 
  Running scriptlet: python-smtpd-2.7.12-r1.65.71.0.corei7_64           336/590 
  Installing       : psmisc-22.21-r0.2.65.71.0.corei7_64                337/590 
  Installing       : policycoreutils-fixfiles-2.6-r0.67.71.0.corei7_6   338/590 
  Running scriptlet: policycoreutils-fixfiles-2.6-r0.67.71.0.corei7_6   338/590 
  Installing       : pciutils-3.5.1-r0.87.71.0.corei7_64                339/590 
  Running scriptlet: pciutils-3.5.1-r0.87.71.0.corei7_64                339/590 
  Running scriptlet: cronie-1.5.1-r0.2.67.71.0.corei7_64                340/590 
Running groupadd commands...
NOTE: cronie: Performing groupadd with [ --system crontab]
  Installing       : cronie-1.5.1-r0.2.67.71.0.corei7_64                340/590 
  Running scriptlet: cronie-1.5.1-r0.2.67.71.0.corei7_64                340/590 
Created symlink /etc/systemd/system/multi-user.target.wants/crond.service → /lib/systemd/system/crond.service.
Failed to connect to bus: No such file or directory
  Installing       : ca-certificates-20210119-r0.20.noarch              341/590 
  Running scriptlet: ca-certificates-20210119-r0.20.noarch              341/590 
Clearing symlinks in /etc/ssl/certs...
done.
Updating certificates in /etc/ssl/certs...
129 added, 0 removed; done.
Running hooks in /etc/ca-certificates/update.d...
done.
  Installing       : openssh-7.3p1-r0.5.73.71.0.corei7_64               342/590 
  Installing       : dnf-2.7.5-r0.96.71.0.corei7_64                     343/590 
  Running scriptlet: dnf-2.7.5-r0.96.71.0.corei7_64                     343/590 
  Installing       : createrepo-c-0.10.0+git0+748891ff8e-r0.91.71.0.c   344/590 
  Running scriptlet: createrepo-c-0.10.0+git0+748891ff8e-r0.91.71.0.c   344/590 
  Installing       : at-3.1.20-r0.66.71.0.corei7_64                     345/590 
  Running scriptlet: at-3.1.20-r0.66.71.0.corei7_64                     345/590 
Created symlink /etc/systemd/system/multi-user.target.wants/atd.service → /lib/systemd/system/atd.service.
Failed to connect to bus: No such file or directory
  Installing       : lmsensors-pwmconfig-3.4.0-r0.87.71.0.corei7_64     346/590 
  Running scriptlet: lmsensors-pwmconfig-3.4.0-r0.87.71.0.corei7_64     346/590 
  Installing       : usbutils-008-r0.85.71.0.corei7_64                  347/590 
  Running scriptlet: usbutils-008-r0.85.71.0.corei7_64                  347/590 
  Installing       : libudrv-0.1-r2.226.71.0.corei7_64                  348/590 
  Running scriptlet: libudrv-0.1-r2.226.71.0.corei7_64                  348/590 
  Installing       : ncurses-tools-6.0+20160625-r0.64.corei7_64         349/590 
  Running scriptlet: ncurses-tools-6.0+20160625-r0.64.corei7_64         349/590 
update-alternatives: Linking /usr/bin/clear to /usr/bin/clear.ncurses
update-alternatives: Linking /usr/bin/reset to /usr/bin/reset.ncurses
  Installing       : sysfsutils-2.1.0-r5.64.corei7_64                   350/590 
  Running scriptlet: sysfsutils-2.1.0-r5.64.corei7_64                   350/590 
  Installing       : perl-module-zmq-libzmq3-1.19-r0.66.corei7_64       351/590 
  Running scriptlet: perl-module-zmq-libzmq3-1.19-r0.66.corei7_64       351/590 
  Installing       : tcpdump-4.7.4-r0.64.corei7_64                      352/590 
  Running scriptlet: tcpdump-4.7.4-r0.64.corei7_64                      352/590 
  Installing       : gnupg-2.1.14-r0.67.71.0.corei7_64                  353/590 
  Running scriptlet: gnupg-2.1.14-r0.67.71.0.corei7_64                  353/590 
  Installing       : libgdbm-bin-1.12-r0.64.corei7_64                   354/590 
  Running scriptlet: libgdbm-bin-1.12-r0.64.corei7_64                   354/590 
  Installing       : cgroups-pam-plugin-0.41-r0.3.66.71.0.corei7_64     355/590 
  Running scriptlet: cgroups-pam-plugin-0.41-r0.3.66.71.0.corei7_64     355/590 
  Installing       : lxc-2.0.8-r0.36.71.0.corei7_64                     356/590 
  Running scriptlet: lxc-2.0.8-r0.36.71.0.corei7_64                     356/590 
  Installing       : libavahi-client3-0.6.32-r0.87.71.0.corei7_64       357/590 
  Running scriptlet: libavahi-client3-0.6.32-r0.87.71.0.corei7_64       357/590 
  Installing       : ima-evm-utils-1.0+git0+3e2a67bdb0-r0.64.corei7_6   358/590 
  Running scriptlet: ima-evm-utils-1.0+git0+3e2a67bdb0-r0.64.corei7_6   358/590 
  Installing       : iputils-s20151218-r0.67.71.0.corei7_64             359/590 
  Installing       : initscripts-1.0-r155.3.57.corei7_64                360/590 
  Running scriptlet: initscripts-1.0-r155.3.57.corei7_64                360/590 
Created symlink /etc/systemd/system/banner.service → /dev/null.
Created symlink /etc/systemd/system/bootmisc.service → /dev/null.
Created symlink /etc/systemd/system/checkfs.service → /dev/null.
Created symlink /etc/systemd/system/checkroot.service → /dev/null.
Created symlink /etc/systemd/system/devpts.service → /dev/null.
Created symlink /etc/systemd/system/dmesg.service → /dev/null.
Created symlink /etc/systemd/system/hostname.service → /dev/null.
Created symlink /etc/systemd/system/mountall.service → /dev/null.
Created symlink /etc/systemd/system/mountnfs.service → /dev/null.
Created symlink /etc/systemd/system/populate-volatile.service → /dev/null.
Created symlink /etc/systemd/system/read-only-rootfs-hook.service → /dev/null.
Created symlink /etc/systemd/system/rmnologin.service → /dev/null.
Created symlink /etc/systemd/system/sysfs.service → /dev/null.
Created symlink /etc/systemd/system/urandom.service → /dev/null.
  Installing       : grub-common-2.02-r0.65.corei7_64                   361/590 
  Running scriptlet: grub-common-2.02-r0.65.corei7_64                   361/590 
  Installing       : debianutils-4.8-r0.64.corei7_64                    362/590 
  Running scriptlet: debianutils-4.8-r0.64.corei7_64                    362/590 
update-alternatives: Linking /usr/sbin/add-shell to /usr/sbin/add-shell.debianutils
update-alternatives: Linking /usr/sbin/installkernel to /usr/sbin/installkernel.debianutils
update-alternatives: Linking /usr/sbin/remove-shell to /usr/sbin/remove-shell.debianutils
update-alternatives: Linking /usr/bin/savelog to /usr/bin/savelog.debianutils
update-alternatives: Linking /bin/tempfile to /bin/tempfile.debianutils
update-alternatives: Linking /usr/bin/which to /usr/lib64/busybox/usr/bin/which
  Installing       : pam-plugin-cracklib-1.3.0-r5.66.71.0.corei7_64     363/590 
  Running scriptlet: pam-plugin-cracklib-1.3.0-r5.66.71.0.corei7_64     363/590 
  Installing       : perf-4.8.28-r9.210.71.0.wrlsdk_x86                 364/590 
  Running scriptlet: perf-4.8.28-r9.210.71.0.wrlsdk_x86                 364/590 
  Installing       : e2fsprogs-1.43-r1.67.71.0.corei7_64                365/590 
  Running scriptlet: e2fsprogs-1.43-r1.67.71.0.corei7_64                365/590 
update-alternatives: Linking /bin/chattr to /bin/chattr.e2fsprogs
  Installing       : efibootmgr-0.12-r0.87.71.0.corei7_64               366/590 
  Running scriptlet: efibootmgr-0.12-r0.87.71.0.corei7_64               366/590 
  Installing       : libcheck-0.10.0-r0.64.corei7_64                    367/590 
  Running scriptlet: libcheck-0.10.0-r0.64.corei7_64                    367/590 
  Installing       : quota-4.03-r0.85.71.0.corei7_64                    368/590 
  Running scriptlet: quota-4.03-r0.85.71.0.corei7_64                    368/590 
  Installing       : lvm2-udevrules-2.02.180-r0.53.71.0.corei7_64       369/590 
  Running scriptlet: lvm2-udevrules-2.02.180-r0.53.71.0.corei7_64       369/590 
  Installing       : nftables-0.6-r0.64.corei7_64                       370/590 
  Running scriptlet: nftables-0.6-r0.64.corei7_64                       370/590 
  Installing       : perl-module-compress-zlib-5.22.1-r0.64.corei7_64   371/590 
  Running scriptlet: perl-module-compress-zlib-5.22.1-r0.64.corei7_64   371/590 
  Installing       : perl-module-json-pp-5.22.1-r0.64.corei7_64         372/590 
  Running scriptlet: perl-module-json-pp-5.22.1-r0.64.corei7_64         372/590 
  Installing       : perl-module-date-calc-6.4-r0.64.corei7_64          373/590 
  Running scriptlet: perl-module-date-calc-6.4-r0.64.corei7_64          373/590 
  Installing       : perl-module-expect-1.32-r0.64.corei7_64            374/590 
  Running scriptlet: perl-module-expect-1.32-r0.64.corei7_64            374/590 
  Installing       : perl-module-linux-inotify2-1.22-r0.64.corei7_64    375/590 
  Running scriptlet: perl-module-linux-inotify2-1.22-r0.64.corei7_64    375/590 
  Installing       : perl-module-logfile-rotate-1.04-r0.64.corei7_64    376/590 
  Running scriptlet: perl-module-logfile-rotate-1.04-r0.64.corei7_64    376/590 
  Installing       : expect-5.45-r1.65.corei7_64                        377/590 
  Running scriptlet: expect-5.45-r1.65.corei7_64                        377/590 
  Installing       : python3-xmlrpc-3.7.6-r0.56.71.0.corei7_64          378/590 
  Running scriptlet: python3-xmlrpc-3.7.6-r0.56.71.0.corei7_64          378/590 
  Installing       : python3-subprocess-3.7.6-r0.56.71.0.corei7_64      379/590 
  Running scriptlet: python3-subprocess-3.7.6-r0.56.71.0.corei7_64      379/590 
  Installing       : python3-debugger-3.7.6-r0.56.71.0.corei7_64        380/590 
  Running scriptlet: python3-debugger-3.7.6-r0.56.71.0.corei7_64        380/590 
  Installing       : python3-asyncio-3.7.6-r0.56.71.0.corei7_64         381/590 
  Running scriptlet: python3-asyncio-3.7.6-r0.56.71.0.corei7_64         381/590 
  Installing       : python3-netserver-3.7.6-r0.56.71.0.corei7_64       382/590 
  Running scriptlet: python3-netserver-3.7.6-r0.56.71.0.corei7_64       382/590 
  Installing       : python-doctest-2.7.12-r1.65.71.0.corei7_64         383/590 
  Running scriptlet: python-doctest-2.7.12-r1.65.71.0.corei7_64         383/590 
  Installing       : sudo-1.8.23-r0.2.13.71.0.corei7_64                 384/590 
  Running scriptlet: sudo-1.8.23-r0.2.13.71.0.corei7_64                 384/590 
  Installing       : ncurses-terminfo-6.0+20160625-r0.64.corei7_64      385/590 
  Running scriptlet: ncurses-terminfo-6.0+20160625-r0.64.corei7_64      385/590 
  Installing       : vim-8.2.4314-r0.11.71.0.corei7_64                  386/590 
  Running scriptlet: vim-8.2.4314-r0.11.71.0.corei7_64                  386/590 
update-alternatives: Linking /bin/vi to /usr/bin/vim.vim
update-alternatives: Linking /usr/bin/vim to /usr/bin/vim.vim
update-alternatives: Linking /usr/bin/xxd to /usr/bin/xxd.vim
  Installing       : util-linux-reset-2.28.1-r0.3.67.71.0.corei7_64     387/590 
  Running scriptlet: util-linux-reset-2.28.1-r0.3.67.71.0.corei7_64     387/590 
update-alternatives: Linking /usr/bin/reset to /usr/bin/reset.ncurses
  Installing       : python3-dev-3.7.6-r0.56.71.0.corei7_64             388/590 
  Running scriptlet: python3-dev-3.7.6-r0.56.71.0.corei7_64             388/590 
update-alternatives: Linking /usr/bin/python3.7m-config to /usr/bin/python3.7m-config-lib64
  Installing       : python3-multiprocessing-3.7.6-r0.56.71.0.corei7_   389/590 
  Running scriptlet: python3-multiprocessing-3.7.6-r0.56.71.0.corei7_   389/590 
  Installing       : python3-venv-3.7.6-r0.56.71.0.corei7_64            390/590 
  Running scriptlet: python3-venv-3.7.6-r0.56.71.0.corei7_64            390/590 
  Installing       : python3-smtpd-3.7.6-r0.56.71.0.corei7_64           391/590 
  Running scriptlet: python3-smtpd-3.7.6-r0.56.71.0.corei7_64           391/590 
  Installing       : dnf-plugins-core-2.1.5+git0+8d1f1758be-r0.69.71.   392/590 
  Running scriptlet: dnf-plugins-core-2.1.5+git0+8d1f1758be-r0.69.71.   392/590 
  Installing       : python3-compile-3.7.6-r0.56.71.0.corei7_64         393/590 
  Running scriptlet: python3-compile-3.7.6-r0.56.71.0.corei7_64         393/590 
  Installing       : python3-ctypes-3.7.6-r0.56.71.0.corei7_64          394/590 
  Running scriptlet: python3-ctypes-3.7.6-r0.56.71.0.corei7_64          394/590 
  Installing       : python3-difflib-3.7.6-r0.56.71.0.corei7_64         395/590 
  Running scriptlet: python3-difflib-3.7.6-r0.56.71.0.corei7_64         395/590 
  Installing       : python3-image-3.7.6-r0.56.71.0.corei7_64           396/590 
  Running scriptlet: python3-image-3.7.6-r0.56.71.0.corei7_64           396/590 
  Installing       : python3-mmap-3.7.6-r0.56.71.0.corei7_64            397/590 
  Running scriptlet: python3-mmap-3.7.6-r0.56.71.0.corei7_64            397/590 
  Installing       : python3-prctl-1.7+git0+57cd0a7cad-r0.68.71.0.cor   398/590 
  Running scriptlet: python3-prctl-1.7+git0+57cd0a7cad-r0.68.71.0.cor   398/590 
  Installing       : python3-prettytable-0.7.2-r0.61.71.0.corei7_64     399/590 
  Running scriptlet: python3-prettytable-0.7.2-r0.61.71.0.corei7_64     399/590 
  Installing       : python3-pyyaml-3.13-r0.69.71.0.corei7_64           400/590 
  Running scriptlet: python3-pyyaml-3.13-r0.69.71.0.corei7_64           400/590 
  Installing       : python3-readline-3.7.6-r0.56.71.0.corei7_64        401/590 
  Running scriptlet: python3-readline-3.7.6-r0.56.71.0.corei7_64        401/590 
  Installing       : python3-syslog-3.7.6-r0.56.71.0.corei7_64          402/590 
  Running scriptlet: python3-syslog-3.7.6-r0.56.71.0.corei7_64          402/590 
  Installing       : python3-typing-3.7.6-r0.56.71.0.corei7_64          403/590 
  Running scriptlet: python3-typing-3.7.6-r0.56.71.0.corei7_64          403/590 
  Installing       : lmsensors-sensors-3.4.0-r0.87.71.0.corei7_64       404/590 
  Running scriptlet: lmsensors-sensors-3.4.0-r0.87.71.0.corei7_64       404/590 
  Installing       : sysstat-11.4.0-r0.88.71.0.corei7_64                405/590 
  Running scriptlet: sysstat-11.4.0-r0.88.71.0.corei7_64                405/590 
Populating volatile Filesystems.
Checking for -/run/lock-.
Creating directory -/run/lock-.
Checking for -/var/volatile/log-.
Creating directory -/var/volatile/log-.
Checking for -/var/volatile/tmp-.
Creating directory -/var/volatile/tmp-.
Target already exists. Skipping.
Checking for -/var/lock-.
Creating link -/var/lock- pointing to -/run/lock-.
Checking for -/var/run-.
Creating link -/var/run- pointing to -/run-.
Checking for -/var/tmp-.
Creating link -/var/tmp- pointing to -/var/volatile/tmp-.
Checking for -/tmp-.
Creating link -/tmp- pointing to -/var/tmp-.
Checking for -/var/lock/subsys-.
Creating directory -/var/lock/subsys-.
Checking for -/var/log/wtmp-.
Creating file -/var/log/wtmp-.
Checking for -/var/run/utmp-.
Creating file -/var/run/utmp-.
Checking for -/etc/resolv.conf-.
Creating link -/etc/resolv.conf- pointing to -/var/run/resolv.conf-.
Checking for -/var/run/resolv.conf-.
Creating file -/var/run/resolv.conf-.
Checking for -/var/run/dbus-.
Creating directory -/var/run/dbus-.
Checking for -/var/cache/lxc-.
Creating directory -/var/cache/lxc-.
Checking for -/var/run/sepermit-.
Creating directory -/var/run/sepermit-.
Checking for -/var/run/sshd-.
Creating directory -/var/run/sshd-.
Checking for -/var/log/lastlog-.
Creating file -/var/log/lastlog-.
Checking for -/var/log/sa-.
Creating directory -/var/log/sa-.
Checking for -/var/run/named-.
Creating directory -/var/run/named-.
Checking for -/var/run/bind/run-.
Creating directory -/var/run/bind/run-.
Checking for -/var/cache/bind-.
Creating directory -/var/cache/bind-.
Target already exists. Skipping.
Created symlink /etc/systemd/system/multi-user.target.wants/sysstat.service → /lib/systemd/system/sysstat.service.
Failed to connect to bus: No such file or directory
  Installing       : perl-module-time-hires-5.22.1-r0.64.corei7_64      406/590 
  Running scriptlet: perl-module-time-hires-5.22.1-r0.64.corei7_64      406/590 
  Installing       : perl-module-getopt-std-5.22.1-r0.64.corei7_64      407/590 
  Running scriptlet: perl-module-getopt-std-5.22.1-r0.64.corei7_64      407/590 
  Installing       : perl-module-lib-5.22.1-r0.64.corei7_64             408/590 
  Running scriptlet: perl-module-lib-5.22.1-r0.64.corei7_64             408/590 
  Installing       : libpanel5-6.0+20160625-r0.64.corei7_64             409/590 
  Running scriptlet: libpanel5-6.0+20160625-r0.64.corei7_64             409/590 
  Installing       : procps-3.3.12-r0.65.corei7_64                      410/590 
  Running scriptlet: procps-3.3.12-r0.65.corei7_64                      410/590 
update-alternatives: Linking /usr/bin/free to /usr/bin/free.procps
update-alternatives: Linking /usr/bin/pkill to /usr/bin/pkill.procps
update-alternatives: Linking /usr/bin/pmap to /usr/bin/pmap.procps
update-alternatives: Linking /usr/bin/pgrep to /usr/bin/pgrep.procps
update-alternatives: Linking /usr/bin/pwdx to /usr/bin/pwdx.procps
update-alternatives: Linking /usr/bin/skill to /usr/bin/skill.procps
update-alternatives: Linking /usr/bin/snice to /usr/bin/snice.procps
update-alternatives: Linking /usr/bin/top to /usr/bin/top.procps
update-alternatives: Linking /usr/bin/uptime to /usr/bin/uptime.procps
update-alternatives: Linking /bin/kill to /bin/kill.procps
update-alternatives: Linking /bin/pidof to /bin/pidof.procps
update-alternatives: Linking /bin/ps to /bin/ps.procps
update-alternatives: Linking /bin/watch to /bin/watch.procps
update-alternatives: Linking /sbin/sysctl to /sbin/sysctl.procps
  Installing       : mtd-utils-jffs2-1.5.2-r0.69.71.0.corei7_64         411/590 
  Running scriptlet: mtd-utils-jffs2-1.5.2-r0.69.71.0.corei7_64         411/590 
  Installing       : mtd-utils-ubifs-1.5.2-r0.69.71.0.corei7_64         412/590 
  Running scriptlet: mtd-utils-ubifs-1.5.2-r0.69.71.0.corei7_64         412/590 
  Installing       : sshfs-fuse-2.2-r1.69.71.0.corei7_64                413/590 
  Running scriptlet: sshfs-fuse-2.2-r1.69.71.0.corei7_64                413/590 
  Installing       : unionfs-fuse-0.26-r0.51.corei7_64                  414/590 
  Running scriptlet: unionfs-fuse-0.26-r0.51.corei7_64                  414/590 
  Installing       : grpc-1.14.1-r0.47.corei7_64                        415/590 
  Running scriptlet: grpc-1.14.1-r0.47.corei7_64                        415/590 
  Installing       : libcares-utils-1.15.0+gitr0+e982924ace-r0.50.cor   416/590 
  Running scriptlet: libcares-utils-1.15.0+gitr0+e982924ace-r0.50.cor   416/590 
  Installing       : cryptsetup-1.7.2-r0.58.71.0.corei7_64              417/590 
  Running scriptlet: cryptsetup-1.7.2-r0.58.71.0.corei7_64              417/590 
  Installing       : dhcp-client-4.3.4-r0.70.71.0.corei7_64             418/590 
  Running scriptlet: dhcp-client-4.3.4-r0.70.71.0.corei7_64             418/590 
Failed to enable unit, unit /etc/systemd/system/dhclient.service is masked.
Failed to connect to bus: No such file or directory
  Running scriptlet: dhcp-server-4.3.4-r0.70.71.0.corei7_64             419/590 
Running useradd commands...
NOTE: dhcp: Performing useradd with [ --system --no-create-home --home-dir /var/run/dhcp --shell /bin/false --user-group dhcp]
  Installing       : dhcp-server-4.3.4-r0.70.71.0.corei7_64             419/590 
  Running scriptlet: dhcp-server-4.3.4-r0.70.71.0.corei7_64             419/590 
  Installing       : python-curses-2.7.12-r1.65.71.0.corei7_64          420/590 
  Running scriptlet: python-curses-2.7.12-r1.65.71.0.corei7_64          420/590 
  Installing       : iw-4.7-r0.65.corei7_64                             421/590 
  Running scriptlet: iw-4.7-r0.65.corei7_64                             421/590 
  Installing       : libprotobuf-c-compiler-1.3.3-r0.51.corei7_64       422/590 
  Running scriptlet: libprotobuf-c-compiler-1.3.3-r0.51.corei7_64       422/590 
  Installing       : libcyaml1-1.1-r0.50.corei7_64                      423/590 
  Running scriptlet: libcyaml1-1.1-r0.50.corei7_64                      423/590 
  Installing       : libyaml-0-dev-0.1.7-r0.64.corei7_64                424/590 
  Running scriptlet: libyaml-0-dev-0.1.7-r0.64.corei7_64                424/590 
  Installing       : tcp-wrappers-7.6-r10.64.corei7_64                  425/590 
  Running scriptlet: tcp-wrappers-7.6-r10.64.corei7_64                  425/590 
  Installing       : cbt-1.0-r4.67.corei7_64                            426/590 
  Running scriptlet: cbt-1.0-r4.67.corei7_64                            426/590 
  Installing       : ccore-1.0-r4.68.corei7_64                          427/590 
  Running scriptlet: ccore-1.0-r4.68.corei7_64                          427/590 
  Installing       : curl-7.50.1-r0.66.corei7_64                        428/590 
  Running scriptlet: curl-7.50.1-r0.66.corei7_64                        428/590 
  Installing       : wget-1.18-r0.65.corei7_64                          429/590 
  Running scriptlet: wget-1.18-r0.65.corei7_64                          429/590 
update-alternatives: Linking /usr/bin/wget to /usr/bin/wget.wget
  Installing       : util-linux-cfdisk-2.28.1-r0.3.67.71.0.corei7_64    430/590 
  Running scriptlet: util-linux-cfdisk-2.28.1-r0.3.67.71.0.corei7_64    430/590 
  Installing       : util-linux-fdisk-2.28.1-r0.3.67.71.0.corei7_64     431/590 
  Running scriptlet: util-linux-fdisk-2.28.1-r0.3.67.71.0.corei7_64     431/590 
update-alternatives: Linking /sbin/fdisk to /sbin/fdisk.util-linux
  Installing       : util-linux-sfdisk-2.28.1-r0.3.67.71.0.corei7_64    432/590 
  Running scriptlet: util-linux-sfdisk-2.28.1-r0.3.67.71.0.corei7_64    432/590 
  Installing       : sqlite3-3:3.14.1-r0.64.corei7_64                   433/590 
  Running scriptlet: sqlite3-3:3.14.1-r0.64.corei7_64                   433/590 
  Installing       : db-bin-6.1.38-r1.26.corei7_64                      434/590 
  Running scriptlet: db-bin-6.1.38-r1.26.corei7_64                      434/590 
  Installing       : dnf-bash-completion-2.7.5-r0.96.71.0.corei7_64     435/590 
  Running scriptlet: dnf-bash-completion-2.7.5-r0.96.71.0.corei7_64     435/590 
  Installing       : kmod-bash-completion-23+git0+65a885df5f-r0.64.co   436/590 
  Running scriptlet: kmod-bash-completion-23+git0+65a885df5f-r0.64.co   436/590 
  Installing       : systemd-bash-completion-1:230+git0+3a74d4fc90-r0   437/590 
  Running scriptlet: systemd-bash-completion-1:230+git0+3a74d4fc90-r0   437/590 
  Installing       : util-linux-bash-completion-2.28.1-r0.3.67.71.0.c   438/590 
  Running scriptlet: util-linux-bash-completion-2.28.1-r0.3.67.71.0.c   438/590 
  Installing       : e2fsprogs-e2fsck-1.43-r1.67.71.0.corei7_64         439/590 
  Running scriptlet: e2fsprogs-e2fsck-1.43-r1.67.71.0.corei7_64         439/590 
  Installing       : e2fsprogs-mke2fs-1.43-r1.67.71.0.corei7_64         440/590 
  Running scriptlet: e2fsprogs-mke2fs-1.43-r1.67.71.0.corei7_64         440/590 
  Installing       : e2fsprogs-resize2fs-1.43-r1.67.71.0.corei7_64      441/590 
  Running scriptlet: e2fsprogs-resize2fs-1.43-r1.67.71.0.corei7_64      441/590 
  Installing       : e2fsprogs-tune2fs-1.43-r1.67.71.0.corei7_64        442/590 
  Running scriptlet: e2fsprogs-tune2fs-1.43-r1.67.71.0.corei7_64        442/590 
  Installing       : makedumpfile-1.6.7-r0.47.corei7_64                 443/590 
  Running scriptlet: makedumpfile-1.6.7-r0.47.corei7_64                 443/590 
  Installing       : libxml2-python-2.9.4-r0.66.71.0.corei7_64          444/590 
  Running scriptlet: libxml2-python-2.9.4-r0.66.71.0.corei7_64          444/590 
  Installing       : python-readline-2.7.12-r1.65.71.0.corei7_64        445/590 
  Running scriptlet: python-readline-2.7.12-r1.65.71.0.corei7_64        445/590 
  Installing       : logrotate-3.9.1-r0.67.71.0.corei7_64               446/590 
  Running scriptlet: logrotate-3.9.1-r0.67.71.0.corei7_64               446/590 
  Installing       : usleep-1.0-r0.64.corei7_64                         447/590 
  Running scriptlet: usleep-1.0-r0.64.corei7_64                         447/590 
  Installing       : libevent-2.1.8-r0.64.corei7_64                     448/590 
  Running scriptlet: libevent-2.1.8-r0.64.corei7_64                     448/590 
  Installing       : python-2to3-2.7.12-r1.65.71.0.corei7_64            449/590 
  Running scriptlet: python-2to3-2.7.12-r1.65.71.0.corei7_64            449/590 
  Installing       : libbpf-4.8.28-r0.207.71.0.corei7_64                450/590 
  Running scriptlet: libbpf-4.8.28-r0.207.71.0.corei7_64                450/590 
  Installing       : librabbitmq4-0.10.0-r0.28.corei7_64                451/590 
  Running scriptlet: librabbitmq4-0.10.0-r0.28.corei7_64                451/590 
  Installing       : libssh2-1-1.7.0-r0.67.corei7_64                    452/590 
  Running scriptlet: libssh2-1-1.7.0-r0.67.corei7_64                    452/590 
  Installing       : util-linux-lscpu-2.28.1-r0.3.67.71.0.corei7_64     453/590 
  Running scriptlet: util-linux-lscpu-2.28.1-r0.3.67.71.0.corei7_64     453/590 
  Installing       : util-linux-partx-2.28.1-r0.3.67.71.0.corei7_64     454/590 
  Running scriptlet: util-linux-partx-2.28.1-r0.3.67.71.0.corei7_64     454/590 
  Installing       : util-linux-prlimit-2.28.1-r0.3.67.71.0.corei7_64   455/590 
  Running scriptlet: util-linux-prlimit-2.28.1-r0.3.67.71.0.corei7_64   455/590 
  Installing       : gflags-2.2.2-r0.50.corei7_64                       456/590 
  Running scriptlet: gflags-2.2.2-r0.50.corei7_64                       456/590 
  Installing       : libprotobuf-lite22-3.11.3-r0.51.corei7_64          457/590 
  Running scriptlet: libprotobuf-lite22-3.11.3-r0.51.corei7_64          457/590 
  Installing       : smartmontools-6.5-r0.67.71.0.corei7_64             458/590 
  Running scriptlet: smartmontools-6.5-r0.67.71.0.corei7_64             458/590 
  Installing       : openssl-engines-1.0.2j-r0.64.corei7_64             459/590 
  Running scriptlet: openssl-engines-1.0.2j-r0.64.corei7_64             459/590 
  Installing       : python3-libs-3.7.6-r0.56.71.0.corei7_64            460/590 
  Running scriptlet: python3-libs-3.7.6-r0.56.71.0.corei7_64            460/590 
  Installing       : acl-2.2.52-r0.64.corei7_64                         461/590 
  Running scriptlet: acl-2.2.52-r0.64.corei7_64                         461/590 
  Installing       : attr-2.4.47-r0.64.corei7_64                        462/590 
  Running scriptlet: attr-2.4.47-r0.64.corei7_64                        462/590 
  Installing       : base-passwd-update-3.5.29-r0.1.65.corei7_64        463/590 
  Running scriptlet: base-passwd-update-3.5.29-r0.1.65.corei7_64        463/590 
  Installing       : bash-completion-extra-2.4-r0.64.corei7_64          464/590 
  Running scriptlet: bash-completion-extra-2.4-r0.64.corei7_64          464/590 
  Installing       : bzip2-1.0.6-r5.64.corei7_64                        465/590 
  Running scriptlet: bzip2-1.0.6-r5.64.corei7_64                        465/590 
update-alternatives: Linking /usr/bin/bunzip2 to /usr/bin/bunzip2.bzip2
update-alternatives: Linking /usr/bin/bzcat to /usr/bin/bzcat.bzip2
  Installing       : cisco-grub-1.0-r0.96.corei7_64                     466/590 
  Running scriptlet: cisco-grub-1.0-r0.96.corei7_64                     466/590 
  Installing       : cisco-initscripts-systemd-0.1-r0.66.wrlsdk_x86     467/590 
  Running scriptlet: cisco-initscripts-systemd-0.1-r0.66.wrlsdk_x86     467/590 
Created symlink /etc/systemd/system/multi-user.target.wants/monitor.service → /etc/systemd/system/monitor.service.
Failed to connect to bus: No such file or directory
  Installing       : cpio-2.12-r0.64.corei7_64                          468/590 
  Running scriptlet: cpio-2.12-r0.64.corei7_64                          468/590 
update-alternatives: Linking /bin/cpio to /bin/cpio.cpio
  Installing       : dhcp-server-config-4.3.4-r0.70.71.0.corei7_64      469/590 
  Running scriptlet: dhcp-server-config-4.3.4-r0.70.71.0.corei7_64      469/590 
  Installing       : diffutils-3.4-r0.64.corei7_64                      470/590 
  Running scriptlet: diffutils-3.4-r0.64.corei7_64                      470/590 
update-alternatives: Linking /usr/bin/diff to /usr/bin/diff.diffutils
update-alternatives: Linking /usr/bin/cmp to /usr/bin/cmp.diffutils
  Installing       : dmidecode-3.2-r0.49.corei7_64                      471/590 
  Running scriptlet: dmidecode-3.2-r0.49.corei7_64                      471/590 
  Installing       : dosfstools-4.0-r0.64.corei7_64                     472/590 
  Running scriptlet: dosfstools-4.0-r0.64.corei7_64                     472/590 
  Installing       : dpkg-start-stop-1.18.7-r0.64.corei7_64             473/590 
  Running scriptlet: dpkg-start-stop-1.18.7-r0.64.corei7_64             473/590 
  Installing       : ethtool-4.6-r0.64.corei7_64                        474/590 
  Running scriptlet: ethtool-4.6-r0.64.corei7_64                        474/590 
  Installing       : fbset-2.1-r4.65.corei7_64                          475/590 
  Running scriptlet: fbset-2.1-r4.65.corei7_64                          475/590 
update-alternatives: Linking /usr/sbin/fbset to /usr/sbin/fbset.real
  Installing       : findutils-4.6.0-r0.65.71.0.corei7_64               476/590 
  Running scriptlet: findutils-4.6.0-r0.65.71.0.corei7_64               476/590 
update-alternatives: Linking /usr/bin/find to /usr/bin/find.findutils
update-alternatives: Linking /usr/bin/xargs to /usr/bin/xargs.findutils
  Installing       : fuse-utils-2.9.4-r0.64.corei7_64                   477/590 
  Running scriptlet: fuse-utils-2.9.4-r0.64.corei7_64                   477/590 
  Installing       : gettext-runtime-0.19.8.1-r0.64.corei7_64           478/590 
  Running scriptlet: gettext-runtime-0.19.8.1-r0.64.corei7_64           478/590 
  Installing       : grep-2.25-r0.64.corei7_64                          479/590 
  Running scriptlet: grep-2.25-r0.64.corei7_64                          479/590 
update-alternatives: Linking /bin/grep to /bin/grep.grep
update-alternatives: Linking /bin/egrep to /bin/egrep.grep
update-alternatives: Linking /bin/fgrep to /bin/fgrep.grep
  Installing       : hdparm-9.56-r0.64.corei7_64                        480/590 
  Running scriptlet: hdparm-9.56-r0.64.corei7_64                        480/590 
update-alternatives: Linking /sbin/hdparm to /sbin/hdparm.hdparm
  Installing       : i2c-tools-3.1.2-r0.64.corei7_64                    481/590 
  Running scriptlet: i2c-tools-3.1.2-r0.64.corei7_64                    481/590 
  Installing       : inotify-tools-3.14-r0.64.corei7_64                 482/590 
  Running scriptlet: inotify-tools-3.14-r0.64.corei7_64                 482/590 
  Installing       : iproute2-4.7.0-r0.66.71.0.corei7_64                483/590 
  Running scriptlet: iproute2-4.7.0-r0.66.71.0.corei7_64                483/590 
update-alternatives: Linking /sbin/ip to /sbin/ip.iproute2
  Installing       : iproute2-ss-4.7.0-r0.66.71.0.corei7_64             484/590 
  Running scriptlet: iproute2-ss-4.7.0-r0.66.71.0.corei7_64             484/590 
  Installing       : iptables-1.6.0-r0.64.corei7_64                     485/590 
  Running scriptlet: iptables-1.6.0-r0.64.corei7_64                     485/590 
  Installing       : kexec-2.0.17-r0.47.corei7_64                       486/590 
  Running scriptlet: kexec-2.0.17-r0.47.corei7_64                       486/590 
  Installing       : ldd-2.24-r0.64.corei7_64                           487/590 
  Running scriptlet: ldd-2.24-r0.64.corei7_64                           487/590 
  Installing       : less-481-r0.64.corei7_64                           488/590 
  Running scriptlet: less-481-r0.64.corei7_64                           488/590 
update-alternatives: Linking /usr/bin/less to /usr/bin/less.less
  Installing       : libc6-pcprofile-2.24-r0.64.corei7_64               489/590 
  Running scriptlet: libc6-pcprofile-2.24-r0.64.corei7_64               489/590 
  Installing       : libc6-thread-db-2.24-r0.64.corei7_64               490/590 
  Running scriptlet: libc6-thread-db-2.24-r0.64.corei7_64               490/590 
  Installing       : libc6-utils-2.24-r0.64.corei7_64                   491/590 
  Running scriptlet: libc6-utils-2.24-r0.64.corei7_64                   491/590 
  Installing       : libcidn1-2.24-r0.64.corei7_64                      492/590 
  Running scriptlet: libcidn1-2.24-r0.64.corei7_64                      492/590 
  Installing       : libfreetype6-2.6.5-r0.64.corei7_64                 493/590 
  Running scriptlet: libfreetype6-2.6.5-r0.64.corei7_64                 493/590 
  Installing       : libgomp1-4.9.1-r0.64.corei7_64                     494/590 
  Running scriptlet: libgomp1-4.9.1-r0.64.corei7_64                     494/590 
  Installing       : libhiredis0.14-0.14.0-r0.45.71.0.corei7_64         495/590 
  Running scriptlet: libhiredis0.14-0.14.0-r0.45.71.0.corei7_64         495/590 
  Installing       : libitm1-4.9.1-r0.64.corei7_64                      496/590 
  Running scriptlet: libitm1-4.9.1-r0.64.corei7_64                      496/590 
  Installing       : libjansson4-2.9-r0.57.corei7_64                    497/590 
  Running scriptlet: libjansson4-2.9-r0.57.corei7_64                    497/590 
  Installing       : libltdl7-2.4.6-r0.64.corei7_64                     498/590 
  Running scriptlet: libltdl7-2.4.6-r0.64.corei7_64                     498/590 
  Installing       : libmemusage-2.24-r0.64.corei7_64                   499/590 
  Running scriptlet: libmemusage-2.24-r0.64.corei7_64                   499/590 
  Installing       : libnih-1.0.3-r2.86.71.0.corei7_64                  500/590 
  Running scriptlet: libnih-1.0.3-r2.86.71.0.corei7_64                  500/590 
  Installing       : libpciaccess0-0.13.4-r0.64.corei7_64               501/590 
  Running scriptlet: libpciaccess0-0.13.4-r0.64.corei7_64               501/590 
  Installing       : libpcreposix0-8.39-r09.64.corei7_64                502/590 
  Running scriptlet: libpcreposix0-8.39-r09.64.corei7_64                502/590 
  Installing       : libprotobuf-c1-1.3.3-r0.51.corei7_64               503/590 
  Running scriptlet: libprotobuf-c1-1.3.3-r0.51.corei7_64               503/590 
  Installing       : libseccomp-2.3.1+git0+937e774d8c-r0.64.corei7_64   504/590 
  Running scriptlet: libseccomp-2.3.1+git0+937e774d8c-r0.64.corei7_64   504/590 
  Installing       : libsegfault-2.24-r0.64.corei7_64                   505/590 
  Running scriptlet: libsegfault-2.24-r0.64.corei7_64                   505/590 
  Installing       : libselinux-bin-2.6-r0.65.71.0.corei7_64            506/590 
  Running scriptlet: libselinux-bin-2.6-r0.65.71.0.corei7_64            506/590 
  Installing       : libsotruss-2.24-r0.64.corei7_64                    507/590 
  Running scriptlet: libsotruss-2.24-r0.64.corei7_64                    507/590 
  Installing       : libssp0-4.9.1-r0.64.corei7_64                      508/590 
  Running scriptlet: libssp0-4.9.1-r0.64.corei7_64                      508/590 
  Installing       : libticw5-6.0+20160625-r0.64.corei7_64              509/590 
  Running scriptlet: libticw5-6.0+20160625-r0.64.corei7_64              509/590 
  Installing       : libulockmgr1-2.9.4-r0.64.corei7_64                 510/590 
  Running scriptlet: libulockmgr1-2.9.4-r0.64.corei7_64                 510/590 
  Installing       : libyajl2-2.1.0-r0.64.corei7_64                     511/590 
  Running scriptlet: libyajl2-2.1.0-r0.64.corei7_64                     511/590 
  Installing       : linux-hardening-1.0-r0.55.corei7_64                512/590 
  Running scriptlet: linux-hardening-1.0-r0.55.corei7_64                512/590 
  Installing       : lmsensors-isatools-3.4.0-r0.87.71.0.corei7_64      513/590 
  Running scriptlet: lmsensors-isatools-3.4.0-r0.87.71.0.corei7_64      513/590 
  Installing       : lsof-4.89-r0.2.65.71.0.corei7_64                   514/590 
  Running scriptlet: lsof-4.89-r0.2.65.71.0.corei7_64                   514/590 
  Installing       : mdadm-git-r0.57.corei7_64                          515/590 
  Running scriptlet: mdadm-git-r0.57.corei7_64                          515/590 
  Installing       : mingetty-1.08-r3.64.corei7_64                      516/590 
  Running scriptlet: mingetty-1.08-r3.64.corei7_64                      516/590 
update-alternatives: Linking /sbin/getty to /sbin/agetty
  Installing       : mktemp-1.7-r3.64.corei7_64                         517/590 
  Running scriptlet: mktemp-1.7-r3.64.corei7_64                         517/590 
update-alternatives: Linking /bin/mktemp to /usr/bin/mktemp.coreutils
  Installing       : mmc-utils-0.1-r0.7.corei7_64                       518/590 
  Running scriptlet: mmc-utils-0.1-r0.7.corei7_64                       518/590 
  Installing       : mtd-utils-1.5.2-r0.69.71.0.corei7_64               519/590 
  Running scriptlet: mtd-utils-1.5.2-r0.69.71.0.corei7_64               519/590 
  Installing       : mtd-utils-misc-1.5.2-r0.69.71.0.corei7_64          520/590 
  Running scriptlet: mtd-utils-misc-1.5.2-r0.69.71.0.corei7_64          520/590 
  Installing       : net-tools-1.60+26-r0.2.65.71.0.corei7_64           521/590 
  Running scriptlet: net-tools-1.60+26-r0.2.65.71.0.corei7_64           521/590 
update-alternatives: Linking /sbin/arp to /sbin/arp.net-tools
update-alternatives: Linking /sbin/ifconfig to /sbin/ifconfig.net-tools
update-alternatives: Linking /sbin/ipmaddr to /sbin/ipmaddr.net-tools
update-alternatives: Linking /sbin/iptunnel to /sbin/iptunnel.net-tools
update-alternatives: Linking /sbin/mii-tool to /sbin/mii-tool.net-tools
update-alternatives: Linking /sbin/nameif to /sbin/nameif.net-tools
update-alternatives: Linking /sbin/plipconfig to /sbin/plipconfig.net-tools
update-alternatives: Linking /sbin/rarp to /sbin/rarp.net-tools
update-alternatives: Linking /sbin/route to /sbin/route.net-tools
update-alternatives: Linking /sbin/slattach to /sbin/slattach.net-tools
update-alternatives: Linking /bin/dnsdomainname to /bin/dnsdomainname.net-tools
update-alternatives: Linking /bin/domainname to /bin/domainname.net-tools
update-alternatives: Linking /bin/hostname to /bin/hostname.net-tools
update-alternatives: Linking /bin/netstat to /bin/netstat.net-tools
update-alternatives: Linking /bin/nisdomainname to /bin/nisdomainname.net-tools
update-alternatives: Linking /bin/ypdomainname to /bin/ypdomainname.net-tools
  Installing       : netcat-0.7.1-r3.64.71.0.corei7_64                  522/590 
  Running scriptlet: netcat-0.7.1-r3.64.71.0.corei7_64                  522/590 
update-alternatives: Linking /usr/bin/nc to /usr/bin/nc.netcat
  Installing       : openssh-sftp-server-7.3p1-r0.5.73.71.0.corei7_64   523/590 
  Running scriptlet: openssh-sftp-server-7.3p1-r0.5.73.71.0.corei7_64   523/590 
  Installing       : openssl-misc-1.0.2j-r0.64.corei7_64                524/590 
  Running scriptlet: openssl-misc-1.0.2j-r0.64.corei7_64                524/590 
  Installing       : os-release-1.0-r0.55.noarch                        525/590 
  Running scriptlet: os-release-1.0-r0.55.noarch                        525/590 
  Installing       : pam-filter-upperlower-1.3.0-r5.66.71.0.corei7_64   526/590 
  Running scriptlet: pam-filter-upperlower-1.3.0-r5.66.71.0.corei7_64   526/590 
  Installing       : pam-plugin-chroot-1.3.0-r5.66.71.0.corei7_64       527/590 
  Running scriptlet: pam-plugin-chroot-1.3.0-r5.66.71.0.corei7_64       527/590 
  Installing       : pam-plugin-console-1.3.0-r5.66.71.0.corei7_64      528/590 
  Running scriptlet: pam-plugin-console-1.3.0-r5.66.71.0.corei7_64      528/590 
  Installing       : pam-plugin-debug-1.3.0-r5.66.71.0.corei7_64        529/590 
  Running scriptlet: pam-plugin-debug-1.3.0-r5.66.71.0.corei7_64        529/590 
  Installing       : pam-plugin-echo-1.3.0-r5.66.71.0.corei7_64         530/590 
  Running scriptlet: pam-plugin-echo-1.3.0-r5.66.71.0.corei7_64         530/590 
  Installing       : pam-plugin-exec-1.3.0-r5.66.71.0.corei7_64         531/590 
  Running scriptlet: pam-plugin-exec-1.3.0-r5.66.71.0.corei7_64         531/590 
  Installing       : pam-plugin-filter-1.3.0-r5.66.71.0.corei7_64       532/590 
  Running scriptlet: pam-plugin-filter-1.3.0-r5.66.71.0.corei7_64       532/590 
  Installing       : pam-plugin-ftp-1.3.0-r5.66.71.0.corei7_64          533/590 
  Running scriptlet: pam-plugin-ftp-1.3.0-r5.66.71.0.corei7_64          533/590 
  Installing       : pam-plugin-issue-1.3.0-r5.66.71.0.corei7_64        534/590 
  Running scriptlet: pam-plugin-issue-1.3.0-r5.66.71.0.corei7_64        534/590 
  Installing       : pam-plugin-listfile-1.3.0-r5.66.71.0.corei7_64     535/590 
  Running scriptlet: pam-plugin-listfile-1.3.0-r5.66.71.0.corei7_64     535/590 
  Installing       : pam-plugin-localuser-1.3.0-r5.66.71.0.corei7_64    536/590 
  Running scriptlet: pam-plugin-localuser-1.3.0-r5.66.71.0.corei7_64    536/590 
  Installing       : pam-plugin-mkhomedir-1.3.0-r5.66.71.0.corei7_64    537/590 
  Running scriptlet: pam-plugin-mkhomedir-1.3.0-r5.66.71.0.corei7_64    537/590 
  Installing       : pam-plugin-namespace-1.3.0-r5.66.71.0.corei7_64    538/590 
  Running scriptlet: pam-plugin-namespace-1.3.0-r5.66.71.0.corei7_64    538/590 
  Installing       : pam-plugin-postgresok-1.3.0-r5.66.71.0.corei7_64   539/590 
  Running scriptlet: pam-plugin-postgresok-1.3.0-r5.66.71.0.corei7_64   539/590 
  Installing       : pam-plugin-pwhistory-1.3.0-r5.66.71.0.corei7_64    540/590 
  Running scriptlet: pam-plugin-pwhistory-1.3.0-r5.66.71.0.corei7_64    540/590 
  Installing       : pam-plugin-rhosts-1.3.0-r5.66.71.0.corei7_64       541/590 
  Running scriptlet: pam-plugin-rhosts-1.3.0-r5.66.71.0.corei7_64       541/590 
  Installing       : pam-plugin-stress-1.3.0-r5.66.71.0.corei7_64       542/590 
  Running scriptlet: pam-plugin-stress-1.3.0-r5.66.71.0.corei7_64       542/590 
  Installing       : pam-plugin-succeed-if-1.3.0-r5.66.71.0.corei7_64   543/590 
  Running scriptlet: pam-plugin-succeed-if-1.3.0-r5.66.71.0.corei7_64   543/590 
  Installing       : pam-plugin-tally-1.3.0-r5.66.71.0.corei7_64        544/590 
  Running scriptlet: pam-plugin-tally-1.3.0-r5.66.71.0.corei7_64        544/590 
  Installing       : pam-plugin-tally2-1.3.0-r5.66.71.0.corei7_64       545/590 
  Running scriptlet: pam-plugin-tally2-1.3.0-r5.66.71.0.corei7_64       545/590 
  Installing       : pam-plugin-time-1.3.0-r5.66.71.0.corei7_64         546/590 
  Running scriptlet: pam-plugin-time-1.3.0-r5.66.71.0.corei7_64         546/590 
  Installing       : pam-plugin-timestamp-1.3.0-r5.66.71.0.corei7_64    547/590 
  Running scriptlet: pam-plugin-timestamp-1.3.0-r5.66.71.0.corei7_64    547/590 
  Installing       : pam-plugin-umask-1.3.0-r5.66.71.0.corei7_64        548/590 
  Running scriptlet: pam-plugin-umask-1.3.0-r5.66.71.0.corei7_64        548/590 
  Installing       : pam-plugin-wheel-1.3.0-r5.66.71.0.corei7_64        549/590 
  Running scriptlet: pam-plugin-wheel-1.3.0-r5.66.71.0.corei7_64        549/590 
  Installing       : pam-plugin-xauth-1.3.0-r5.66.71.0.corei7_64        550/590 
  Running scriptlet: pam-plugin-xauth-1.3.0-r5.66.71.0.corei7_64        550/590 
  Installing       : policycoreutils-hll-2.6-r0.67.71.0.corei7_64       551/590 
  Running scriptlet: policycoreutils-hll-2.6-r0.67.71.0.corei7_64       551/590 
  Installing       : policycoreutils-secon-2.6-r0.67.71.0.corei7_64     552/590 
  Running scriptlet: policycoreutils-secon-2.6-r0.67.71.0.corei7_64     552/590 
  Installing       : policycoreutils-semodule-2.6-r0.67.71.0.corei7_6   553/590 
  Running scriptlet: policycoreutils-semodule-2.6-r0.67.71.0.corei7_6   553/590 
  Installing       : policycoreutils-sestatus-2.6-r0.67.71.0.corei7_6   554/590 
  Running scriptlet: policycoreutils-sestatus-2.6-r0.67.71.0.corei7_6   554/590 
  Installing       : python-importlib-2.7.12-r1.65.71.0.corei7_64       555/590 
  Running scriptlet: python-importlib-2.7.12-r1.65.71.0.corei7_64       555/590 
  Installing       : run-postinsts-1.0-r9.55.noarch                     556/590 
  Running scriptlet: run-postinsts-1.0-r9.55.noarch                     556/590 
Created symlink /etc/systemd/system/sysinit.target.wants/run-postinsts.service → /lib/systemd/system/run-postinsts.service.
Failed to connect to bus: No such file or directory
  Installing       : sed-4.2.2-r0.3.65.71.0.corei7_64                   557/590 
  Running scriptlet: sed-4.2.2-r0.3.65.71.0.corei7_64                   557/590 
update-alternatives: Linking /bin/sed to /bin/sed.sed
  Installing       : setserial-2.17-r3.64.corei7_64                     558/590 
  Running scriptlet: setserial-2.17-r3.64.corei7_64                     558/590 
  Installing       : strace-4.13-r0.85.71.0.corei7_64                   559/590 
  Running scriptlet: strace-4.13-r0.85.71.0.corei7_64                   559/590 
  Installing       : sysklogd-1.5.1-r0.66.corei7_64                     560/590 
  Running scriptlet: sysklogd-1.5.1-r0.66.corei7_64                     560/590 
update-alternatives: Linking /sbin/syslogd to /sbin/syslogd.sysklogd
update-alternatives: Linking /sbin/klogd to /sbin/klogd.sysklogd
update-alternatives: Linking /etc/syslog.conf to /etc/syslog.conf.sysklogd
update-alternatives: Linking /etc/systemd/system/syslog.service to /lib/systemd/system/sysklogd.service
The unit files have no installation config (WantedBy, RequiredBy, Also, Alias
settings in the [Install] section, and DefaultInstance for template units).
This means they are not meant to be enabled using systemctl.
Possible reasons for having this kind of units are:
1) A unit may be statically enabled by being symlinked from another unit's
   .wants/ or .requires/ directory.
2) A unit's purpose may be to act as a helper for some other unit which has
   a requirement dependency on it.
3) A unit may be started when needed via activation (socket, path, timer,
   D-Bus, udev, scripted systemctl call, ...).
4) In case of template units, the unit is meant to be enabled with some
   instance name specified.
Failed to connect to bus: No such file or directory
  Installing       : systemd-analyze-1:230+git0+3a74d4fc90-r0.85.71.0   561/590 
  Running scriptlet: systemd-analyze-1:230+git0+3a74d4fc90-r0.85.71.0   561/590 
  Installing       : systemd-compat-units-1.0-r29.64.corei7_64          562/590 
  Running scriptlet: systemd-compat-units-1.0-r29.64.corei7_64          562/590 
Disabling the following sysv scripts: 

  Installing       : systemd-initramfs-1:230+git0+3a74d4fc90-r0.85.71   563/590 
  Running scriptlet: systemd-initramfs-1:230+git0+3a74d4fc90-r0.85.71   563/590 
  Installing       : systemd-kernel-install-1:230+git0+3a74d4fc90-r0.   564/590 
  Running scriptlet: systemd-kernel-install-1:230+git0+3a74d4fc90-r0.   564/590 
  Installing       : tar-1.29-r0.65.71.0.corei7_64                      565/590 
  Running scriptlet: tar-1.29-r0.65.71.0.corei7_64                      565/590 
update-alternatives: Linking /bin/tar to /bin/tar.tar
  Installing       : time-1.7-r2.64.corei7_64                           566/590 
  Running scriptlet: time-1.7-r2.64.corei7_64                           566/590 
update-alternatives: Linking /usr/bin/time to /usr/bin/time.time
  Installing       : tree-1.7.0-r0.64.corei7_64                         567/590 
  Running scriptlet: tree-1.7.0-r0.64.corei7_64                         567/590 
  Installing       : tunctl-1.5-r0.65.corei7_64                         568/590 
  Running scriptlet: tunctl-1.5-r0.65.corei7_64                         568/590 
  Installing       : tzcode-2.24-r0.64.corei7_64                        569/590 
  Running scriptlet: tzcode-2.24-r0.64.corei7_64                        569/590 
  Installing       : udev-hwdb-1:230+git0+3a74d4fc90-r0.85.71.0.corei   570/590 
  Running scriptlet: udev-hwdb-1:230+git0+3a74d4fc90-r0.85.71.0.corei   570/590 
  Installing       : unzip-1:6.0-r5.64.corei7_64                        571/590 
  Running scriptlet: unzip-1:6.0-r5.64.corei7_64                        571/590 
update-alternatives: Linking /usr/bin/unzip to /usr/bin/unzip.unzip
  Installing       : util-linux-blkid-2.28.1-r0.3.67.71.0.corei7_64     572/590 
  Running scriptlet: util-linux-blkid-2.28.1-r0.3.67.71.0.corei7_64     572/590 
update-alternatives: Linking /sbin/blkid to /sbin/blkid.util-linux
  Installing       : util-linux-findfs-2.28.1-r0.3.67.71.0.corei7_64    573/590 
  Running scriptlet: util-linux-findfs-2.28.1-r0.3.67.71.0.corei7_64    573/590 
  Installing       : util-linux-fsck-2.28.1-r0.3.67.71.0.corei7_64      574/590 
  Running scriptlet: util-linux-fsck-2.28.1-r0.3.67.71.0.corei7_64      574/590 
update-alternatives: Linking /sbin/fsck to /sbin/fsck.util-linux
  Installing       : util-linux-fsck.cramfs-2.28.1-r0.3.67.71.0.corei   575/590 
  Running scriptlet: util-linux-fsck.cramfs-2.28.1-r0.3.67.71.0.corei   575/590 
  Installing       : util-linux-fstrim-2.28.1-r0.3.67.71.0.corei7_64    576/590 
  Running scriptlet: util-linux-fstrim-2.28.1-r0.3.67.71.0.corei7_64    576/590 
  Installing       : util-linux-getopt-2.28.1-r0.3.67.71.0.corei7_64    577/590 
  Running scriptlet: util-linux-getopt-2.28.1-r0.3.67.71.0.corei7_64    577/590 
update-alternatives: Linking /bin/getopt to /bin/getopt.util-linux
  Installing       : util-linux-hwclock-2.28.1-r0.3.67.71.0.corei7_64   578/590 
  Running scriptlet: util-linux-hwclock-2.28.1-r0.3.67.71.0.corei7_64   578/590 
update-alternatives: Linking /sbin/hwclock to /sbin/hwclock.util-linux
  Installing       : util-linux-mcookie-2.28.1-r0.3.67.71.0.corei7_64   579/590 
  Running scriptlet: util-linux-mcookie-2.28.1-r0.3.67.71.0.corei7_64   579/590 
  Installing       : util-linux-mkfs-2.28.1-r0.3.67.71.0.corei7_64      580/590 
  Running scriptlet: util-linux-mkfs-2.28.1-r0.3.67.71.0.corei7_64      580/590 
  Installing       : util-linux-mkfs.cramfs-2.28.1-r0.3.67.71.0.corei   581/590 
  Running scriptlet: util-linux-mkfs.cramfs-2.28.1-r0.3.67.71.0.corei   581/590 
  Installing       : util-linux-mountpoint-2.28.1-r0.3.67.71.0.corei7   582/590 
  Running scriptlet: util-linux-mountpoint-2.28.1-r0.3.67.71.0.corei7   582/590 
update-alternatives: Linking /bin/mountpoint to /bin/mountpoint.util-linux
  Installing       : util-linux-readprofile-2.28.1-r0.3.67.71.0.corei   583/590 
  Running scriptlet: util-linux-readprofile-2.28.1-r0.3.67.71.0.corei   583/590 
update-alternatives: Linking /usr/sbin/readprofile to /usr/sbin/readprofile.util-linux
  Installing       : util-linux-uuidd-2.28.1-r0.3.67.71.0.corei7_64     584/590 
  Running scriptlet: util-linux-uuidd-2.28.1-r0.3.67.71.0.corei7_64     584/590 
  Installing       : vim-common-8.2.4314-r0.11.71.0.corei7_64           585/590 
  Running scriptlet: vim-common-8.2.4314-r0.11.71.0.corei7_64           585/590 
  Installing       : vmcore-dmesg-2.0.17-r0.47.corei7_64                586/590 
  Running scriptlet: vmcore-dmesg-2.0.17-r0.47.corei7_64                586/590 
  Installing       : which-2.21-r3.64.corei7_64                         587/590 
  Running scriptlet: which-2.21-r3.64.corei7_64                         587/590 
update-alternatives: Linking /usr/bin/which to /usr/bin/which.which
  Installing       : xz-5.2.2-r0.64.corei7_64                           588/590 
  Running scriptlet: xz-5.2.2-r0.64.corei7_64                           588/590 
  Installing       : zip-3.0-r2.64.corei7_64                            589/590 
  Running scriptlet: zip-3.0-r2.64.corei7_64                            589/590 
  Installing       : cryptodev-linux-1.8-r0.64.corei7_64                590/590 
  Verifying        : acl-2.2.52-r0.64.corei7_64                           1/590 
  Verifying        : at-3.1.20-r0.66.71.0.corei7_64                       2/590 
  Verifying        : attr-2.4.47-r0.64.corei7_64                          3/590 
  Verifying        : base-passwd-update-3.5.29-r0.1.65.corei7_64          4/590 
  Verifying        : bash-4.3.30-r0.65.corei7_64                          5/590 
  Verifying        : bash-completion-2.4-r0.64.corei7_64                  6/590 
  Verifying        : bash-completion-extra-2.4-r0.64.corei7_64            7/590 
  Verifying        : bind-9.11.6+P1-r0.3.60.71.0.corei7_64                8/590 
  Verifying        : binutils-2.24-r0.64.corei7_64                        9/590 
  Verifying        : bridge-utils-1.5-r0.64.corei7_64                    10/590 
  Verifying        : bzip2-1.0.6-r5.64.corei7_64                         11/590 
  Verifying        : ca-certificates-20210119-r0.20.noarch               12/590 
  Verifying        : cbt-1.0-r4.67.corei7_64                             13/590 
  Verifying        : ccore-1.0-r4.68.corei7_64                           14/590 
  Verifying        : cgroups-pam-plugin-0.41-r0.3.66.71.0.corei7_64      15/590 
  Verifying        : cisco-grub-1.0-r0.96.corei7_64                      16/590 
  Verifying        : cisco-initscripts-systemd-0.1-r0.66.wrlsdk_x86      17/590 
  Verifying        : coreutils-8.25-r0.66.71.0.corei7_64                 18/590 
  Verifying        : cpio-2.12-r0.64.corei7_64                           19/590 
  Verifying        : cracklib-2.9.5-r0.64.corei7_64                      20/590 
  Verifying        : createrepo-c-0.10.0+git0+748891ff8e-r0.91.71.0.c    21/590 
  Verifying        : cronie-1.5.1-r0.2.67.71.0.corei7_64                 22/590 
  Verifying        : cryptodev-linux-1.8-r0.64.corei7_64                 23/590 
  Verifying        : cryptsetup-1.7.2-r0.58.71.0.corei7_64               24/590 
  Verifying        : curl-7.50.1-r0.66.corei7_64                         25/590 
  Verifying        : db-6.1.38-r1.26.corei7_64                           26/590 
  Verifying        : db-bin-6.1.38-r1.26.corei7_64                       27/590 
  Verifying        : debianutils-4.8-r0.64.corei7_64                     28/590 
  Verifying        : debianutils-run-parts-4.8-r0.64.corei7_64           29/590 
  Verifying        : dhcp-client-4.3.4-r0.70.71.0.corei7_64              30/590 
  Verifying        : dhcp-lib-4.3.4-r0.70.71.0.corei7_64                 31/590 
  Verifying        : dhcp-server-4.3.4-r0.70.71.0.corei7_64              32/590 
  Verifying        : dhcp-server-config-4.3.4-r0.70.71.0.corei7_64       33/590 
  Verifying        : diffutils-3.4-r0.64.corei7_64                       34/590 
  Verifying        : dmidecode-3.2-r0.49.corei7_64                       35/590 
  Verifying        : dnf-2.7.5-r0.96.71.0.corei7_64                      36/590 
  Verifying        : dnf-bash-completion-2.7.5-r0.96.71.0.corei7_64      37/590 
  Verifying        : dnf-plugins-core-2.1.5+git0+8d1f1758be-r0.69.71.    38/590 
  Verifying        : dnsmasq-2.76-r0.64.corei7_64                        39/590 
  Verifying        : dosfstools-4.0-r0.64.corei7_64                      40/590 
  Verifying        : dpkg-start-stop-1.18.7-r0.64.corei7_64              41/590 
  Verifying        : e2fsprogs-1.43-r1.67.71.0.corei7_64                 42/590 
  Verifying        : e2fsprogs-badblocks-1.43-r1.67.71.0.corei7_64       43/590 
  Verifying        : e2fsprogs-e2fsck-1.43-r1.67.71.0.corei7_64          44/590 
  Verifying        : e2fsprogs-mke2fs-1.43-r1.67.71.0.corei7_64          45/590 
  Verifying        : e2fsprogs-resize2fs-1.43-r1.67.71.0.corei7_64       46/590 
  Verifying        : e2fsprogs-tune2fs-1.43-r1.67.71.0.corei7_64         47/590 
  Verifying        : efibootmgr-0.12-r0.87.71.0.corei7_64                48/590 
  Verifying        : efitools-1.7.0+git0+791e4639ee-r0.76.corei7_64      49/590 
  Verifying        : efivar-0.24-r0.64.corei7_64                         50/590 
  Verifying        : elfutils-0.166-r0.64.corei7_64                      51/590 
  Verifying        : ethtool-4.6-r0.64.corei7_64                         52/590 
  Verifying        : expect-5.45-r1.65.corei7_64                         53/590 
  Verifying        : fbset-2.1-r4.65.corei7_64                           54/590 
  Verifying        : file-5.28-r0.64.corei7_64                           55/590 
  Verifying        : findutils-4.6.0-r0.65.71.0.corei7_64                56/590 
  Verifying        : flex-2.6.0-r0.64.corei7_64                          57/590 
  Verifying        : fuse-utils-2.9.4-r0.64.corei7_64                    58/590 
  Verifying        : fuser-22.21-r0.2.65.71.0.corei7_64                  59/590 
  Verifying        : gawk-4.1.3-r0.64.corei7_64                          60/590 
  Verifying        : gettext-runtime-0.19.8.1-r0.64.corei7_64            61/590 
  Verifying        : gflags-2.2.2-r0.50.corei7_64                        62/590 
  Verifying        : glibc-gconv-2.24-r0.64.corei7_64                    63/590 
  Verifying        : glibc-gconv-ibm850-2.24-r0.64.corei7_64             64/590 
  Verifying        : gnupg-2.1.14-r0.67.71.0.corei7_64                   65/590 
  Verifying        : gpgme-1.10.0-r0.69.71.0.corei7_64                   66/590 
  Verifying        : grep-2.25-r0.64.corei7_64                           67/590 
  Verifying        : grpc-1.14.1-r0.47.corei7_64                         68/590 
  Verifying        : grub-common-2.02-r0.65.corei7_64                    69/590 
  Verifying        : grub-editenv-2.02-r0.65.corei7_64                   70/590 
  Verifying        : gzip-1.8-r0.64.corei7_64                            71/590 
  Verifying        : hdparm-9.56-r0.64.corei7_64                         72/590 
  Verifying        : i2c-tools-3.1.2-r0.64.corei7_64                     73/590 
  Verifying        : ima-evm-utils-1.0+git0+3e2a67bdb0-r0.64.corei7_6    74/590 
  Verifying        : initscripts-1.0-r155.3.57.corei7_64                 75/590 
  Verifying        : initscripts-functions-1.0-r155.3.57.corei7_64       76/590 
  Verifying        : inotify-tools-3.14-r0.64.corei7_64                  77/590 
  Verifying        : iproute2-4.7.0-r0.66.71.0.corei7_64                 78/590 
  Verifying        : iproute2-ss-4.7.0-r0.66.71.0.corei7_64              79/590 
  Verifying        : iptables-1.6.0-r0.64.corei7_64                      80/590 
  Verifying        : iputils-s20151218-r0.67.71.0.corei7_64              81/590 
  Verifying        : iputils-arping-s20151218-r0.67.71.0.corei7_64       82/590 
  Verifying        : iputils-clockdiff-s20151218-r0.67.71.0.corei7_64    83/590 
  Verifying        : iputils-ping-s20151218-r0.67.71.0.corei7_64         84/590 
  Verifying        : iputils-ping6-s20151218-r0.67.71.0.corei7_64        85/590 
  Verifying        : iputils-tracepath-s20151218-r0.67.71.0.corei7_64    86/590 
  Verifying        : iputils-tracepath6-s20151218-r0.67.71.0.corei7_6    87/590 
  Verifying        : iputils-traceroute6-s20151218-r0.67.71.0.corei7_    88/590 
  Verifying        : iw-4.7-r0.65.corei7_64                              89/590 
  Verifying        : kexec-2.0.17-r0.47.corei7_64                        90/590 
  Verifying        : keyutils-1.5.9-r1.64.corei7_64                      91/590 
  Verifying        : killall-22.21-r0.2.65.71.0.corei7_64                92/590 
  Verifying        : kmod-bash-completion-23+git0+65a885df5f-r0.64.co    93/590 
  Verifying        : ldd-2.24-r0.64.corei7_64                            94/590 
  Verifying        : less-481-r0.64.corei7_64                            95/590 
  Verifying        : libaio1-0.3.110-r0.64.corei7_64                     96/590 
  Verifying        : libarchive-3.2.2-r0.66.71.0.corei7_64               97/590 
  Verifying        : libasm1-0.166-r0.64.corei7_64                       98/590 
  Verifying        : libassuan0-2.4.3-r0.64.corei7_64                    99/590 
  Verifying        : libavahi-client3-0.6.32-r0.87.71.0.corei7_64       100/590 
  Verifying        : libavahi-common3-0.6.32-r0.87.71.0.corei7_64       101/590 
  Verifying        : libbpf-4.8.28-r0.207.71.0.corei7_64                102/590 
  Verifying        : libc6-pcprofile-2.24-r0.64.corei7_64               103/590 
  Verifying        : libc6-thread-db-2.24-r0.64.corei7_64               104/590 
  Verifying        : libc6-utils-2.24-r0.64.corei7_64                   105/590 
  Verifying        : libcap-bin-2.25-r0.66.71.0.corei7_64               106/590 
  Verifying        : libcares-utils-1.15.0+gitr0+e982924ace-r0.50.cor   107/590 
  Verifying        : libcares2-1.15.0+gitr0+e982924ace-r0.50.corei7_6   108/590 
  Verifying        : libcgroup-0.41-r0.3.66.71.0.corei7_64              109/590 
  Verifying        : libcheck-0.10.0-r0.64.corei7_64                    110/590 
  Verifying        : libcidn1-2.24-r0.64.corei7_64                      111/590 
  Verifying        : libcom-err2-1.43-r1.67.71.0.corei7_64              112/590 
  Verifying        : libcomps0.1.8-0.1.8+git0+01a4759894-r0.70.71.0.c   113/590 
  Verifying        : libcrypto1.0.0-1.0.2j-r0.64.corei7_64              114/590 
  Verifying        : libcurl4-7.50.1-r0.66.corei7_64                    115/590 
  Verifying        : libcyaml1-1.1-r0.50.corei7_64                      116/590 
  Verifying        : libdevmapper-2.02.180-r0.52.71.0.corei7_64         117/590 
  Verifying        : libdnf1-0.11.1-r0.91.71.0.corei7_64                118/590 
  Verifying        : libdw1-0.166-r0.64.corei7_64                       119/590 
  Verifying        : libe2p2-1.43-r1.67.71.0.corei7_64                  120/590 
  Verifying        : libelf1-0.166-r0.64.corei7_64                      121/590 
  Verifying        : libevent-2.1.8-r0.64.corei7_64                     122/590 
  Verifying        : libext2fs2-1.43-r1.67.71.0.corei7_64               123/590 
  Verifying        : libfdisk1-2.28.1-r0.3.67.71.0.corei7_64            124/590 
  Verifying        : libffi6-3.2.1-r0.64.corei7_64                      125/590 
  Verifying        : libfreetype6-2.6.5-r0.64.corei7_64                 126/590 
  Verifying        : libfuse2-2.9.4-r0.64.corei7_64                     127/590 
  Verifying        : libgcrypt-1.7.3-r0.66.71.0.corei7_64               128/590 
  Verifying        : libgdbm-bin-1.12-r0.64.corei7_64                   129/590 
  Verifying        : libgdbm4-1.12-r0.64.corei7_64                      130/590 
  Verifying        : libglib-2.0-0-1:2.48.2-r0.68.71.0.corei7_64        131/590 
  Verifying        : libgmp10-6.1.1-r0.64.corei7_64                     132/590 
  Verifying        : libgnutls30-3.5.3-r0.65.corei7_64                  133/590 
  Verifying        : libgomp1-4.9.1-r0.64.corei7_64                     134/590 
  Verifying        : libgpg-error0-1.24-r0.64.corei7_64                 135/590 
  Verifying        : libhiredis0.14-0.14.0-r0.45.71.0.corei7_64         136/590 
  Verifying        : libidn11-1.33-r0.64.corei7_64                      137/590 
  Verifying        : libitm1-4.9.1-r0.64.corei7_64                      138/590 
  Verifying        : libjansson4-2.9-r0.57.corei7_64                    139/590 
  Verifying        : libksba8-1.3.4-r0.64.corei7_64                     140/590 
  Verifying        : libltdl7-2.4.6-r0.64.corei7_64                     141/590 
  Verifying        : liblzo2-2-2.09-r0.64.corei7_64                     142/590 
  Verifying        : libmemusage-2.24-r0.64.corei7_64                   143/590 
  Verifying        : libmnl0-1.0.4-r0.64.corei7_64                      144/590 
  Verifying        : libncurses5-6.0+20160625-r0.64.corei7_64           145/590 
  Verifying        : libncursesw5-6.0+20160625-r0.64.corei7_64          146/590 
  Verifying        : libnftnl4-1.0.6-r0.64.corei7_64                    147/590 
  Verifying        : libnih-1.0.3-r2.86.71.0.corei7_64                  148/590 
  Verifying        : libnl-3-200-1:3.2.28-r0.64.corei7_64               149/590 
  Verifying        : libnl-genl-3-200-1:3.2.28-r0.64.corei7_64          150/590 
  Verifying        : libnl-nf-3-200-1:3.2.28-r0.64.corei7_64            151/590 
  Verifying        : libnl-route-3-200-1:3.2.28-r0.64.corei7_64         152/590 
  Verifying        : libnpth0-1.2-r0.64.corei7_64                       153/590 
  Verifying        : libpanel5-6.0+20160625-r0.64.corei7_64             154/590 
  Verifying        : libpanelw5-6.0+20160625-r0.64.corei7_64            155/590 
  Verifying        : libpcap1-1.7.4-r0.64.corei7_64                     156/590 
  Verifying        : libpci3-3.5.1-r0.87.71.0.corei7_64                 157/590 
  Verifying        : libpciaccess0-0.13.4-r0.64.corei7_64               158/590 
  Verifying        : libpcreposix0-8.39-r09.64.corei7_64                159/590 
  Verifying        : libperl5-5.22.1-r0.64.corei7_64                    160/590 
  Verifying        : libpopt0-1.16-r3.64.corei7_64                      161/590 
  Verifying        : libprotobuf-c-compiler-1.3.3-r0.51.corei7_64       162/590 
  Verifying        : libprotobuf-c1-1.3.3-r0.51.corei7_64               163/590 
  Verifying        : libprotobuf-compiler-3.11.3-r0.51.corei7_64        164/590 
  Verifying        : libprotobuf-lite22-3.11.3-r0.51.corei7_64          165/590 
  Verifying        : libprotobuf22-3.11.3-r0.51.corei7_64               166/590 
  Verifying        : libpython3.7m1.0-3.7.6-r0.56.71.0.corei7_64        167/590 
  Verifying        : librabbitmq4-0.10.0-r0.28.corei7_64                168/590 
  Verifying        : libreadline6-6.3-r0.64.corei7_64                   169/590 
  Verifying        : librepo0-1.7.20+git0+e1137cbbda-r0.73.71.0.corei   170/590 
  Verifying        : libseccomp-2.3.1+git0+937e774d8c-r0.64.corei7_64   171/590 
  Verifying        : libsegfault-2.24-r0.64.corei7_64                   172/590 
  Verifying        : libselinux-bin-2.6-r0.65.71.0.corei7_64            173/590 
  Verifying        : libselinux-python-2.6-r0.65.71.0.corei7_64         174/590 
  Verifying        : libsemanage-python-2.6-r0.66.71.0.corei7_64        175/590 
  Verifying        : libsensors4-3.4.0-r0.87.71.0.corei7_64             176/590 
  Verifying        : libsmartcols1-2.28.1-r0.3.67.71.0.corei7_64        177/590 
  Verifying        : libsodium13-1.0.1-r0.65.corei7_64                  178/590 
  Verifying        : libsolv0-0.6.33-r0.88.71.0.corei7_64               179/590 
  Verifying        : libsolvext0-0.6.33-r0.88.71.0.corei7_64            180/590 
  Verifying        : libsotruss-2.24-r0.64.corei7_64                    181/590 
  Verifying        : libsqlite3-0-3:3.14.1-r0.64.corei7_64              182/590 
  Verifying        : libss2-1.43-r1.67.71.0.corei7_64                   183/590 
  Verifying        : libssh2-1-1.7.0-r0.67.corei7_64                    184/590 
  Verifying        : libssl1.0.0-1.0.2j-r0.64.corei7_64                 185/590 
  Verifying        : libssp0-4.9.1-r0.64.corei7_64                      186/590 
  Verifying        : libstdc++6-4.9.1-r0.64.corei7_64                   187/590 
  Verifying        : libsysfs2-2.1.0-r5.64.corei7_64                    188/590 
  Verifying        : libtcl8.6-0-8.6.6-r0.65.corei7_64                  189/590 
  Verifying        : libtic5-6.0+20160625-r0.64.corei7_64               190/590 
  Verifying        : libticw5-6.0+20160625-r0.64.corei7_64              191/590 
  Verifying        : libtinfo5-6.0+20160625-r0.64.corei7_64             192/590 
  Verifying        : libtirpc3-1.0.1-r0.64.corei7_64                    193/590 
  Verifying        : libudev1-1:230+git0+3a74d4fc90-r0.85.71.0.corei7   194/590 
  Verifying        : libudrv-0.1-r2.226.71.0.corei7_64                  195/590 
  Verifying        : libuio0-1.0-r2.64.corei7_64                        196/590 
  Verifying        : libulockmgr1-2.9.4-r0.64.corei7_64                 197/590 
  Verifying        : libunwind-1.1+git0+bc8698fd7e-r0.64.corei7_64      198/590 
  Verifying        : libusb-1.0-0-1.0.20-r0.64.corei7_64                199/590 
  Verifying        : libwrap0-7.6-r10.64.corei7_64                      200/590 
  Verifying        : libxml2-2.9.4-r0.66.71.0.corei7_64                 201/590 
  Verifying        : libxml2-python-2.9.4-r0.66.71.0.corei7_64          202/590 
  Verifying        : libxslt-1.1.29-r0.66.71.0.corei7_64                203/590 
  Verifying        : libyajl2-2.1.0-r0.64.corei7_64                     204/590 
  Verifying        : libyaml-0-2-0.1.7-r0.64.corei7_64                  205/590 
  Verifying        : libyaml-0-dev-0.1.7-r0.64.corei7_64                206/590 
  Verifying        : linux-hardening-1.0-r0.55.corei7_64                207/590 
  Verifying        : lmsensors-fancontrol-3.4.0-r0.87.71.0.corei7_64    208/590 
  Verifying        : lmsensors-isatools-3.4.0-r0.87.71.0.corei7_64      209/590 
  Verifying        : lmsensors-pwmconfig-3.4.0-r0.87.71.0.corei7_64     210/590 
  Verifying        : lmsensors-sensors-3.4.0-r0.87.71.0.corei7_64       211/590 
  Verifying        : logrotate-3.9.1-r0.67.71.0.corei7_64               212/590 
  Verifying        : lsof-4.89-r0.2.65.71.0.corei7_64                   213/590 
  Verifying        : lvm2-2.02.180-r0.53.71.0.corei7_64                 214/590 
  Verifying        : lvm2-udevrules-2.02.180-r0.53.71.0.corei7_64       215/590 
  Verifying        : lxc-2.0.8-r0.36.71.0.corei7_64                     216/590 
  Verifying        : lz4-131+git0+d86dc91677-r0.64.corei7_64            217/590 
  Verifying        : m4-1.4.17-r0.64.corei7_64                          218/590 
  Verifying        : makedumpfile-1.6.7-r0.47.corei7_64                 219/590 
  Verifying        : mdadm-git-r0.57.corei7_64                          220/590 
  Verifying        : mingetty-1.08-r3.64.corei7_64                      221/590 
  Verifying        : mktemp-1.7-r3.64.corei7_64                         222/590 
  Verifying        : mmc-utils-0.1-r0.7.corei7_64                       223/590 
  Verifying        : mtd-utils-1.5.2-r0.69.71.0.corei7_64               224/590 
  Verifying        : mtd-utils-jffs2-1.5.2-r0.69.71.0.corei7_64         225/590 
  Verifying        : mtd-utils-misc-1.5.2-r0.69.71.0.corei7_64          226/590 
  Verifying        : mtd-utils-ubifs-1.5.2-r0.69.71.0.corei7_64         227/590 
  Verifying        : mtools-4.0.18-r0.64.corei7_64                      228/590 
  Verifying        : ncurses-6.0+20160625-r0.64.corei7_64               229/590 
  Verifying        : ncurses-terminfo-6.0+20160625-r0.64.corei7_64      230/590 
  Verifying        : ncurses-terminfo-base-6.0+20160625-r0.64.corei7_   231/590 
  Verifying        : ncurses-tools-6.0+20160625-r0.64.corei7_64         232/590 
  Verifying        : net-tools-1.60+26-r0.2.65.71.0.corei7_64           233/590 
  Verifying        : netbase-1:5.3-r0.64.corei7_64                      234/590 
  Verifying        : netcat-0.7.1-r3.64.71.0.corei7_64                  235/590 
  Verifying        : nettle-3.2-r0.65.corei7_64                         236/590 
  Verifying        : nftables-0.6-r0.64.corei7_64                       237/590 
  Verifying        : nspr-4.29-r0.38.corei7_64                          238/590 
  Verifying        : nss-3.60-r0.39.corei7_64                           239/590 
  Verifying        : nvme-cli-1.12+git0+949d0aea73-r0.40.71.0.corei7_   240/590 
  Verifying        : openssh-7.3p1-r0.5.73.71.0.corei7_64               241/590 
  Verifying        : openssh-keygen-7.3p1-r0.5.73.71.0.corei7_64        242/590 
  Verifying        : openssh-scp-7.3p1-r0.5.73.71.0.corei7_64           243/590 
  Verifying        : openssh-sftp-server-7.3p1-r0.5.73.71.0.corei7_64   244/590 
  Verifying        : openssh-ssh-7.3p1-r0.5.73.71.0.corei7_64           245/590 
  Verifying        : openssh-sshd-7.3p1-r0.5.73.71.0.corei7_64          246/590 
  Verifying        : openssl-1.0.2j-r0.64.corei7_64                     247/590 
  Verifying        : openssl-conf-1.0.2j-r0.64.corei7_64                248/590 
  Verifying        : openssl-engines-1.0.2j-r0.64.corei7_64             249/590 
  Verifying        : openssl-misc-1.0.2j-r0.64.corei7_64                250/590 
  Verifying        : opkg-utils-0.3.2+git0+3ffece9bf1-r0.64.corei7_64   251/590 
  Verifying        : os-release-1.0-r0.55.noarch                        252/590 
  Verifying        : packagegroup-core-boot-1.0-r17.64.wrlsdk_x86       253/590 
  Verifying        : pam-filter-upperlower-1.3.0-r5.66.71.0.corei7_64   254/590 
  Verifying        : pam-plugin-access-1.3.0-r5.66.71.0.corei7_64       255/590 
  Verifying        : pam-plugin-chroot-1.3.0-r5.66.71.0.corei7_64       256/590 
  Verifying        : pam-plugin-console-1.3.0-r5.66.71.0.corei7_64      257/590 
  Verifying        : pam-plugin-cracklib-1.3.0-r5.66.71.0.corei7_64     258/590 
  Verifying        : pam-plugin-debug-1.3.0-r5.66.71.0.corei7_64        259/590 
  Verifying        : pam-plugin-echo-1.3.0-r5.66.71.0.corei7_64         260/590 
  Verifying        : pam-plugin-exec-1.3.0-r5.66.71.0.corei7_64         261/590 
  Verifying        : pam-plugin-filter-1.3.0-r5.66.71.0.corei7_64       262/590 
  Verifying        : pam-plugin-ftp-1.3.0-r5.66.71.0.corei7_64          263/590 
  Verifying        : pam-plugin-issue-1.3.0-r5.66.71.0.corei7_64        264/590 
  Verifying        : pam-plugin-keyinit-1.3.0-r5.66.71.0.corei7_64      265/590 
  Verifying        : pam-plugin-listfile-1.3.0-r5.66.71.0.corei7_64     266/590 
  Verifying        : pam-plugin-localuser-1.3.0-r5.66.71.0.corei7_64    267/590 
  Verifying        : pam-plugin-loginuid-1.3.0-r5.66.71.0.corei7_64     268/590 
  Verifying        : pam-plugin-mkhomedir-1.3.0-r5.66.71.0.corei7_64    269/590 
  Verifying        : pam-plugin-namespace-1.3.0-r5.66.71.0.corei7_64    270/590 
  Verifying        : pam-plugin-postgresok-1.3.0-r5.66.71.0.corei7_64   271/590 
  Verifying        : pam-plugin-pwhistory-1.3.0-r5.66.71.0.corei7_64    272/590 
  Verifying        : pam-plugin-rhosts-1.3.0-r5.66.71.0.corei7_64       273/590 
  Verifying        : pam-plugin-stress-1.3.0-r5.66.71.0.corei7_64       274/590 
  Verifying        : pam-plugin-succeed-if-1.3.0-r5.66.71.0.corei7_64   275/590 
  Verifying        : pam-plugin-tally-1.3.0-r5.66.71.0.corei7_64        276/590 
  Verifying        : pam-plugin-tally2-1.3.0-r5.66.71.0.corei7_64       277/590 
  Verifying        : pam-plugin-time-1.3.0-r5.66.71.0.corei7_64         278/590 
  Verifying        : pam-plugin-timestamp-1.3.0-r5.66.71.0.corei7_64    279/590 
  Verifying        : pam-plugin-umask-1.3.0-r5.66.71.0.corei7_64        280/590 
  Verifying        : pam-plugin-wheel-1.3.0-r5.66.71.0.corei7_64        281/590 
  Verifying        : pam-plugin-xauth-1.3.0-r5.66.71.0.corei7_64        282/590 
  Verifying        : parted-3.2-r1.2.67.71.0.corei7_64                  283/590 
  Verifying        : pciutils-3.5.1-r0.87.71.0.corei7_64                284/590 
  Verifying        : pciutils-ids-3.5.1-r0.87.71.0.corei7_64            285/590 
  Verifying        : perf-4.8.28-r9.210.71.0.wrlsdk_x86                 286/590 
  Verifying        : perl-5.22.1-r0.64.corei7_64                        287/590 
  Verifying        : perl-module-b-5.22.1-r0.64.corei7_64               288/590 
  Verifying        : perl-module-b-deparse-5.22.1-r0.64.corei7_64       289/590 
  Verifying        : perl-module-base-5.22.1-r0.64.corei7_64            290/590 
  Verifying        : perl-module-bytes-5.22.1-r0.64.corei7_64           291/590 
  Verifying        : perl-module-bytes-heavy-5.22.1-r0.64.corei7_64     292/590 
  Verifying        : perl-module-carp-5.22.1-r0.64.corei7_64            293/590 
  Verifying        : perl-module-carp-clan-6.04-r0.64.corei7_64         294/590 
  Verifying        : perl-module-common-sense-3.74-r0.64.corei7_64      295/590 
  Verifying        : perl-module-compress-raw-zlib-5.22.1-r0.64.corei   296/590 
  Verifying        : perl-module-compress-zlib-5.22.1-r0.64.corei7_64   297/590 
  Verifying        : perl-module-constant-5.22.1-r0.64.corei7_64        298/590 
  Verifying        : perl-module-cwd-5.22.1-r0.64.corei7_64             299/590 
  Verifying        : perl-module-data-dumper-5.22.1-r0.64.corei7_64     300/590 
  Verifying        : perl-module-date-calc-6.4-r0.64.corei7_64          301/590 
  Verifying        : perl-module-dynaloader-5.22.1-r0.64.corei7_64      302/590 
  Verifying        : perl-module-encode-5.22.1-r0.64.corei7_64          303/590 
  Verifying        : perl-module-encode-alias-5.22.1-r0.64.corei7_64    304/590 
  Verifying        : perl-module-encode-config-5.22.1-r0.64.corei7_64   305/590 
  Verifying        : perl-module-encode-configlocal-pm-5.22.1-r0.64.c   306/590 
  Verifying        : perl-module-encode-encoding-5.22.1-r0.64.corei7_   307/590 
  Verifying        : perl-module-encode-mime-name-5.22.1-r0.64.corei7   308/590 
  Verifying        : perl-module-errno-5.22.1-r0.64.corei7_64           309/590 
  Verifying        : perl-module-expect-1.32-r0.64.corei7_64            310/590 
  Verifying        : perl-module-exporter-5.22.1-r0.64.corei7_64        311/590 
  Verifying        : perl-module-exporter-heavy-5.22.1-r0.64.corei7_6   312/590 
  Verifying        : perl-module-fcntl-5.22.1-r0.64.corei7_64           313/590 
  Verifying        : perl-module-feature-5.22.1-r0.64.corei7_64         314/590 
  Verifying        : perl-module-file-basename-5.22.1-r0.64.corei7_64   315/590 
  Verifying        : perl-module-file-copy-5.22.1-r0.64.corei7_64       316/590 
  Verifying        : perl-module-file-glob-5.22.1-r0.64.corei7_64       317/590 
  Verifying        : perl-module-file-globmapper-5.22.1-r0.64.corei7_   318/590 
  Verifying        : perl-module-file-spec-5.22.1-r0.64.corei7_64       319/590 
  Verifying        : perl-module-file-spec-unix-5.22.1-r0.64.corei7_6   320/590 
  Verifying        : perl-module-getopt-long-5.22.1-r0.64.corei7_64     321/590 
  Verifying        : perl-module-getopt-std-5.22.1-r0.64.corei7_64      322/590 
  Verifying        : perl-module-integer-5.22.1-r0.64.corei7_64         323/590 
  Verifying        : perl-module-io-5.22.1-r0.64.corei7_64              324/590 
  Verifying        : perl-module-io-compress-adapter-deflate-5.22.1-r   325/590 
  Verifying        : perl-module-io-compress-base-5.22.1-r0.64.corei7   326/590 
  Verifying        : perl-module-io-compress-base-common-5.22.1-r0.64   327/590 
  Verifying        : perl-module-io-compress-gzip-5.22.1-r0.64.corei7   328/590 
  Verifying        : perl-module-io-compress-gzip-constants-5.22.1-r0   329/590 
  Verifying        : perl-module-io-compress-rawdeflate-5.22.1-r0.64.   330/590 
  Verifying        : perl-module-io-compress-zlib-extra-5.22.1-r0.64.   331/590 
  Verifying        : perl-module-io-file-5.22.1-r0.64.corei7_64         332/590 
  Verifying        : perl-module-io-handle-5.22.1-r0.64.corei7_64       333/590 
  Verifying        : perl-module-io-seekable-5.22.1-r0.64.corei7_64     334/590 
  Verifying        : perl-module-io-tty-1.12-r0.64.corei7_64            335/590 
  Verifying        : perl-module-io-uncompress-adapter-inflate-5.22.1   336/590 
  Verifying        : perl-module-io-uncompress-base-5.22.1-r0.64.core   337/590 
  Verifying        : perl-module-io-uncompress-gunzip-5.22.1-r0.64.co   338/590 
  Verifying        : perl-module-io-uncompress-rawinflate-5.22.1-r0.6   339/590 
  Verifying        : perl-module-json-pp-5.22.1-r0.64.corei7_64         340/590 
  Verifying        : perl-module-lib-5.22.1-r0.64.corei7_64             341/590 
  Verifying        : perl-module-linux-inotify2-1.22-r0.64.corei7_64    342/590 
  Verifying        : perl-module-list-util-5.22.1-r0.64.corei7_64       343/590 
  Verifying        : perl-module-logfile-rotate-1.04-r0.64.corei7_64    344/590 
  Verifying        : perl-module-math-bigfloat-5.22.1-r0.64.corei7_64   345/590 
  Verifying        : perl-module-math-bigint-5.22.1-r0.64.corei7_64     346/590 
  Verifying        : perl-module-math-bigint-calc-5.22.1-r0.64.corei7   347/590 
  Verifying        : perl-module-mro-5.22.1-r0.64.corei7_64             348/590 
  Verifying        : perl-module-overload-5.22.1-r0.64.corei7_64        349/590 
  Verifying        : perl-module-overload-numbers-5.22.1-r0.64.corei7   350/590 
  Verifying        : perl-module-overloading-5.22.1-r0.64.corei7_64     351/590 
  Verifying        : perl-module-pod-usage-5.22.1-r0.64.corei7_64       352/590 
  Verifying        : perl-module-posix-5.22.1-r0.64.corei7_64           353/590 
  Verifying        : perl-module-re-5.22.1-r0.64.corei7_64              354/590 
  Verifying        : perl-module-scalar-util-5.22.1-r0.64.corei7_64     355/590 
  Verifying        : perl-module-selectsaver-5.22.1-r0.64.corei7_64     356/590 
  Verifying        : perl-module-subs-5.22.1-r0.64.corei7_64            357/590 
  Verifying        : perl-module-symbol-5.22.1-r0.64.corei7_64          358/590 
  Verifying        : perl-module-term-cap-5.22.1-r0.64.corei7_64        359/590 
  Verifying        : perl-module-text-parsewords-5.22.1-r0.64.corei7_   360/590 
  Verifying        : perl-module-tie-hash-5.22.1-r0.64.corei7_64        361/590 
  Verifying        : perl-module-time-hires-5.22.1-r0.64.corei7_64      362/590 
  Verifying        : perl-module-utf8-5.22.1-r0.64.corei7_64            363/590 
  Verifying        : perl-module-utf8-heavy-5.22.1-r0.64.corei7_64      364/590 
  Verifying        : perl-module-xsloader-5.22.1-r0.64.corei7_64        365/590 
  Verifying        : perl-module-zmq-constants-1.04-r0.64.corei7_64     366/590 
  Verifying        : perl-module-zmq-libzmq3-1.19-r0.66.corei7_64       367/590 
  Verifying        : policycoreutils-2.6-r0.67.71.0.corei7_64           368/590 
  Verifying        : policycoreutils-audit2allow-2.6-r0.67.71.0.corei   369/590 
  Verifying        : policycoreutils-fixfiles-2.6-r0.67.71.0.corei7_6   370/590 
  Verifying        : policycoreutils-hll-2.6-r0.67.71.0.corei7_64       371/590 
  Verifying        : policycoreutils-python-2.6-r0.67.71.0.corei7_64    372/590 
  Verifying        : policycoreutils-secon-2.6-r0.67.71.0.corei7_64     373/590 
  Verifying        : policycoreutils-semanage-2.6-r0.67.71.0.corei7_6   374/590 
  Verifying        : policycoreutils-semodule-2.6-r0.67.71.0.corei7_6   375/590 
  Verifying        : policycoreutils-sestatus-2.6-r0.67.71.0.corei7_6   376/590 
  Verifying        : policycoreutils-setfiles-2.6-r0.67.71.0.corei7_6   377/590 
  Verifying        : procps-3.3.12-r0.65.corei7_64                      378/590 
  Verifying        : psmisc-22.21-r0.2.65.71.0.corei7_64                379/590 
  Verifying        : pstree-22.21-r0.2.65.71.0.corei7_64                380/590 
  Verifying        : python-2to3-2.7.12-r1.65.71.0.corei7_64            381/590 
  Verifying        : python-argparse-2.7.12-r1.65.71.0.corei7_64        382/590 
  Verifying        : python-audio-2.7.12-r1.65.71.0.corei7_64           383/590 
  Verifying        : python-codecs-2.7.12-r1.65.71.0.corei7_64          384/590 
  Verifying        : python-compile-2.7.12-r1.65.71.0.corei7_64         385/590 
  Verifying        : python-compression-2.7.12-r1.65.71.0.corei7_64     386/590 
  Verifying        : python-contextlib-2.7.12-r1.65.71.0.corei7_64      387/590 
  Verifying        : python-crypt-2.7.12-r1.65.71.0.corei7_64           388/590 
  Verifying        : python-ctypes-2.7.12-r1.65.71.0.corei7_64          389/590 
  Verifying        : python-curses-2.7.12-r1.65.71.0.corei7_64          390/590 
  Verifying        : python-datetime-2.7.12-r1.65.71.0.corei7_64        391/590 
  Verifying        : python-debugger-2.7.12-r1.65.71.0.corei7_64        392/590 
  Verifying        : python-decorator-4.0.10-r0.65.71.0.corei7_64       393/590 
  Verifying        : python-difflib-2.7.12-r1.65.71.0.corei7_64         394/590 
  Verifying        : python-distutils-2.7.12-r1.65.71.0.corei7_64       395/590 
  Verifying        : python-doctest-2.7.12-r1.65.71.0.corei7_64         396/590 
  Verifying        : python-ecdsa-0.11-r0.57.71.0.corei7_64             397/590 
  Verifying        : python-email-2.7.12-r1.65.71.0.corei7_64           398/590 
  Verifying        : python-enum34-1.1.6-r0.65.71.0.corei7_64           399/590 
  Verifying        : python-fcntl-2.7.12-r1.65.71.0.corei7_64           400/590 
  Verifying        : python-html-2.7.12-r1.65.71.0.corei7_64            401/590 
  Verifying        : python-image-2.7.12-r1.65.71.0.corei7_64           402/590 
  Verifying        : python-importlib-2.7.12-r1.65.71.0.corei7_64       403/590 
  Verifying        : python-io-2.7.12-r1.65.71.0.corei7_64              404/590 
  Verifying        : python-ipy-0.83-r0.65.71.0.corei7_64               405/590 
  Verifying        : python-json-2.7.12-r1.65.71.0.corei7_64            406/590 
  Verifying        : python-logging-2.7.12-r1.65.71.0.corei7_64         407/590 
  Verifying        : python-lxml-3.6.4-r0.58.71.0.corei7_64             408/590 
  Verifying        : python-math-2.7.12-r1.65.71.0.corei7_64            409/590 
  Verifying        : python-mime-2.7.12-r1.65.71.0.corei7_64            410/590 
  Verifying        : python-ncclient-0.6.3-r0.58.71.0.corei7_64         411/590 
  Verifying        : python-netclient-2.7.12-r1.65.71.0.corei7_64       412/590 
  Verifying        : python-netserver-2.7.12-r1.65.71.0.corei7_64       413/590 
  Verifying        : python-networkx-1.11-r0.65.71.0.corei7_64          414/590 
  Verifying        : python-numbers-2.7.12-r1.65.71.0.corei7_64         415/590 
  Verifying        : python-paramiko-1.14.3-r0.57.71.0.corei7_64        416/590 
  Verifying        : python-pickle-2.7.12-r1.65.71.0.corei7_64          417/590 
  Verifying        : python-pkgutil-2.7.12-r1.65.71.0.corei7_64         418/590 
  Verifying        : python-plistlib-2.7.12-r1.65.71.0.corei7_64        419/590 
  Verifying        : python-pprint-2.7.12-r1.65.71.0.corei7_64          420/590 
  Verifying        : python-pycrypto-2.6.1-r0.57.71.0.corei7_64         421/590 
  Verifying        : python-readline-2.7.12-r1.65.71.0.corei7_64        422/590 
  Verifying        : python-selectors2-2.0.1-r1.57.71.0.corei7_64       423/590 
  Verifying        : python-setuptools-22.0.5-r0.65.71.0.corei7_64      424/590 
  Verifying        : python-shell-2.7.12-r1.65.71.0.corei7_64           425/590 
  Verifying        : python-six-1.10.0-r0.65.71.0.corei7_64             426/590 
  Verifying        : python-smtpd-2.7.12-r1.65.71.0.corei7_64           427/590 
  Verifying        : python-stringold-2.7.12-r1.65.71.0.corei7_64       428/590 
  Verifying        : python-subprocess-2.7.12-r1.65.71.0.corei7_64      429/590 
  Verifying        : python-syslog-2.7.12-r1.65.71.0.corei7_64          430/590 
  Verifying        : python-textutils-2.7.12-r1.65.71.0.corei7_64       431/590 
  Verifying        : python-threading-2.7.12-r1.65.71.0.corei7_64       432/590 
  Verifying        : python-unittest-2.7.12-r1.65.71.0.corei7_64        433/590 
  Verifying        : python-unixadmin-2.7.12-r1.65.71.0.corei7_64       434/590 
  Verifying        : python-xml-2.7.12-r1.65.71.0.corei7_64             435/590 
  Verifying        : python-xmldiff-2.3-r0.57.71.0.corei7_64            436/590 
  Verifying        : python-zlib-2.7.12-r1.65.71.0.corei7_64            437/590 
  Verifying        : python3-argparse-3.7.6-r0.56.71.0.corei7_64        438/590 
  Verifying        : python3-asyncio-3.7.6-r0.56.71.0.corei7_64         439/590 
  Verifying        : python3-audio-3.7.6-r0.56.71.0.corei7_64           440/590 
  Verifying        : python3-codecs-3.7.6-r0.56.71.0.corei7_64          441/590 
  Verifying        : python3-compile-3.7.6-r0.56.71.0.corei7_64         442/590 
  Verifying        : python3-compression-3.7.6-r0.56.71.0.corei7_64     443/590 
  Verifying        : python3-core-3.7.6-r0.56.71.0.corei7_64            444/590 
  Verifying        : python3-crypt-3.7.6-r0.56.71.0.corei7_64           445/590 
  Verifying        : python3-ctypes-3.7.6-r0.56.71.0.corei7_64          446/590 
  Verifying        : python3-curses-3.7.6-r0.56.71.0.corei7_64          447/590 
  Verifying        : python3-datetime-3.7.6-r0.56.71.0.corei7_64        448/590 
  Verifying        : python3-debugger-3.7.6-r0.56.71.0.corei7_64        449/590 
  Verifying        : python3-dev-3.7.6-r0.56.71.0.corei7_64             450/590 
  Verifying        : python3-difflib-3.7.6-r0.56.71.0.corei7_64         451/590 
  Verifying        : python3-distutils-3.7.6-r0.56.71.0.corei7_64       452/590 
  Verifying        : python3-email-3.7.6-r0.56.71.0.corei7_64           453/590 
  Verifying        : python3-enum-3.7.6-r0.56.71.0.corei7_64            454/590 
  Verifying        : python3-fcntl-3.7.6-r0.56.71.0.corei7_64           455/590 
  Verifying        : python3-gpg-1.10.0-r0.69.71.0.corei7_64            456/590 
  Verifying        : python3-html-3.7.6-r0.56.71.0.corei7_64            457/590 
  Verifying        : python3-image-3.7.6-r0.56.71.0.corei7_64           458/590 
  Verifying        : python3-importlib-3.7.6-r0.56.71.0.corei7_64       459/590 
  Verifying        : python3-iniparse-0.4-r0.69.71.0.corei7_64          460/590 
  Verifying        : python3-io-3.7.6-r0.56.71.0.corei7_64              461/590 
  Verifying        : python3-json-3.7.6-r0.56.71.0.corei7_64            462/590 
  Verifying        : python3-lang-3.7.6-r0.56.71.0.corei7_64            463/590 
  Verifying        : python3-libs-3.7.6-r0.56.71.0.corei7_64            464/590 
  Verifying        : python3-logging-3.7.6-r0.56.71.0.corei7_64         465/590 
  Verifying        : python3-math-3.7.6-r0.56.71.0.corei7_64            466/590 
  Verifying        : python3-mime-3.7.6-r0.56.71.0.corei7_64            467/590 
  Verifying        : python3-misc-3.7.6-r0.56.71.0.corei7_64            468/590 
  Verifying        : python3-mmap-3.7.6-r0.56.71.0.corei7_64            469/590 
  Verifying        : python3-multiprocessing-3.7.6-r0.56.71.0.corei7_   470/590 
  Verifying        : python3-netclient-3.7.6-r0.56.71.0.corei7_64       471/590 
  Verifying        : python3-netserver-3.7.6-r0.56.71.0.corei7_64       472/590 
  Verifying        : python3-numbers-3.7.6-r0.56.71.0.corei7_64         473/590 
  Verifying        : python3-pickle-3.7.6-r0.56.71.0.corei7_64          474/590 
  Verifying        : python3-pkgutil-3.7.6-r0.56.71.0.corei7_64         475/590 
  Verifying        : python3-pprint-3.7.6-r0.56.71.0.corei7_64          476/590 
  Verifying        : python3-prctl-1.7+git0+57cd0a7cad-r0.68.71.0.cor   477/590 
  Verifying        : python3-prettytable-0.7.2-r0.61.71.0.corei7_64     478/590 
  Verifying        : python3-pydoc-3.7.6-r0.56.71.0.corei7_64           479/590 
  Verifying        : python3-pygpgme-0.3-r0.63.71.0.corei7_64           480/590 
  Verifying        : python3-pyyaml-3.13-r0.69.71.0.corei7_64           481/590 
  Verifying        : python3-re-3.7.6-r0.56.71.0.corei7_64              482/590 
  Verifying        : python3-readline-3.7.6-r0.56.71.0.corei7_64        483/590 
  Verifying        : python3-reprlib-3.7.6-r0.56.71.0.corei7_64         484/590 
  Verifying        : python3-rpm-1:4.14.1-r0.88.71.0.corei7_64          485/590 
  Verifying        : python3-selectors-3.7.6-r0.56.71.0.corei7_64       486/590 
  Verifying        : python3-shell-3.7.6-r0.56.71.0.corei7_64           487/590 
  Verifying        : python3-signal-3.7.6-r0.56.71.0.corei7_64          488/590 
  Verifying        : python3-six-1.10.0-r0.69.71.0.corei7_64            489/590 
  Verifying        : python3-smtpd-3.7.6-r0.56.71.0.corei7_64           490/590 
  Verifying        : python3-sqlite3-3.7.6-r0.56.71.0.corei7_64         491/590 
  Verifying        : python3-stringold-3.7.6-r0.56.71.0.corei7_64       492/590 
  Verifying        : python3-subprocess-3.7.6-r0.56.71.0.corei7_64      493/590 
  Verifying        : python3-syslog-3.7.6-r0.56.71.0.corei7_64          494/590 
  Verifying        : python3-textutils-3.7.6-r0.56.71.0.corei7_64       495/590 
  Verifying        : python3-threading-3.7.6-r0.56.71.0.corei7_64       496/590 
  Verifying        : python3-typing-3.7.6-r0.56.71.0.corei7_64          497/590 
  Verifying        : python3-unixadmin-3.7.6-r0.56.71.0.corei7_64       498/590 
  Verifying        : python3-venv-3.7.6-r0.56.71.0.corei7_64            499/590 
  Verifying        : python3-xml-3.7.6-r0.56.71.0.corei7_64             500/590 
  Verifying        : python3-xmlrpc-3.7.6-r0.56.71.0.corei7_64          501/590 
  Verifying        : quota-4.03-r0.85.71.0.corei7_64                    502/590 
  Verifying        : rpm-1:4.14.1-r0.88.71.0.corei7_64                  503/590 
  Verifying        : rsync-3.1.2-r0.65.corei7_64                        504/590 
  Verifying        : run-postinsts-1.0-r9.55.noarch                     505/590 
  Verifying        : sdparm-1.10-r0.64.corei7_64                        506/590 
  Verifying        : sed-4.2.2-r0.3.65.71.0.corei7_64                   507/590 
  Verifying        : sepolgen-2.6-r0.65.71.0.corei7_64                  508/590 
  Verifying        : setools-4.1.0-r0.65.71.0.corei7_64                 509/590 
  Verifying        : setserial-2.17-r3.64.corei7_64                     510/590 
  Verifying        : sg3-utils-1.42-r0.64.corei7_64                     511/590 
  Verifying        : slang-2.3.1a-r0.64.corei7_64                       512/590 
  Verifying        : smartmontools-6.5-r0.67.71.0.corei7_64             513/590 
  Verifying        : sqlite3-3:3.14.1-r0.64.corei7_64                   514/590 
  Verifying        : sshfs-fuse-2.2-r1.69.71.0.corei7_64                515/590 
  Verifying        : strace-4.13-r0.85.71.0.corei7_64                   516/590 
  Verifying        : sudo-1.8.23-r0.2.13.71.0.corei7_64                 517/590 
  Verifying        : sysfsutils-2.1.0-r5.64.corei7_64                   518/590 
  Verifying        : sysklogd-1.5.1-r0.66.corei7_64                     519/590 
  Verifying        : sysstat-11.4.0-r0.88.71.0.corei7_64                520/590 
  Verifying        : systemd-analyze-1:230+git0+3a74d4fc90-r0.85.71.0   521/590 
  Verifying        : systemd-bash-completion-1:230+git0+3a74d4fc90-r0   522/590 
  Verifying        : systemd-compat-units-1.0-r29.64.corei7_64          523/590 
  Verifying        : systemd-initramfs-1:230+git0+3a74d4fc90-r0.85.71   524/590 
  Verifying        : systemd-kernel-install-1:230+git0+3a74d4fc90-r0.   525/590 
  Verifying        : tar-1.29-r0.65.71.0.corei7_64                      526/590 
  Verifying        : tcl-8.6.6-r0.65.corei7_64                          527/590 
  Verifying        : tcp-wrappers-7.6-r10.64.corei7_64                  528/590 
  Verifying        : tcpdump-4.7.4-r0.64.corei7_64                      529/590 
  Verifying        : thin-provisioning-tools-0.6.3-r0.69.71.0.corei7_   530/590 
  Verifying        : time-1.7-r2.64.corei7_64                           531/590 
  Verifying        : tree-1.7.0-r0.64.corei7_64                         532/590 
  Verifying        : tunctl-1.5-r0.65.corei7_64                         533/590 
  Verifying        : tzcode-2.24-r0.64.corei7_64                        534/590 
  Verifying        : tzdata-2020c-r0.27.71.0.noarch                     535/590 
  Verifying        : tzdata-africa-2020c-r0.27.71.0.noarch              536/590 
  Verifying        : tzdata-americas-2020c-r0.27.71.0.noarch            537/590 
  Verifying        : tzdata-antarctica-2020c-r0.27.71.0.noarch          538/590 
  Verifying        : tzdata-arctic-2020c-r0.27.71.0.noarch              539/590 
  Verifying        : tzdata-asia-2020c-r0.27.71.0.noarch                540/590 
  Verifying        : tzdata-atlantic-2020c-r0.27.71.0.noarch            541/590 
  Verifying        : tzdata-australia-2020c-r0.27.71.0.noarch           542/590 
  Verifying        : tzdata-core-2020c-r0.27.71.0.noarch                543/590 
  Verifying        : tzdata-europe-2020c-r0.27.71.0.noarch              544/590 
  Verifying        : tzdata-misc-2020c-r0.27.71.0.noarch                545/590 
  Verifying        : tzdata-pacific-2020c-r0.27.71.0.noarch             546/590 
  Verifying        : tzdata-posix-2020c-r0.27.71.0.noarch               547/590 
  Verifying        : tzdata-right-2020c-r0.27.71.0.noarch               548/590 
  Verifying        : udev-hwdb-1:230+git0+3a74d4fc90-r0.85.71.0.corei   549/590 
  Verifying        : unionfs-fuse-0.26-r0.51.corei7_64                  550/590 
  Verifying        : unzip-1:6.0-r5.64.corei7_64                        551/590 
  Verifying        : usbutils-008-r0.85.71.0.corei7_64                  552/590 
  Verifying        : usleep-1.0-r0.64.corei7_64                         553/590 
  Verifying        : util-linux-2.28.1-r0.3.67.71.0.corei7_64           554/590 
  Verifying        : util-linux-bash-completion-2.28.1-r0.3.67.71.0.c   555/590 
  Verifying        : util-linux-blkid-2.28.1-r0.3.67.71.0.corei7_64     556/590 
  Verifying        : util-linux-cfdisk-2.28.1-r0.3.67.71.0.corei7_64    557/590 
  Verifying        : util-linux-fdisk-2.28.1-r0.3.67.71.0.corei7_64     558/590 
  Verifying        : util-linux-findfs-2.28.1-r0.3.67.71.0.corei7_64    559/590 
  Verifying        : util-linux-fsck-2.28.1-r0.3.67.71.0.corei7_64      560/590 
  Verifying        : util-linux-fsck.cramfs-2.28.1-r0.3.67.71.0.corei   561/590 
  Verifying        : util-linux-fstrim-2.28.1-r0.3.67.71.0.corei7_64    562/590 
  Verifying        : util-linux-getopt-2.28.1-r0.3.67.71.0.corei7_64    563/590 
  Verifying        : util-linux-hwclock-2.28.1-r0.3.67.71.0.corei7_64   564/590 
  Verifying        : util-linux-losetup-2.28.1-r0.3.67.71.0.corei7_64   565/590 
  Verifying        : util-linux-lscpu-2.28.1-r0.3.67.71.0.corei7_64     566/590 
  Verifying        : util-linux-mcookie-2.28.1-r0.3.67.71.0.corei7_64   567/590 
  Verifying        : util-linux-mkfs-2.28.1-r0.3.67.71.0.corei7_64      568/590 
  Verifying        : util-linux-mkfs.cramfs-2.28.1-r0.3.67.71.0.corei   569/590 
  Verifying        : util-linux-mountpoint-2.28.1-r0.3.67.71.0.corei7   570/590 
  Verifying        : util-linux-partx-2.28.1-r0.3.67.71.0.corei7_64     571/590 
  Verifying        : util-linux-prlimit-2.28.1-r0.3.67.71.0.corei7_64   572/590 
  Verifying        : util-linux-readprofile-2.28.1-r0.3.67.71.0.corei   573/590 
  Verifying        : util-linux-reset-2.28.1-r0.3.67.71.0.corei7_64     574/590 
  Verifying        : util-linux-runuser-2.28.1-r0.3.67.71.0.corei7_64   575/590 
  Verifying        : util-linux-sfdisk-2.28.1-r0.3.67.71.0.corei7_64    576/590 
  Verifying        : util-linux-swaponoff-2.28.1-r0.3.67.71.0.corei7_   577/590 
  Verifying        : util-linux-umount-2.28.1-r0.3.67.71.0.corei7_64    578/590 
  Verifying        : util-linux-uuidd-2.28.1-r0.3.67.71.0.corei7_64     579/590 
  Verifying        : util-linux-uuidgen-2.28.1-r0.3.67.71.0.corei7_64   580/590 
  Verifying        : vim-8.2.4314-r0.11.71.0.corei7_64                  581/590 
  Verifying        : vim-common-8.2.4314-r0.11.71.0.corei7_64           582/590 
  Verifying        : vmcore-dmesg-2.0.17-r0.47.corei7_64                583/590 
  Verifying        : wget-1.18-r0.65.corei7_64                          584/590 
  Verifying        : which-2.21-r3.64.corei7_64                         585/590 
  Verifying        : wr-init-1.0-r0.64.corei7_64                        586/590 
  Verifying        : xz-5.2.2-r0.64.corei7_64                           587/590 
  Verifying        : zeromq-4.1.5-r0.66.corei7_64                       588/590 
  Verifying        : zip-3.0-r2.64.corei7_64                            589/590 
  Verifying        : zstd-1.33+git0+f3a8bd553a-r0.50.corei7_64          590/590 

Installed:
  acl.corei7_64 2.2.52-r0.64                                                    
  at.corei7_64 3.1.20-r0.66.71.0                                                
  attr.corei7_64 2.4.47-r0.64                                                   
  base-passwd-update.corei7_64 3.5.29-r0.1.65                                   
  bash.corei7_64 4.3.30-r0.65                                                   
  bash-completion.corei7_64 2.4-r0.64                                           
  bash-completion-extra.corei7_64 2.4-r0.64                                     
  bind.corei7_64 9.11.6+P1-r0.3.60.71.0                                         
  binutils.corei7_64 2.24-r0.64                                                 
  bridge-utils.corei7_64 1.5-r0.64                                              
  bzip2.corei7_64 1.0.6-r5.64                                                   
  ca-certificates.noarch 20210119-r0.20                                         
  cbt.corei7_64 1.0-r4.67                                                       
  ccore.corei7_64 1.0-r4.68                                                     
  cgroups-pam-plugin.corei7_64 0.41-r0.3.66.71.0                                
  cisco-grub.corei7_64 1.0-r0.96                                                
  cisco-initscripts-systemd.wrlsdk_x86 0.1-r0.66                                
  coreutils.corei7_64 8.25-r0.66.71.0                                           
  cpio.corei7_64 2.12-r0.64                                                     
  cracklib.corei7_64 2.9.5-r0.64                                                
  createrepo-c.corei7_64 0.10.0+git0+748891ff8e-r0.91.71.0                      
  cronie.corei7_64 1.5.1-r0.2.67.71.0                                           
  cryptodev-linux.corei7_64 1.8-r0.64                                           
  cryptsetup.corei7_64 1.7.2-r0.58.71.0                                         
  curl.corei7_64 7.50.1-r0.66                                                   
  db.corei7_64 6.1.38-r1.26                                                     
  db-bin.corei7_64 6.1.38-r1.26                                                 
  debianutils.corei7_64 4.8-r0.64                                               
  debianutils-run-parts.corei7_64 4.8-r0.64                                     
  dhcp-client.corei7_64 4.3.4-r0.70.71.0                                        
  dhcp-lib.corei7_64 4.3.4-r0.70.71.0                                           
  dhcp-server.corei7_64 4.3.4-r0.70.71.0                                        
  dhcp-server-config.corei7_64 4.3.4-r0.70.71.0                                 
  diffutils.corei7_64 3.4-r0.64                                                 
  dmidecode.corei7_64 3.2-r0.49                                                 
  dnf.corei7_64 2.7.5-r0.96.71.0                                                
  dnf-bash-completion.corei7_64 2.7.5-r0.96.71.0                                
  dnf-plugins-core.corei7_64 2.1.5+git0+8d1f1758be-r0.69.71.0                   
  dnsmasq.corei7_64 2.76-r0.64                                                  
  dosfstools.corei7_64 4.0-r0.64                                                
  dpkg-start-stop.corei7_64 1.18.7-r0.64                                        
  e2fsprogs.corei7_64 1.43-r1.67.71.0                                           
  e2fsprogs-badblocks.corei7_64 1.43-r1.67.71.0                                 
  e2fsprogs-e2fsck.corei7_64 1.43-r1.67.71.0                                    
  e2fsprogs-mke2fs.corei7_64 1.43-r1.67.71.0                                    
  e2fsprogs-resize2fs.corei7_64 1.43-r1.67.71.0                                 
  e2fsprogs-tune2fs.corei7_64 1.43-r1.67.71.0                                   
  efibootmgr.corei7_64 0.12-r0.87.71.0                                          
  efitools.corei7_64 1.7.0+git0+791e4639ee-r0.76                                
  efivar.corei7_64 0.24-r0.64                                                   
  elfutils.corei7_64 0.166-r0.64                                                
  ethtool.corei7_64 4.6-r0.64                                                   
  expect.corei7_64 5.45-r1.65                                                   
  fbset.corei7_64 2.1-r4.65                                                     
  file.corei7_64 5.28-r0.64                                                     
  findutils.corei7_64 4.6.0-r0.65.71.0                                          
  flex.corei7_64 2.6.0-r0.64                                                    
  fuse-utils.corei7_64 2.9.4-r0.64                                              
  fuser.corei7_64 22.21-r0.2.65.71.0                                            
  gawk.corei7_64 4.1.3-r0.64                                                    
  gettext-runtime.corei7_64 0.19.8.1-r0.64                                      
  gflags.corei7_64 2.2.2-r0.50                                                  
  glibc-gconv.corei7_64 2.24-r0.64                                              
  glibc-gconv-ibm850.corei7_64 2.24-r0.64                                       
  gnupg.corei7_64 2.1.14-r0.67.71.0                                             
  gpgme.corei7_64 1.10.0-r0.69.71.0                                             
  grep.corei7_64 2.25-r0.64                                                     
  grpc.corei7_64 1.14.1-r0.47                                                   
  grub-common.corei7_64 2.02-r0.65                                              
  grub-editenv.corei7_64 2.02-r0.65                                             
  gzip.corei7_64 1.8-r0.64                                                      
  hdparm.corei7_64 9.56-r0.64                                                   
  i2c-tools.corei7_64 3.1.2-r0.64                                               
  ima-evm-utils.corei7_64 1.0+git0+3e2a67bdb0-r0.64                             
  initscripts.corei7_64 1.0-r155.3.57                                           
  initscripts-functions.corei7_64 1.0-r155.3.57                                 
  inotify-tools.corei7_64 3.14-r0.64                                            
  iproute2.corei7_64 4.7.0-r0.66.71.0                                           
  iproute2-ss.corei7_64 4.7.0-r0.66.71.0                                        
  iptables.corei7_64 1.6.0-r0.64                                                
  iputils-arping.corei7_64 s20151218-r0.67.71.0                                 
  iputils-clockdiff.corei7_64 s20151218-r0.67.71.0                              
  iputils-ping.corei7_64 s20151218-r0.67.71.0                                   
  iputils-ping6.corei7_64 s20151218-r0.67.71.0                                  
  iputils.corei7_64 s20151218-r0.67.71.0                                        
  iputils-tracepath.corei7_64 s20151218-r0.67.71.0                              
  iputils-tracepath6.corei7_64 s20151218-r0.67.71.0                             
  iputils-traceroute6.corei7_64 s20151218-r0.67.71.0                            
  iw.corei7_64 4.7-r0.65                                                        
  kexec.corei7_64 2.0.17-r0.47                                                  
  keyutils.corei7_64 1.5.9-r1.64                                                
  killall.corei7_64 22.21-r0.2.65.71.0                                          
  kmod-bash-completion.corei7_64 23+git0+65a885df5f-r0.64                       
  ldd.corei7_64 2.24-r0.64                                                      
  less.corei7_64 481-r0.64                                                      
  libaio1.corei7_64 0.3.110-r0.64                                               
  libarchive.corei7_64 3.2.2-r0.66.71.0                                         
  libasm1.corei7_64 0.166-r0.64                                                 
  libassuan0.corei7_64 2.4.3-r0.64                                              
  libavahi-client3.corei7_64 0.6.32-r0.87.71.0                                  
  libavahi-common3.corei7_64 0.6.32-r0.87.71.0                                  
  libbpf.corei7_64 4.8.28-r0.207.71.0                                           
  libc6-pcprofile.corei7_64 2.24-r0.64                                          
  libc6-thread-db.corei7_64 2.24-r0.64                                          
  libc6-utils.corei7_64 2.24-r0.64                                              
  libcap-bin.corei7_64 2.25-r0.66.71.0                                          
  libcares-utils.corei7_64 1.15.0+gitr0+e982924ace-r0.50                        
  libcares2.corei7_64 1.15.0+gitr0+e982924ace-r0.50                             
  libcgroup.corei7_64 0.41-r0.3.66.71.0                                         
  libcheck.corei7_64 0.10.0-r0.64                                               
  libcidn1.corei7_64 2.24-r0.64                                                 
  libcom-err2.corei7_64 1.43-r1.67.71.0                                         
  libcomps0.1.8.corei7_64 0.1.8+git0+01a4759894-r0.70.71.0                      
  libcrypto1.0.0.corei7_64 1.0.2j-r0.64                                         
  libcurl4.corei7_64 7.50.1-r0.66                                               
  libcyaml1.corei7_64 1.1-r0.50                                                 
  libdevmapper.corei7_64 2.02.180-r0.52.71.0                                    
  libdnf1.corei7_64 0.11.1-r0.91.71.0                                           
  libdw1.corei7_64 0.166-r0.64                                                  
  libe2p2.corei7_64 1.43-r1.67.71.0                                             
  libelf1.corei7_64 0.166-r0.64                                                 
  libevent.corei7_64 2.1.8-r0.64                                                
  libext2fs2.corei7_64 1.43-r1.67.71.0                                          
  libfdisk1.corei7_64 2.28.1-r0.3.67.71.0                                       
  libffi6.corei7_64 3.2.1-r0.64                                                 
  libfreetype6.corei7_64 2.6.5-r0.64                                            
  libfuse2.corei7_64 2.9.4-r0.64                                                
  libgcrypt.corei7_64 1.7.3-r0.66.71.0                                          
  libgdbm-bin.corei7_64 1.12-r0.64                                              
  libgdbm4.corei7_64 1.12-r0.64                                                 
  libglib-2.0-0.corei7_64 1:2.48.2-r0.68.71.0                                   
  libgmp10.corei7_64 6.1.1-r0.64                                                
  libgnutls30.corei7_64 3.5.3-r0.65                                             
  libgomp1.corei7_64 4.9.1-r0.64                                                
  libgpg-error0.corei7_64 1.24-r0.64                                            
  libhiredis0.14.corei7_64 0.14.0-r0.45.71.0                                    
  libidn11.corei7_64 1.33-r0.64                                                 
  libitm1.corei7_64 4.9.1-r0.64                                                 
  libjansson4.corei7_64 2.9-r0.57                                               
  libksba8.corei7_64 1.3.4-r0.64                                                
  libltdl7.corei7_64 2.4.6-r0.64                                                
  liblzo2-2.corei7_64 2.09-r0.64                                                
  libmemusage.corei7_64 2.24-r0.64                                              
  libmnl0.corei7_64 1.0.4-r0.64                                                 
  libncurses5.corei7_64 6.0+20160625-r0.64                                      
  libncursesw5.corei7_64 6.0+20160625-r0.64                                     
  libnftnl4.corei7_64 1.0.6-r0.64                                               
  libnih.corei7_64 1.0.3-r2.86.71.0                                             
  libnl-3-200.corei7_64 1:3.2.28-r0.64                                          
  libnl-genl-3-200.corei7_64 1:3.2.28-r0.64                                     
  libnl-nf-3-200.corei7_64 1:3.2.28-r0.64                                       
  libnl-route-3-200.corei7_64 1:3.2.28-r0.64                                    
  libnpth0.corei7_64 1.2-r0.64                                                  
  libpanel5.corei7_64 6.0+20160625-r0.64                                        
  libpanelw5.corei7_64 6.0+20160625-r0.64                                       
  libpcap1.corei7_64 1.7.4-r0.64                                                
  libpci3.corei7_64 3.5.1-r0.87.71.0                                            
  libpciaccess0.corei7_64 0.13.4-r0.64                                          
  libpcreposix0.corei7_64 8.39-r09.64                                           
  libperl5.corei7_64 5.22.1-r0.64                                               
  libpopt0.corei7_64 1.16-r3.64                                                 
  libprotobuf-c-compiler.corei7_64 1.3.3-r0.51                                  
  libprotobuf-c1.corei7_64 1.3.3-r0.51                                          
  libprotobuf-compiler.corei7_64 3.11.3-r0.51                                   
  libprotobuf-lite22.corei7_64 3.11.3-r0.51                                     
  libprotobuf22.corei7_64 3.11.3-r0.51                                          
  libpython3.7m1.0.corei7_64 3.7.6-r0.56.71.0                                   
  librabbitmq4.corei7_64 0.10.0-r0.28                                           
  libreadline6.corei7_64 6.3-r0.64                                              
  librepo0.corei7_64 1.7.20+git0+e1137cbbda-r0.73.71.0                          
  libseccomp.corei7_64 2.3.1+git0+937e774d8c-r0.64                              
  libsegfault.corei7_64 2.24-r0.64                                              
  libselinux-bin.corei7_64 2.6-r0.65.71.0                                       
  libselinux-python.corei7_64 2.6-r0.65.71.0                                    
  libsemanage-python.corei7_64 2.6-r0.66.71.0                                   
  libsensors4.corei7_64 3.4.0-r0.87.71.0                                        
  libsmartcols1.corei7_64 2.28.1-r0.3.67.71.0                                   
  libsodium13.corei7_64 1.0.1-r0.65                                             
  libsolv0.corei7_64 0.6.33-r0.88.71.0                                          
  libsolvext0.corei7_64 0.6.33-r0.88.71.0                                       
  libsotruss.corei7_64 2.24-r0.64                                               
  libsqlite3-0.corei7_64 3:3.14.1-r0.64                                         
  libss2.corei7_64 1.43-r1.67.71.0                                              
  libssh2-1.corei7_64 1.7.0-r0.67                                               
  libssl1.0.0.corei7_64 1.0.2j-r0.64                                            
  libssp0.corei7_64 4.9.1-r0.64                                                 
  libstdc++6.corei7_64 4.9.1-r0.64                                              
  libsysfs2.corei7_64 2.1.0-r5.64                                               
  libtcl8.6-0.corei7_64 8.6.6-r0.65                                             
  libtic5.corei7_64 6.0+20160625-r0.64                                          
  libticw5.corei7_64 6.0+20160625-r0.64                                         
  libtinfo5.corei7_64 6.0+20160625-r0.64                                        
  libtirpc3.corei7_64 1.0.1-r0.64                                               
  libudev1.corei7_64 1:230+git0+3a74d4fc90-r0.85.71.0                           
  libudrv.corei7_64 0.1-r2.226.71.0                                             
  libuio0.corei7_64 1.0-r2.64                                                   
  libulockmgr1.corei7_64 2.9.4-r0.64                                            
  libunwind.corei7_64 1.1+git0+bc8698fd7e-r0.64                                 
  libusb-1.0-0.corei7_64 1.0.20-r0.64                                           
  libwrap0.corei7_64 7.6-r10.64                                                 
  libxml2.corei7_64 2.9.4-r0.66.71.0                                            
  libxml2-python.corei7_64 2.9.4-r0.66.71.0                                     
  libxslt.corei7_64 1.1.29-r0.66.71.0                                           
  libyajl2.corei7_64 2.1.0-r0.64                                                
  libyaml-0-2.corei7_64 0.1.7-r0.64                                             
  libyaml-0-dev.corei7_64 0.1.7-r0.64                                           
  linux-hardening.corei7_64 1.0-r0.55                                           
  lmsensors-fancontrol.corei7_64 3.4.0-r0.87.71.0                               
  lmsensors-isatools.corei7_64 3.4.0-r0.87.71.0                                 
  lmsensors-pwmconfig.corei7_64 3.4.0-r0.87.71.0                                
  lmsensors-sensors.corei7_64 3.4.0-r0.87.71.0                                  
  logrotate.corei7_64 3.9.1-r0.67.71.0                                          
  lsof.corei7_64 4.89-r0.2.65.71.0                                              
  lvm2.corei7_64 2.02.180-r0.53.71.0                                            
  lvm2-udevrules.corei7_64 2.02.180-r0.53.71.0                                  
  lxc.corei7_64 2.0.8-r0.36.71.0                                                
  lz4.corei7_64 131+git0+d86dc91677-r0.64                                       
  m4.corei7_64 1.4.17-r0.64                                                     
  makedumpfile.corei7_64 1.6.7-r0.47                                            
  mdadm.corei7_64 git-r0.57                                                     
  mingetty.corei7_64 1.08-r3.64                                                 
  mktemp.corei7_64 1.7-r3.64                                                    
  mmc-utils.corei7_64 0.1-r0.7                                                  
  mtd-utils.corei7_64 1.5.2-r0.69.71.0                                          
  mtd-utils-jffs2.corei7_64 1.5.2-r0.69.71.0                                    
  mtd-utils-misc.corei7_64 1.5.2-r0.69.71.0                                     
  mtd-utils-ubifs.corei7_64 1.5.2-r0.69.71.0                                    
  mtools.corei7_64 4.0.18-r0.64                                                 
  ncurses.corei7_64 6.0+20160625-r0.64                                          
  ncurses-terminfo.corei7_64 6.0+20160625-r0.64                                 
  ncurses-terminfo-base.corei7_64 6.0+20160625-r0.64                            
  ncurses-tools.corei7_64 6.0+20160625-r0.64                                    
  net-tools.corei7_64 1.60+26-r0.2.65.71.0                                      
  netbase.corei7_64 1:5.3-r0.64                                                 
  netcat.corei7_64 0.7.1-r3.64.71.0                                             
  nettle.corei7_64 3.2-r0.65                                                    
  nftables.corei7_64 0.6-r0.64                                                  
  nspr.corei7_64 4.29-r0.38                                                     
  nss.corei7_64 3.60-r0.39                                                      
  nvme-cli.corei7_64 1.12+git0+949d0aea73-r0.40.71.0                            
  openssh.corei7_64 7.3p1-r0.5.73.71.0                                          
  openssh-keygen.corei7_64 7.3p1-r0.5.73.71.0                                   
  openssh-scp.corei7_64 7.3p1-r0.5.73.71.0                                      
  openssh-sftp-server.corei7_64 7.3p1-r0.5.73.71.0                              
  openssh-ssh.corei7_64 7.3p1-r0.5.73.71.0                                      
  openssh-sshd.corei7_64 7.3p1-r0.5.73.71.0                                     
  openssl.corei7_64 1.0.2j-r0.64                                                
  openssl-conf.corei7_64 1.0.2j-r0.64                                           
  openssl-engines.corei7_64 1.0.2j-r0.64                                        
  openssl-misc.corei7_64 1.0.2j-r0.64                                           
  opkg-utils.corei7_64 0.3.2+git0+3ffece9bf1-r0.64                              
  os-release.noarch 1.0-r0.55                                                   
  packagegroup-core-boot.wrlsdk_x86 1.0-r17.64                                  
  pam-filter-upperlower.corei7_64 1.3.0-r5.66.71.0                              
  pam-plugin-access.corei7_64 1.3.0-r5.66.71.0                                  
  pam-plugin-chroot.corei7_64 1.3.0-r5.66.71.0                                  
  pam-plugin-console.corei7_64 1.3.0-r5.66.71.0                                 
  pam-plugin-cracklib.corei7_64 1.3.0-r5.66.71.0                                
  pam-plugin-debug.corei7_64 1.3.0-r5.66.71.0                                   
  pam-plugin-echo.corei7_64 1.3.0-r5.66.71.0                                    
  pam-plugin-exec.corei7_64 1.3.0-r5.66.71.0                                    
  pam-plugin-filter.corei7_64 1.3.0-r5.66.71.0                                  
  pam-plugin-ftp.corei7_64 1.3.0-r5.66.71.0                                     
  pam-plugin-issue.corei7_64 1.3.0-r5.66.71.0                                   
  pam-plugin-keyinit.corei7_64 1.3.0-r5.66.71.0                                 
  pam-plugin-listfile.corei7_64 1.3.0-r5.66.71.0                                
  pam-plugin-localuser.corei7_64 1.3.0-r5.66.71.0                               
  pam-plugin-loginuid.corei7_64 1.3.0-r5.66.71.0                                
  pam-plugin-mkhomedir.corei7_64 1.3.0-r5.66.71.0                               
  pam-plugin-namespace.corei7_64 1.3.0-r5.66.71.0                               
  pam-plugin-postgresok.corei7_64 1.3.0-r5.66.71.0                              
  pam-plugin-pwhistory.corei7_64 1.3.0-r5.66.71.0                               
  pam-plugin-rhosts.corei7_64 1.3.0-r5.66.71.0                                  
  pam-plugin-stress.corei7_64 1.3.0-r5.66.71.0                                  
  pam-plugin-succeed-if.corei7_64 1.3.0-r5.66.71.0                              
  pam-plugin-tally.corei7_64 1.3.0-r5.66.71.0                                   
  pam-plugin-tally2.corei7_64 1.3.0-r5.66.71.0                                  
  pam-plugin-time.corei7_64 1.3.0-r5.66.71.0                                    
  pam-plugin-timestamp.corei7_64 1.3.0-r5.66.71.0                               
  pam-plugin-umask.corei7_64 1.3.0-r5.66.71.0                                   
  pam-plugin-wheel.corei7_64 1.3.0-r5.66.71.0                                   
  pam-plugin-xauth.corei7_64 1.3.0-r5.66.71.0                                   
  parted.corei7_64 3.2-r1.2.67.71.0                                             
  pciutils.corei7_64 3.5.1-r0.87.71.0                                           
  pciutils-ids.corei7_64 3.5.1-r0.87.71.0                                       
  perf.wrlsdk_x86 4.8.28-r9.210.71.0                                            
  perl.corei7_64 5.22.1-r0.64                                                   
  perl-module-b.corei7_64 5.22.1-r0.64                                          
  perl-module-b-deparse.corei7_64 5.22.1-r0.64                                  
  perl-module-base.corei7_64 5.22.1-r0.64                                       
  perl-module-bytes.corei7_64 5.22.1-r0.64                                      
  perl-module-bytes-heavy.corei7_64 5.22.1-r0.64                                
  perl-module-carp.corei7_64 5.22.1-r0.64                                       
  perl-module-carp-clan.corei7_64 6.04-r0.64                                    
  perl-module-common-sense.corei7_64 3.74-r0.64                                 
  perl-module-compress-raw-zlib.corei7_64 5.22.1-r0.64                          
  perl-module-compress-zlib.corei7_64 5.22.1-r0.64                              
  perl-module-constant.corei7_64 5.22.1-r0.64                                   
  perl-module-cwd.corei7_64 5.22.1-r0.64                                        
  perl-module-data-dumper.corei7_64 5.22.1-r0.64                                
  perl-module-date-calc.corei7_64 6.4-r0.64                                     
  perl-module-dynaloader.corei7_64 5.22.1-r0.64                                 
  perl-module-encode.corei7_64 5.22.1-r0.64                                     
  perl-module-encode-alias.corei7_64 5.22.1-r0.64                               
  perl-module-encode-config.corei7_64 5.22.1-r0.64                              
  perl-module-encode-configlocal-pm.corei7_64 5.22.1-r0.64                      
  perl-module-encode-encoding.corei7_64 5.22.1-r0.64                            
  perl-module-encode-mime-name.corei7_64 5.22.1-r0.64                           
  perl-module-errno.corei7_64 5.22.1-r0.64                                      
  perl-module-expect.corei7_64 1.32-r0.64                                       
  perl-module-exporter.corei7_64 5.22.1-r0.64                                   
  perl-module-exporter-heavy.corei7_64 5.22.1-r0.64                             
  perl-module-fcntl.corei7_64 5.22.1-r0.64                                      
  perl-module-feature.corei7_64 5.22.1-r0.64                                    
  perl-module-file-basename.corei7_64 5.22.1-r0.64                              
  perl-module-file-copy.corei7_64 5.22.1-r0.64                                  
  perl-module-file-glob.corei7_64 5.22.1-r0.64                                  
  perl-module-file-globmapper.corei7_64 5.22.1-r0.64                            
  perl-module-file-spec.corei7_64 5.22.1-r0.64                                  
  perl-module-file-spec-unix.corei7_64 5.22.1-r0.64                             
  perl-module-getopt-long.corei7_64 5.22.1-r0.64                                
  perl-module-getopt-std.corei7_64 5.22.1-r0.64                                 
  perl-module-integer.corei7_64 5.22.1-r0.64                                    
  perl-module-io.corei7_64 5.22.1-r0.64                                         
  perl-module-io-compress-adapter-deflate.corei7_64 5.22.1-r0.64                
  perl-module-io-compress-base.corei7_64 5.22.1-r0.64                           
  perl-module-io-compress-base-common.corei7_64 5.22.1-r0.64                    
  perl-module-io-compress-gzip.corei7_64 5.22.1-r0.64                           
  perl-module-io-compress-gzip-constants.corei7_64 5.22.1-r0.64                 
  perl-module-io-compress-rawdeflate.corei7_64 5.22.1-r0.64                     
  perl-module-io-compress-zlib-extra.corei7_64 5.22.1-r0.64                     
  perl-module-io-file.corei7_64 5.22.1-r0.64                                    
  perl-module-io-handle.corei7_64 5.22.1-r0.64                                  
  perl-module-io-seekable.corei7_64 5.22.1-r0.64                                
  perl-module-io-tty.corei7_64 1.12-r0.64                                       
  perl-module-io-uncompress-adapter-inflate.corei7_64 5.22.1-r0.64              
  perl-module-io-uncompress-base.corei7_64 5.22.1-r0.64                         
  perl-module-io-uncompress-gunzip.corei7_64 5.22.1-r0.64                       
  perl-module-io-uncompress-rawinflate.corei7_64 5.22.1-r0.64                   
  perl-module-json-pp.corei7_64 5.22.1-r0.64                                    
  perl-module-lib.corei7_64 5.22.1-r0.64                                        
  perl-module-linux-inotify2.corei7_64 1.22-r0.64                               
  perl-module-list-util.corei7_64 5.22.1-r0.64                                  
  perl-module-logfile-rotate.corei7_64 1.04-r0.64                               
  perl-module-math-bigfloat.corei7_64 5.22.1-r0.64                              
  perl-module-math-bigint.corei7_64 5.22.1-r0.64                                
  perl-module-math-bigint-calc.corei7_64 5.22.1-r0.64                           
  perl-module-mro.corei7_64 5.22.1-r0.64                                        
  perl-module-overload.corei7_64 5.22.1-r0.64                                   
  perl-module-overload-numbers.corei7_64 5.22.1-r0.64                           
  perl-module-overloading.corei7_64 5.22.1-r0.64                                
  perl-module-pod-usage.corei7_64 5.22.1-r0.64                                  
  perl-module-posix.corei7_64 5.22.1-r0.64                                      
  perl-module-re.corei7_64 5.22.1-r0.64                                         
  perl-module-scalar-util.corei7_64 5.22.1-r0.64                                
  perl-module-selectsaver.corei7_64 5.22.1-r0.64                                
  perl-module-subs.corei7_64 5.22.1-r0.64                                       
  perl-module-symbol.corei7_64 5.22.1-r0.64                                     
  perl-module-term-cap.corei7_64 5.22.1-r0.64                                   
  perl-module-text-parsewords.corei7_64 5.22.1-r0.64                            
  perl-module-tie-hash.corei7_64 5.22.1-r0.64                                   
  perl-module-time-hires.corei7_64 5.22.1-r0.64                                 
  perl-module-utf8.corei7_64 5.22.1-r0.64                                       
  perl-module-utf8-heavy.corei7_64 5.22.1-r0.64                                 
  perl-module-xsloader.corei7_64 5.22.1-r0.64                                   
  perl-module-zmq-constants.corei7_64 1.04-r0.64                                
  perl-module-zmq-libzmq3.corei7_64 1.19-r0.66                                  
  policycoreutils.corei7_64 2.6-r0.67.71.0                                      
  policycoreutils-audit2allow.corei7_64 2.6-r0.67.71.0                          
  policycoreutils-fixfiles.corei7_64 2.6-r0.67.71.0                             
  policycoreutils-hll.corei7_64 2.6-r0.67.71.0                                  
  policycoreutils-python.corei7_64 2.6-r0.67.71.0                               
  policycoreutils-secon.corei7_64 2.6-r0.67.71.0                                
  policycoreutils-semanage.corei7_64 2.6-r0.67.71.0                             
  policycoreutils-semodule.corei7_64 2.6-r0.67.71.0                             
  policycoreutils-sestatus.corei7_64 2.6-r0.67.71.0                             
  policycoreutils-setfiles.corei7_64 2.6-r0.67.71.0                             
  procps.corei7_64 3.3.12-r0.65                                                 
  psmisc.corei7_64 22.21-r0.2.65.71.0                                           
  pstree.corei7_64 22.21-r0.2.65.71.0                                           
  python-2to3.corei7_64 2.7.12-r1.65.71.0                                       
  python-argparse.corei7_64 2.7.12-r1.65.71.0                                   
  python-audio.corei7_64 2.7.12-r1.65.71.0                                      
  python-codecs.corei7_64 2.7.12-r1.65.71.0                                     
  python-compile.corei7_64 2.7.12-r1.65.71.0                                    
  python-compression.corei7_64 2.7.12-r1.65.71.0                                
  python-contextlib.corei7_64 2.7.12-r1.65.71.0                                 
  python-crypt.corei7_64 2.7.12-r1.65.71.0                                      
  python-ctypes.corei7_64 2.7.12-r1.65.71.0                                     
  python-curses.corei7_64 2.7.12-r1.65.71.0                                     
  python-datetime.corei7_64 2.7.12-r1.65.71.0                                   
  python-debugger.corei7_64 2.7.12-r1.65.71.0                                   
  python-decorator.corei7_64 4.0.10-r0.65.71.0                                  
  python-difflib.corei7_64 2.7.12-r1.65.71.0                                    
  python-distutils.corei7_64 2.7.12-r1.65.71.0                                  
  python-doctest.corei7_64 2.7.12-r1.65.71.0                                    
  python-ecdsa.corei7_64 0.11-r0.57.71.0                                        
  python-email.corei7_64 2.7.12-r1.65.71.0                                      
  python-enum34.corei7_64 1.1.6-r0.65.71.0                                      
  python-fcntl.corei7_64 2.7.12-r1.65.71.0                                      
  python-html.corei7_64 2.7.12-r1.65.71.0                                       
  python-image.corei7_64 2.7.12-r1.65.71.0                                      
  python-importlib.corei7_64 2.7.12-r1.65.71.0                                  
  python-io.corei7_64 2.7.12-r1.65.71.0                                         
  python-ipy.corei7_64 0.83-r0.65.71.0                                          
  python-json.corei7_64 2.7.12-r1.65.71.0                                       
  python-logging.corei7_64 2.7.12-r1.65.71.0                                    
  python-lxml.corei7_64 3.6.4-r0.58.71.0                                        
  python-math.corei7_64 2.7.12-r1.65.71.0                                       
  python-mime.corei7_64 2.7.12-r1.65.71.0                                       
  python-ncclient.corei7_64 0.6.3-r0.58.71.0                                    
  python-netclient.corei7_64 2.7.12-r1.65.71.0                                  
  python-netserver.corei7_64 2.7.12-r1.65.71.0                                  
  python-networkx.corei7_64 1.11-r0.65.71.0                                     
  python-numbers.corei7_64 2.7.12-r1.65.71.0                                    
  python-paramiko.corei7_64 1.14.3-r0.57.71.0                                   
  python-pickle.corei7_64 2.7.12-r1.65.71.0                                     
  python-pkgutil.corei7_64 2.7.12-r1.65.71.0                                    
  python-plistlib.corei7_64 2.7.12-r1.65.71.0                                   
  python-pprint.corei7_64 2.7.12-r1.65.71.0                                     
  python-pycrypto.corei7_64 2.6.1-r0.57.71.0                                    
  python-readline.corei7_64 2.7.12-r1.65.71.0                                   
  python-selectors2.corei7_64 2.0.1-r1.57.71.0                                  
  python-setuptools.corei7_64 22.0.5-r0.65.71.0                                 
  python-shell.corei7_64 2.7.12-r1.65.71.0                                      
  python-six.corei7_64 1.10.0-r0.65.71.0                                        
  python-smtpd.corei7_64 2.7.12-r1.65.71.0                                      
  python-stringold.corei7_64 2.7.12-r1.65.71.0                                  
  python-subprocess.corei7_64 2.7.12-r1.65.71.0                                 
  python-syslog.corei7_64 2.7.12-r1.65.71.0                                     
  python-textutils.corei7_64 2.7.12-r1.65.71.0                                  
  python-threading.corei7_64 2.7.12-r1.65.71.0                                  
  python-unittest.corei7_64 2.7.12-r1.65.71.0                                   
  python-unixadmin.corei7_64 2.7.12-r1.65.71.0                                  
  python-xml.corei7_64 2.7.12-r1.65.71.0                                        
  python-xmldiff.corei7_64 2.3-r0.57.71.0                                       
  python-zlib.corei7_64 2.7.12-r1.65.71.0                                       
  python3-argparse.corei7_64 3.7.6-r0.56.71.0                                   
  python3-asyncio.corei7_64 3.7.6-r0.56.71.0                                    
  python3-audio.corei7_64 3.7.6-r0.56.71.0                                      
  python3-codecs.corei7_64 3.7.6-r0.56.71.0                                     
  python3-compile.corei7_64 3.7.6-r0.56.71.0                                    
  python3-compression.corei7_64 3.7.6-r0.56.71.0                                
  python3-core.corei7_64 3.7.6-r0.56.71.0                                       
  python3-crypt.corei7_64 3.7.6-r0.56.71.0                                      
  python3-ctypes.corei7_64 3.7.6-r0.56.71.0                                     
  python3-curses.corei7_64 3.7.6-r0.56.71.0                                     
  python3-datetime.corei7_64 3.7.6-r0.56.71.0                                   
  python3-debugger.corei7_64 3.7.6-r0.56.71.0                                   
  python3-dev.corei7_64 3.7.6-r0.56.71.0                                        
  python3-difflib.corei7_64 3.7.6-r0.56.71.0                                    
  python3-distutils.corei7_64 3.7.6-r0.56.71.0                                  
  python3-email.corei7_64 3.7.6-r0.56.71.0                                      
  python3-enum.corei7_64 3.7.6-r0.56.71.0                                       
  python3-fcntl.corei7_64 3.7.6-r0.56.71.0                                      
  python3-gpg.corei7_64 1.10.0-r0.69.71.0                                       
  python3-html.corei7_64 3.7.6-r0.56.71.0                                       
  python3-image.corei7_64 3.7.6-r0.56.71.0                                      
  python3-importlib.corei7_64 3.7.6-r0.56.71.0                                  
  python3-iniparse.corei7_64 0.4-r0.69.71.0                                     
  python3-io.corei7_64 3.7.6-r0.56.71.0                                         
  python3-json.corei7_64 3.7.6-r0.56.71.0                                       
  python3-lang.corei7_64 3.7.6-r0.56.71.0                                       
  python3-libs.corei7_64 3.7.6-r0.56.71.0                                       
  python3-logging.corei7_64 3.7.6-r0.56.71.0                                    
  python3-math.corei7_64 3.7.6-r0.56.71.0                                       
  python3-mime.corei7_64 3.7.6-r0.56.71.0                                       
  python3-misc.corei7_64 3.7.6-r0.56.71.0                                       
  python3-mmap.corei7_64 3.7.6-r0.56.71.0                                       
  python3-multiprocessing.corei7_64 3.7.6-r0.56.71.0                            
  python3-netclient.corei7_64 3.7.6-r0.56.71.0                                  
  python3-netserver.corei7_64 3.7.6-r0.56.71.0                                  
  python3-numbers.corei7_64 3.7.6-r0.56.71.0                                    
  python3-pickle.corei7_64 3.7.6-r0.56.71.0                                     
  python3-pkgutil.corei7_64 3.7.6-r0.56.71.0                                    
  python3-pprint.corei7_64 3.7.6-r0.56.71.0                                     
  python3-prctl.corei7_64 1.7+git0+57cd0a7cad-r0.68.71.0                        
  python3-prettytable.corei7_64 0.7.2-r0.61.71.0                                
  python3-pydoc.corei7_64 3.7.6-r0.56.71.0                                      
  python3-pygpgme.corei7_64 0.3-r0.63.71.0                                      
  python3-pyyaml.corei7_64 3.13-r0.69.71.0                                      
  python3-re.corei7_64 3.7.6-r0.56.71.0                                         
  python3-readline.corei7_64 3.7.6-r0.56.71.0                                   
  python3-reprlib.corei7_64 3.7.6-r0.56.71.0                                    
  python3-rpm.corei7_64 1:4.14.1-r0.88.71.0                                     
  python3-selectors.corei7_64 3.7.6-r0.56.71.0                                  
  python3-shell.corei7_64 3.7.6-r0.56.71.0                                      
  python3-signal.corei7_64 3.7.6-r0.56.71.0                                     
  python3-six.corei7_64 1.10.0-r0.69.71.0                                       
  python3-smtpd.corei7_64 3.7.6-r0.56.71.0                                      
  python3-sqlite3.corei7_64 3.7.6-r0.56.71.0                                    
  python3-stringold.corei7_64 3.7.6-r0.56.71.0                                  
  python3-subprocess.corei7_64 3.7.6-r0.56.71.0                                 
  python3-syslog.corei7_64 3.7.6-r0.56.71.0                                     
  python3-textutils.corei7_64 3.7.6-r0.56.71.0                                  
  python3-threading.corei7_64 3.7.6-r0.56.71.0                                  
  python3-typing.corei7_64 3.7.6-r0.56.71.0                                     
  python3-unixadmin.corei7_64 3.7.6-r0.56.71.0                                  
  python3-venv.corei7_64 3.7.6-r0.56.71.0                                       
  python3-xml.corei7_64 3.7.6-r0.56.71.0                                        
  python3-xmlrpc.corei7_64 3.7.6-r0.56.71.0                                     
  quota.corei7_64 4.03-r0.85.71.0                                               
  rpm.corei7_64 1:4.14.1-r0.88.71.0                                             
  rsync.corei7_64 3.1.2-r0.65                                                   
  run-postinsts.noarch 1.0-r9.55                                                
  sdparm.corei7_64 1.10-r0.64                                                   
  sed.corei7_64 4.2.2-r0.3.65.71.0                                              
  sepolgen.corei7_64 2.6-r0.65.71.0                                             
  setools.corei7_64 4.1.0-r0.65.71.0                                            
  setserial.corei7_64 2.17-r3.64                                                
  sg3-utils.corei7_64 1.42-r0.64                                                
  slang.corei7_64 2.3.1a-r0.64                                                  
  smartmontools.corei7_64 6.5-r0.67.71.0                                        
  sqlite3.corei7_64 3:3.14.1-r0.64                                              
  sshfs-fuse.corei7_64 2.2-r1.69.71.0                                           
  strace.corei7_64 4.13-r0.85.71.0                                              
  sudo.corei7_64 1.8.23-r0.2.13.71.0                                            
  sysfsutils.corei7_64 2.1.0-r5.64                                              
  sysklogd.corei7_64 1.5.1-r0.66                                                
  sysstat.corei7_64 11.4.0-r0.88.71.0                                           
  systemd-analyze.corei7_64 1:230+git0+3a74d4fc90-r0.85.71.0                    
  systemd-bash-completion.corei7_64 1:230+git0+3a74d4fc90-r0.85.71.0            
  systemd-compat-units.corei7_64 1.0-r29.64                                     
  systemd-initramfs.corei7_64 1:230+git0+3a74d4fc90-r0.85.71.0                  
  systemd-kernel-install.corei7_64 1:230+git0+3a74d4fc90-r0.85.71.0             
  tar.corei7_64 1.29-r0.65.71.0                                                 
  tcl.corei7_64 8.6.6-r0.65                                                     
  tcp-wrappers.corei7_64 7.6-r10.64                                             
  tcpdump.corei7_64 4.7.4-r0.64                                                 
  thin-provisioning-tools.corei7_64 0.6.3-r0.69.71.0                            
  time.corei7_64 1.7-r2.64                                                      
  tree.corei7_64 1.7.0-r0.64                                                    
  tunctl.corei7_64 1.5-r0.65                                                    
  tzcode.corei7_64 2.24-r0.64                                                   
  tzdata.noarch 2020c-r0.27.71.0                                                
  tzdata-africa.noarch 2020c-r0.27.71.0                                         
  tzdata-americas.noarch 2020c-r0.27.71.0                                       
  tzdata-antarctica.noarch 2020c-r0.27.71.0                                     
  tzdata-arctic.noarch 2020c-r0.27.71.0                                         
  tzdata-asia.noarch 2020c-r0.27.71.0                                           
  tzdata-atlantic.noarch 2020c-r0.27.71.0                                       
  tzdata-australia.noarch 2020c-r0.27.71.0                                      
  tzdata-core.noarch 2020c-r0.27.71.0                                           
  tzdata-europe.noarch 2020c-r0.27.71.0                                         
  tzdata-misc.noarch 2020c-r0.27.71.0                                           
  tzdata-pacific.noarch 2020c-r0.27.71.0                                        
  tzdata-posix.noarch 2020c-r0.27.71.0                                          
  tzdata-right.noarch 2020c-r0.27.71.0                                          
  udev-hwdb.corei7_64 1:230+git0+3a74d4fc90-r0.85.71.0                          
  unionfs-fuse.corei7_64 0.26-r0.51                                             
  unzip.corei7_64 1:6.0-r5.64                                                   
  usbutils.corei7_64 008-r0.85.71.0                                             
  usleep.corei7_64 1.0-r0.64                                                    
  util-linux.corei7_64 2.28.1-r0.3.67.71.0                                      
  util-linux-bash-completion.corei7_64 2.28.1-r0.3.67.71.0                      
  util-linux-blkid.corei7_64 2.28.1-r0.3.67.71.0                                
  util-linux-cfdisk.corei7_64 2.28.1-r0.3.67.71.0                               
  util-linux-fdisk.corei7_64 2.28.1-r0.3.67.71.0                                
  util-linux-findfs.corei7_64 2.28.1-r0.3.67.71.0                               
  util-linux-fsck.corei7_64 2.28.1-r0.3.67.71.0                                 
  util-linux-fsck.cramfs.corei7_64 2.28.1-r0.3.67.71.0                          
  util-linux-fstrim.corei7_64 2.28.1-r0.3.67.71.0                               
  util-linux-getopt.corei7_64 2.28.1-r0.3.67.71.0                               
  util-linux-hwclock.corei7_64 2.28.1-r0.3.67.71.0                              
  util-linux-losetup.corei7_64 2.28.1-r0.3.67.71.0                              
  util-linux-lscpu.corei7_64 2.28.1-r0.3.67.71.0                                
  util-linux-mcookie.corei7_64 2.28.1-r0.3.67.71.0                              
  util-linux-mkfs.corei7_64 2.28.1-r0.3.67.71.0                                 
  util-linux-mkfs.cramfs.corei7_64 2.28.1-r0.3.67.71.0                          
  util-linux-mountpoint.corei7_64 2.28.1-r0.3.67.71.0                           
  util-linux-partx.corei7_64 2.28.1-r0.3.67.71.0                                
  util-linux-prlimit.corei7_64 2.28.1-r0.3.67.71.0                              
  util-linux-readprofile.corei7_64 2.28.1-r0.3.67.71.0                          
  util-linux-reset.corei7_64 2.28.1-r0.3.67.71.0                                
  util-linux-runuser.corei7_64 2.28.1-r0.3.67.71.0                              
  util-linux-sfdisk.corei7_64 2.28.1-r0.3.67.71.0                               
  util-linux-swaponoff.corei7_64 2.28.1-r0.3.67.71.0                            
  util-linux-umount.corei7_64 2.28.1-r0.3.67.71.0                               
  util-linux-uuidd.corei7_64 2.28.1-r0.3.67.71.0                                
  util-linux-uuidgen.corei7_64 2.28.1-r0.3.67.71.0                              
  vim.corei7_64 8.2.4314-r0.11.71.0                                             
  vim-common.corei7_64 8.2.4314-r0.11.71.0                                      
  vmcore-dmesg.corei7_64 2.0.17-r0.47                                           
  wget.corei7_64 1.18-r0.65                                                     
  which.corei7_64 2.21-r3.64                                                    
  wr-init.corei7_64 1.0-r0.64                                                   
  xz.corei7_64 5.2.2-r0.64                                                      
  zeromq.corei7_64 4.1.5-r0.66                                                  
  zip.corei7_64 3.0-r2.64                                                       
  zstd.corei7_64 1.33+git0+f3a8bd553a-r0.50                                     

Complete!
====================================================
=== File: /var/log/_xr_bootstrap_dnf_clean.log ===
Command: dnf clean --disableplugin=xrcert,xrops,local -- all
Description: DNF Clean
5 files removed
====================================================
=== File: /var/log/_xr_bootstrap_dnf_install_systemd.log ===
Command: dnf install  -y --installroot /mnt/disk/ --disableplugin=xrcert,xrops,local -- systemd
Description: Install systemd package
Last metadata expiration check: 0:00:00 ago on Thu Jun 29 05:13:57 2023.
Package systemd-1:230+git0+3a74d4fc90-r0.85.71.0.corei7_64 is already installed, skipping.
Dependencies resolved.
Nothing to do.
Complete!
====================================================
=== File: /var/log/_xr_bootstrap_dnf_install_all_pkgs.log ===
Command: dnf install  -y --installroot /mnt/disk/ --disableplugin=xrcert,xrops,local -- xr-aaa xr-acl xr-apphosting xr-bcdl xr-bfd xr-bgp xr-bgputil xr-bng-stubs xr-bundles xr-cal-pi xr-cdp xr-cfgmgr xr-cfm xr-cofo xr-core xr-core-calv xr-ctc xr-debug xr-dhcp xr-diskboot xr-drivers xr-eem xr-eigrp xr-elmi xr-ema xr-enhancedmanageability xr-featurecapability xr-fib xr-foundation-xrd-control-plane xr-fpd xr-gil xr-ha-infra xr-host-core xr-httpclient xr-icpe-eth xr-icpe-opt xr-identifier xr-infra-sla xr-install xr-ip-apps xr-ip-core xr-ip-infra-vrf xr-ip-mibs xr-ip-static xr-ipc xr-is-is xr-l2snooptransport xr-l2vpn xr-ldp xr-licensing xr-link-oam xr-linuxnetworking xr-linuxsecurity xr-lldp xr-lpts xr-manageabilityxml xr-mandatory xr-mcast xr-mda xr-mpls xr-mpls-oam xr-mpls-oam-client xr-mpls-static xr-ntp-api-only xr-orrspf xr-os-wr9-core xr-ospf xr-p4rt xr-perf-meas xr-pfi xr-pird xr-pird-mcast xr-pird-policymgr xr-pkt-trace xr-pm-alarm xr-procmgr xr-python xr-qos xr-rip xr-routing xr-rpl xr-rsvp-te xr-security xr-security-tams xr-servicelayer xr-snmp xr-span xr-spi-core xr-spi-hw-api-only xr-spp xr-sr xr-stats xr-stubs xr-sysdb xr-syslog xr-telemetry xr-tftp xr-timing xr-tmpdir-cleanup xr-transports xr-tty xr-tunnel-ip xr-upgradematrix xr-utils xr-vether xr-vpnmib xr-xmlinfra xr-xrd-card-support xr-xrd-control-plane-pd xr-xrd-os-wr9 xr-xrlibcurl xr-ztp
Description: Install main software
Last metadata expiration check: 0:00:00 ago on Thu Jun 29 05:13:57 2023.
Package xr-identifier-7.9.2v1.0.0-1.x86_64 is already installed, skipping.
Dependencies resolved.
================================================================================
 Package                      Arch   Version       Repository              Size
================================================================================
Installing:
 xr-aaa                       x86_64 7.9.2v1.0.0-1 iosxr_install_internal 5.9 k
 xr-acl                       x86_64 7.9.2v1.0.0-1 iosxr_install_internal 5.9 k
 xr-apphosting                x86_64 7.9.2v1.0.0-1 iosxr_install_internal 5.9 k
 xr-bcdl                      x86_64 7.9.2v1.0.0-1 iosxr_install_internal 5.9 k
 xr-bfd                       x86_64 7.9.2v1.0.0-1 iosxr_install_internal 5.9 k
 xr-bgp                       x86_64 7.9.2v1.0.0-1 iosxr_install_internal 5.9 k
 xr-bgputil                   x86_64 7.9.2v1.0.0-1 iosxr_install_internal 5.9 k
 xr-bng-stubs                 x86_64 7.9.2v1.0.0-1 iosxr_install_internal 5.9 k
 xr-bundles                   x86_64 7.9.2v1.0.0-1 iosxr_install_internal 5.9 k
 xr-cal-pi                    x86_64 7.9.2v1.0.0-1 iosxr_install_internal 5.9 k
 xr-cdp                       x86_64 7.9.2v1.0.0-1 iosxr_install_internal 5.9 k
 xr-cfgmgr                    x86_64 7.9.2v1.0.0-1 iosxr_install_internal 5.9 k
 xr-cfm                       x86_64 7.9.2v1.0.0-1 iosxr_install_internal 5.9 k
 xr-cofo                      x86_64 7.9.2v1.0.0-1 iosxr_install_internal 5.9 k
 xr-core                      x86_64 7.9.2v1.0.0-1 iosxr_install_internal 5.9 k
 xr-core-calv                 x86_64 7.9.2v1.0.0-1 iosxr_install_internal 5.9 k
 xr-ctc                       x86_64 7.9.2v1.0.0-1 iosxr_install_internal 5.9 k
 xr-debug                     x86_64 7.9.2v1.0.0-1 iosxr_install_internal 5.9 k
 xr-dhcp                      x86_64 7.9.2v1.0.0-1 iosxr_install_internal 5.9 k
 xr-diskboot                  x86_64 7.9.2v1.0.0-1 iosxr_install_internal 5.9 k
 xr-drivers                   x86_64 7.9.2v1.0.0-1 iosxr_install_internal 5.9 k
 xr-eem                       x86_64 7.9.2v1.0.0-1 iosxr_install_internal 5.9 k
 xr-eigrp                     x86_64 7.9.2v1.0.0-1 iosxr_install_internal 5.9 k
 xr-elmi                      x86_64 7.9.2v1.0.0-1 iosxr_install_internal 5.9 k
 xr-ema                       x86_64 7.9.2v1.0.0-1 iosxr_install_internal 5.9 k
 xr-enhancedmanageability     x86_64 7.9.2v1.0.0-1 iosxr_install_internal 6.0 k
 xr-featurecapability         x86_64 7.9.2v1.0.0-1 iosxr_install_internal 6.0 k
 xr-fib                       x86_64 7.9.2v1.0.0-1 iosxr_install_internal 5.9 k
 xr-foundation-xrd-control-plane
                              x86_64 7.9.2v1.0.0-1 iosxr_install_internal  13 k
 xr-fpd                       x86_64 7.9.2v1.0.0-1 iosxr_install_internal 5.9 k
 xr-gil                       x86_64 7.9.2v1.0.0-1 iosxr_install_internal 5.9 k
 xr-ha-infra                  x86_64 7.9.2v1.0.0-1 iosxr_install_internal 5.9 k
 xr-host-core                 x86_64 7.9.2v1.0.0-1 iosxr_install_internal 5.9 k
 xr-httpclient                x86_64 7.9.2v1.0.0-1 iosxr_install_internal 5.9 k
 xr-icpe-eth                  x86_64 7.9.2v1.0.0-1 iosxr_install_internal 5.9 k
 xr-icpe-opt                  x86_64 7.9.2v1.0.0-1 iosxr_install_internal 5.9 k
 xr-infra-sla                 x86_64 7.9.2v1.0.0-1 iosxr_install_internal 5.9 k
 xr-install                   x86_64 7.9.2v1.0.0-1 iosxr_install_internal 5.9 k
 xr-ip-apps                   x86_64 7.9.2v1.0.0-1 iosxr_install_internal 5.9 k
 xr-ip-core                   x86_64 7.9.2v1.0.0-1 iosxr_install_internal 5.9 k
 xr-ip-infra-vrf              x86_64 7.9.2v1.0.0-1 iosxr_install_internal 5.9 k
 xr-ip-mibs                   x86_64 7.9.2v1.0.0-1 iosxr_install_internal 5.9 k
 xr-ip-static                 x86_64 7.9.2v1.0.0-1 iosxr_install_internal 5.9 k
 xr-ipc                       x86_64 7.9.2v1.0.0-1 iosxr_install_internal 5.9 k
 xr-is-is                     x86_64 7.9.2v1.0.0-1 iosxr_install_internal 5.9 k
 xr-l2snooptransport          x86_64 7.9.2v1.0.0-1 iosxr_install_internal 6.0 k
 xr-l2vpn                     x86_64 7.9.2v1.0.0-1 iosxr_install_internal 5.9 k
 xr-ldp                       x86_64 7.9.2v1.0.0-1 iosxr_install_internal 5.9 k
 xr-licensing                 x86_64 7.9.2v1.0.0-1 iosxr_install_internal 5.9 k
 xr-link-oam                  x86_64 7.9.2v1.0.0-1 iosxr_install_internal 5.9 k
 xr-linuxnetworking           x86_64 7.9.2v1.0.0-1 iosxr_install_internal 5.9 k
 xr-linuxsecurity             x86_64 7.9.2v1.0.0-1 iosxr_install_internal 5.9 k
 xr-lldp                      x86_64 7.9.2v1.0.0-1 iosxr_install_internal 5.9 k
 xr-lpts                      x86_64 7.9.2v1.0.0-1 iosxr_install_internal 5.9 k
 xr-manageabilityxml          x86_64 7.9.2v1.0.0-1 iosxr_install_internal 6.0 k
 xr-mandatory                 x86_64 7.9.2v1.0.0-1 iosxr_install_internal 5.8 k
 xr-mcast                     x86_64 7.9.2v1.0.0-1 iosxr_install_internal 5.9 k
 xr-mda                       x86_64 7.9.2v1.0.0-1 iosxr_install_internal 5.9 k
 xr-mpls                      x86_64 7.9.2v1.0.0-1 iosxr_install_internal 5.9 k
 xr-mpls-oam                  x86_64 7.9.2v1.0.0-1 iosxr_install_internal 5.9 k
 xr-mpls-oam-client           x86_64 7.9.2v1.0.0-1 iosxr_install_internal 5.9 k
 xr-mpls-static               x86_64 7.9.2v1.0.0-1 iosxr_install_internal 5.9 k
 xr-ntp-api-only              x86_64 7.9.2v1.0.0-1 iosxr_install_internal 5.9 k
 xr-orrspf                    x86_64 7.9.2v1.0.0-1 iosxr_install_internal 5.9 k
 xr-os-wr9-core               x86_64 7.9.2v1.0.0-1 iosxr_install_internal  28 k
 xr-ospf                      x86_64 7.9.2v1.0.0-1 iosxr_install_internal 5.9 k
 xr-p4rt                      x86_64 7.9.2v1.0.0-1 iosxr_install_internal 5.9 k
 xr-perf-meas                 x86_64 7.9.2v1.0.0-1 iosxr_install_internal 5.9 k
 xr-pfi                       x86_64 7.9.2v1.0.0-1 iosxr_install_internal 5.9 k
 xr-pird                      x86_64 7.9.2v1.0.0-1 iosxr_install_internal 5.9 k
 xr-pird-mcast                x86_64 7.9.2v1.0.0-1 iosxr_install_internal 5.9 k
 xr-pird-policymgr            x86_64 7.9.2v1.0.0-1 iosxr_install_internal 5.9 k
 xr-pkt-trace                 x86_64 7.9.2v1.0.0-1 iosxr_install_internal 5.9 k
 xr-pm-alarm                  x86_64 7.9.2v1.0.0-1 iosxr_install_internal 5.9 k
 xr-procmgr                   x86_64 7.9.2v1.0.0-1 iosxr_install_internal 5.9 k
 xr-python                    x86_64 7.9.2v1.0.0-1 iosxr_install_internal 5.9 k
 xr-qos                       x86_64 7.9.2v1.0.0-1 iosxr_install_internal 5.9 k
 xr-rip                       x86_64 7.9.2v1.0.0-1 iosxr_install_internal 5.9 k
 xr-routing                   x86_64 7.9.2v1.0.0-1 iosxr_install_internal 5.9 k
 xr-rpl                       x86_64 7.9.2v1.0.0-1 iosxr_install_internal 5.9 k
 xr-rsvp-te                   x86_64 7.9.2v1.0.0-1 iosxr_install_internal 5.9 k
 xr-security                  x86_64 7.9.2v1.0.0-1 iosxr_install_internal 5.9 k
 xr-security-tams             x86_64 7.9.2v1.0.0-1 iosxr_install_internal 5.9 k
 xr-servicelayer              x86_64 7.9.2v1.0.0-1 iosxr_install_internal 5.9 k
 xr-snmp                      x86_64 7.9.2v1.0.0-1 iosxr_install_internal 5.9 k
 xr-span                      x86_64 7.9.2v1.0.0-1 iosxr_install_internal 5.9 k
 xr-spi-core                  x86_64 7.9.2v1.0.0-1 iosxr_install_internal 5.9 k
 xr-spi-hw-api-only           x86_64 7.9.2v1.0.0-1 iosxr_install_internal 5.9 k
 xr-spp                       x86_64 7.9.2v1.0.0-1 iosxr_install_internal 5.9 k
 xr-sr                        x86_64 7.9.2v1.0.0-1 iosxr_install_internal 5.8 k
 xr-stats                     x86_64 7.9.2v1.0.0-1 iosxr_install_internal 5.9 k
 xr-stubs                     x86_64 7.9.2v1.0.0-1 iosxr_install_internal 5.9 k
 xr-sysdb                     x86_64 7.9.2v1.0.0-1 iosxr_install_internal 5.9 k
 xr-syslog                    x86_64 7.9.2v1.0.0-1 iosxr_install_internal 5.9 k
 xr-telemetry                 x86_64 7.9.2v1.0.0-1 iosxr_install_internal 5.9 k
 xr-tftp                      x86_64 7.9.2v1.0.0-1 iosxr_install_internal 5.9 k
 xr-timing                    x86_64 7.9.2v1.0.0-1 iosxr_install_internal 5.9 k
 xr-tmpdir-cleanup            x86_64 7.9.2v1.0.0-1 iosxr_install_internal 5.9 k
 xr-transports                x86_64 7.9.2v1.0.0-1 iosxr_install_internal 5.9 k
 xr-tty                       x86_64 7.9.2v1.0.0-1 iosxr_install_internal 5.9 k
 xr-tunnel-ip                 x86_64 7.9.2v1.0.0-1 iosxr_install_internal 5.9 k
 xr-upgradematrix             x86_64 7.9.2v1.0.0-1 iosxr_install_internal 5.9 k
 xr-utils                     x86_64 7.9.2v1.0.0-1 iosxr_install_internal 5.9 k
 xr-vether                    x86_64 7.9.2v1.0.0-1 iosxr_install_internal 5.9 k
 xr-vpnmib                    x86_64 7.9.2v1.0.0-1 iosxr_install_internal 5.9 k
 xr-xmlinfra                  x86_64 7.9.2v1.0.0-1 iosxr_install_internal 5.9 k
 xr-xrd-card-support          x86_64 7.9.2v1.0.0-1 iosxr_install_internal 9.4 k
 xr-xrd-control-plane-pd      x86_64 7.9.2v1.0.0-1 iosxr_install_internal 6.0 k
 xr-xrd-os-wr9                x86_64 7.9.2v1.0.0-1 iosxr_install_internal 6.1 k
 xr-xrlibcurl                 x86_64 7.9.2v1.0.0-1 iosxr_install_internal 5.9 k
 xr-ztp                       x86_64 7.9.2v1.0.0-1 iosxr_install_internal 5.9 k
Installing dependencies:
 xr-aaa-xrd-cp-c-01           x86_64 7.9.2v1.0.0-1 iosxr_install_internal 1.6 M
 xr-acl-xrd-cp-c-01           x86_64 7.9.2v1.0.0-1 iosxr_install_internal 1.1 M
 xr-apphosting-xrd-cp-c-01    x86_64 7.9.2v1.0.0-1 iosxr_install_internal 159 k
 xr-bcdl-xrd-cp-c-01          x86_64 7.9.2v1.0.0-1 iosxr_install_internal 417 k
 xr-bfd-xrd-cp-c-01           x86_64 7.9.2v1.0.0-1 iosxr_install_internal 931 k
 xr-bgp-xrd-cp-c-01           x86_64 7.9.2v1.0.0-1 iosxr_install_internal 3.8 M
 xr-bgputil-xrd-cp-c-01       x86_64 7.9.2v1.0.0-1 iosxr_install_internal  36 k
 xr-bng-stubs-xrd-cp-c-01     x86_64 7.9.2v1.0.0-1 iosxr_install_internal  13 k
 xr-bundles-xrd-cp-c-01       x86_64 7.9.2v1.0.0-1 iosxr_install_internal 1.4 M
 xr-cal-pi-xrd-cp-c-01        x86_64 7.9.2v1.0.0-1 iosxr_install_internal  96 k
 xr-cdp-xrd-cp-c-01           x86_64 7.9.2v1.0.0-1 iosxr_install_internal 143 k
 xr-cfgmgr-xrd-cp-c-01        x86_64 7.9.2v1.0.0-1 iosxr_install_internal 1.7 M
 xr-cfm-xrd-cp-c-01           x86_64 7.9.2v1.0.0-1 iosxr_install_internal 1.2 M
 xr-cofo-xrd-cp-c-01          x86_64 7.9.2v1.0.0-1 iosxr_install_internal  34 k
 xr-core-calv-xrd-cp-c-01     x86_64 7.9.2v1.0.0-1 iosxr_install_internal 3.3 M
 xr-core-xrd-cp-c-01          x86_64 7.9.2v1.0.0-1 iosxr_install_internal 5.8 M
 xr-ctc-xrd-cp-c-01           x86_64 7.9.2v1.0.0-1 iosxr_install_internal 5.8 k
 xr-debug-xrd-cp-c-01         x86_64 7.9.2v1.0.0-1 iosxr_install_internal 606 k
 xr-dhcp-xrd-cp-c-01          x86_64 7.9.2v1.0.0-1 iosxr_install_internal 1.9 M
 xr-diskboot-xrd-cp-c-01      x86_64 7.9.2v1.0.0-1 iosxr_install_internal 5.9 k
 xr-drivers-xrd-cp-c-01       x86_64 7.9.2v1.0.0-1 iosxr_install_internal 1.2 M
 xr-eem-xrd-cp-c-01           x86_64 7.9.2v1.0.0-1 iosxr_install_internal 790 k
 xr-eigrp-xrd-cp-c-01         x86_64 7.9.2v1.0.0-1 iosxr_install_internal 5.8 k
 xr-elmi-xrd-cp-c-01          x86_64 7.9.2v1.0.0-1 iosxr_install_internal 135 k
 xr-ema-xrd-cp-c-01           x86_64 7.9.2v1.0.0-1 iosxr_install_internal 111 k
 xr-enhancedmanageability-xrd-cp-c-01
                              x86_64 7.9.2v1.0.0-1 iosxr_install_internal  17 M
 xr-featurecapability-xrd-cp-c-01
                              x86_64 7.9.2v1.0.0-1 iosxr_install_internal  12 k
 xr-fib-xrd-cp-c-01           x86_64 7.9.2v1.0.0-1 iosxr_install_internal 3.0 M
 xr-fpd-xrd-cp-c-01           x86_64 7.9.2v1.0.0-1 iosxr_install_internal  15 k
 xr-gil-xrd-cp-c-01           x86_64 7.9.2v1.0.0-1 iosxr_install_internal  31 k
 xr-ha-infra-xrd-cp-c-01      x86_64 7.9.2v1.0.0-1 iosxr_install_internal 562 k
 xr-host-core-xrd-cp-c-01     x86_64 7.9.2v1.0.0-1 iosxr_install_internal  61 k
 xr-httpclient-xrd-cp-c-01    x86_64 7.9.2v1.0.0-1 iosxr_install_internal  99 k
 xr-icpe-eth-xrd-cp-c-01      x86_64 7.9.2v1.0.0-1 iosxr_install_internal  17 k
 xr-icpe-opt-xrd-cp-c-01      x86_64 7.9.2v1.0.0-1 iosxr_install_internal  43 k
 xr-infra-sla-xrd-cp-c-01     x86_64 7.9.2v1.0.0-1 iosxr_install_internal 275 k
 xr-install-xrd-cp-c-01       x86_64 7.9.2v1.0.0-1 iosxr_install_internal 1.4 M
 xr-ip-apps-xrd-cp-c-01       x86_64 7.9.2v1.0.0-1 iosxr_install_internal 1.2 M
 xr-ip-core-xrd-cp-c-01       x86_64 7.9.2v1.0.0-1 iosxr_install_internal 3.5 M
 xr-ip-infra-vrf-xrd-cp-c-01  x86_64 7.9.2v1.0.0-1 iosxr_install_internal 999 k
 xr-ip-mibs-xrd-cp-c-01       x86_64 7.9.2v1.0.0-1 iosxr_install_internal 144 k
 xr-ip-static-xrd-cp-c-01     x86_64 7.9.2v1.0.0-1 iosxr_install_internal 623 k
 xr-ipc-xrd-cp-c-01           x86_64 7.9.2v1.0.0-1 iosxr_install_internal 1.3 M
 xr-is-is-xrd-cp-c-01         x86_64 7.9.2v1.0.0-1 iosxr_install_internal 2.9 M
 xr-l2snooptransport-xrd-cp-c-01
                              x86_64 7.9.2v1.0.0-1 iosxr_install_internal  80 k
 xr-l2vpn-xrd-cp-c-01         x86_64 7.9.2v1.0.0-1 iosxr_install_internal 4.7 M
 xr-ldp-xrd-cp-c-01           x86_64 7.9.2v1.0.0-1 iosxr_install_internal 1.5 M
 xr-licensing-xrd-cp-c-01     x86_64 7.9.2v1.0.0-1 iosxr_install_internal 1.7 M
 xr-link-oam-xrd-cp-c-01      x86_64 7.9.2v1.0.0-1 iosxr_install_internal 354 k
 xr-linuxnetworking-xrd-cp-c-01
                              x86_64 7.9.2v1.0.0-1 iosxr_install_internal 563 k
 xr-linuxsecurity-xrd-cp-c-01 x86_64 7.9.2v1.0.0-1 iosxr_install_internal  87 k
 xr-lldp-xrd-cp-c-01          x86_64 7.9.2v1.0.0-1 iosxr_install_internal 341 k
 xr-lpts-xrd-cp-c-01          x86_64 7.9.2v1.0.0-1 iosxr_install_internal 808 k
 xr-manageabilityxml-xrd-cp-c-01
                              x86_64 7.9.2v1.0.0-1 iosxr_install_internal 169 k
 xr-mcast-xrd-cp-c-01         x86_64 7.9.2v1.0.0-1 iosxr_install_internal 7.3 M
 xr-mda-xrd-cp-c-01           x86_64 7.9.2v1.0.0-1 iosxr_install_internal 462 k
 xr-mpls-oam-client-xrd-cp-c-01
                              x86_64 7.9.2v1.0.0-1 iosxr_install_internal  50 k
 xr-mpls-oam-xrd-cp-c-01      x86_64 7.9.2v1.0.0-1 iosxr_install_internal 572 k
 xr-mpls-static-xrd-cp-c-01   x86_64 7.9.2v1.0.0-1 iosxr_install_internal 225 k
 xr-mpls-xrd-cp-c-01          x86_64 7.9.2v1.0.0-1 iosxr_install_internal 1.4 M
 xr-ntp-api-only-xrd-cp-c-01  x86_64 7.9.2v1.0.0-1 iosxr_install_internal 5.9 k
 xr-orrspf-xrd-cp-c-01        x86_64 7.9.2v1.0.0-1 iosxr_install_internal 118 k
 xr-ospf-xrd-cp-c-01          x86_64 7.9.2v1.0.0-1 iosxr_install_internal 2.8 M
 xr-p4rt-xrd-cp-c-01          x86_64 7.9.2v1.0.0-1 iosxr_install_internal  80 k
 xr-perf-meas-xrd-cp-c-01     x86_64 7.9.2v1.0.0-1 iosxr_install_internal 797 k
 xr-pfi-xrd-cp-c-01           x86_64 7.9.2v1.0.0-1 iosxr_install_internal 1.5 M
 xr-pird-mcast-xrd-cp-c-01    x86_64 7.9.2v1.0.0-1 iosxr_install_internal 105 k
 xr-pird-policymgr-xrd-cp-c-01
                              x86_64 7.9.2v1.0.0-1 iosxr_install_internal  66 k
 xr-pird-xrd-cp-c-01          x86_64 7.9.2v1.0.0-1 iosxr_install_internal 558 k
 xr-pkt-trace-xrd-cp-c-01     x86_64 7.9.2v1.0.0-1 iosxr_install_internal  80 k
 xr-pm-alarm-xrd-cp-c-01      x86_64 7.9.2v1.0.0-1 iosxr_install_internal 389 k
 xr-procmgr-xrd-cp-c-01       x86_64 7.9.2v1.0.0-1 iosxr_install_internal 866 k
 xr-python-xrd-cp-c-01        x86_64 7.9.2v1.0.0-1 iosxr_install_internal 7.5 M
 xr-qos-xrd-cp-c-01           x86_64 7.9.2v1.0.0-1 iosxr_install_internal 926 k
 xr-rip-xrd-cp-c-01           x86_64 7.9.2v1.0.0-1 iosxr_install_internal 301 k
 xr-routing-xrd-cp-c-01       x86_64 7.9.2v1.0.0-1 iosxr_install_internal 2.1 M
 xr-rpl-xrd-cp-c-01           x86_64 7.9.2v1.0.0-1 iosxr_install_internal 672 k
 xr-rsvp-te-xrd-cp-c-01       x86_64 7.9.2v1.0.0-1 iosxr_install_internal 6.5 M
 xr-security-tams-xrd-cp-c-01 x86_64 7.9.2v1.0.0-1 iosxr_install_internal 752 k
 xr-security-xrd-cp-c-01      x86_64 7.9.2v1.0.0-1 iosxr_install_internal 4.9 M
 xr-servicelayer-xrd-cp-c-01  x86_64 7.9.2v1.0.0-1 iosxr_install_internal 386 k
 xr-snmp-xrd-cp-c-01          x86_64 7.9.2v1.0.0-1 iosxr_install_internal 1.8 M
 xr-span-xrd-cp-c-01          x86_64 7.9.2v1.0.0-1 iosxr_install_internal 5.8 k
 xr-spi-core-xrd-cp-c-01      x86_64 7.9.2v1.0.0-1 iosxr_install_internal 1.6 M
 xr-spi-hw-api-only-xrd-cp-c-01
                              x86_64 7.9.2v1.0.0-1 iosxr_install_internal 205 k
 xr-spp-xrd-cp-c-01           x86_64 7.9.2v1.0.0-1 iosxr_install_internal 301 k
 xr-sr-xrd-cp-c-01            x86_64 7.9.2v1.0.0-1 iosxr_install_internal 3.1 M
 xr-stats-xrd-cp-c-01         x86_64 7.9.2v1.0.0-1 iosxr_install_internal 410 k
 xr-stubs-xrd-cp-c-01         x86_64 7.9.2v1.0.0-1 iosxr_install_internal 1.6 M
 xr-sysdb-xrd-cp-c-01         x86_64 7.9.2v1.0.0-1 iosxr_install_internal 1.0 M
 xr-syslog-xrd-cp-c-01        x86_64 7.9.2v1.0.0-1 iosxr_install_internal 850 k
 xr-telemetry-xrd-cp-c-01     x86_64 7.9.2v1.0.0-1 iosxr_install_internal  25 M
 xr-tftp-xrd-cp-c-01          x86_64 7.9.2v1.0.0-1 iosxr_install_internal  37 k
 xr-timing-xrd-cp-c-01        x86_64 7.9.2v1.0.0-1 iosxr_install_internal 414 k
 xr-tmpdir-cleanup-xrd-cp-c-01
                              x86_64 7.9.2v1.0.0-1 iosxr_install_internal  14 k
 xr-transports-xrd-cp-c-01    x86_64 7.9.2v1.0.0-1 iosxr_install_internal 1.1 M
 xr-tty-xrd-cp-c-01           x86_64 7.9.2v1.0.0-1 iosxr_install_internal 662 k
 xr-tunnel-ip-xrd-cp-c-01     x86_64 7.9.2v1.0.0-1 iosxr_install_internal 5.9 k
 xr-upgradematrix-xrd-cp-c-01 x86_64 7.9.2v1.0.0-1 iosxr_install_internal 5.9 k
 xr-utils-xrd-cp-c-01         x86_64 7.9.2v1.0.0-1 iosxr_install_internal  13 M
 xr-vether-xrd-cp-c-01        x86_64 7.9.2v1.0.0-1 iosxr_install_internal  45 k
 xr-vpnmib-xrd-cp-c-01        x86_64 7.9.2v1.0.0-1 iosxr_install_internal 117 k
 xr-xmlinfra-xrd-cp-c-01      x86_64 7.9.2v1.0.0-1 iosxr_install_internal 932 k
 xr-xrd-control-plane-pd-xrd-cp-c-01
                              x86_64 7.9.2v1.0.0-1 iosxr_install_internal 199 k
 xr-xrlibcurl-xrd-cp-c-01     x86_64 7.9.2v1.0.0-1 iosxr_install_internal 162 k
 xr-ztp-xrd-cp-c-01           x86_64 7.9.2v1.0.0-1 iosxr_install_internal 527 k

Transaction Summary
================================================================================
Install  217 Packages

Total size: 165 M
Installed size: 721 M
Downloading Packages:
Running transaction check
Transaction check succeeded.
Running transaction test
Transaction test succeeded.
Running transaction
  Preparing        :                                                        1/1 
  Installing       : xr-apphosting-xrd-cp-c-01-7.9.2v1.0.0-1.x86_64       1/217 
  Running scriptlet: xr-apphosting-xrd-cp-c-01-7.9.2v1.0.0-1.x86_64       1/217 
  Installing       : xr-apphosting-7.9.2v1.0.0-1.x86_64                   2/217 
  Installing       : xr-bng-stubs-xrd-cp-c-01-7.9.2v1.0.0-1.x86_64        3/217 
  Running scriptlet: xr-bng-stubs-xrd-cp-c-01-7.9.2v1.0.0-1.x86_64        3/217 
  Installing       : xr-bng-stubs-7.9.2v1.0.0-1.x86_64                    4/217 
  Installing       : xr-ctc-xrd-cp-c-01-7.9.2v1.0.0-1.x86_64              5/217 
  Installing       : xr-ctc-7.9.2v1.0.0-1.x86_64                          6/217 
  Installing       : xr-diskboot-xrd-cp-c-01-7.9.2v1.0.0-1.x86_64         7/217 
  Installing       : xr-diskboot-7.9.2v1.0.0-1.x86_64                     8/217 
  Installing       : xr-eigrp-xrd-cp-c-01-7.9.2v1.0.0-1.x86_64            9/217 
  Installing       : xr-eigrp-7.9.2v1.0.0-1.x86_64                       10/217 
  Installing       : xr-enhancedmanageability-7.9.2v1.0.0-1.x86_64       11/217 
  Installing       : xr-featurecapability-xrd-cp-c-01-7.9.2v1.0.0-1.x    12/217 
  Running scriptlet: xr-featurecapability-xrd-cp-c-01-7.9.2v1.0.0-1.x    12/217 
  Installing       : xr-featurecapability-7.9.2v1.0.0-1.x86_64           13/217 
  Installing       : xr-host-core-xrd-cp-c-01-7.9.2v1.0.0-1.x86_64       14/217 
  Running scriptlet: xr-host-core-xrd-cp-c-01-7.9.2v1.0.0-1.x86_64       14/217 
  Installing       : xr-host-core-7.9.2v1.0.0-1.x86_64                   15/217 
  Installing       : xr-icpe-eth-xrd-cp-c-01-7.9.2v1.0.0-1.x86_64        16/217 
  Running scriptlet: xr-icpe-eth-xrd-cp-c-01-7.9.2v1.0.0-1.x86_64        16/217 
  Installing       : xr-icpe-eth-7.9.2v1.0.0-1.x86_64                    17/217 
  Installing       : xr-linuxsecurity-xrd-cp-c-01-7.9.2v1.0.0-1.x86_6    18/217 
  Running scriptlet: xr-linuxsecurity-xrd-cp-c-01-7.9.2v1.0.0-1.x86_6    18/217 
Failed to resolve roletype statement at /var/lib/selinux/targeted/tmp/modules/400/iosxr/cil:1
/usr/sbin/semodule:  Failed!
/usr/bin/chcon: can't apply partial context to unlabeled file '/init'
  Installing       : xr-linuxsecurity-7.9.2v1.0.0-1.x86_64               19/217 
  Installing       : xr-mandatory-7.9.2v1.0.0-1.x86_64                   20/217 
  Installing       : xr-ntp-api-only-xrd-cp-c-01-7.9.2v1.0.0-1.x86_64    21/217 
  Installing       : xr-ntp-api-only-7.9.2v1.0.0-1.x86_64                22/217 
  Installing       : xr-os-wr9-core-7.9.2v1.0.0-1.x86_64                 23/217 
  Installing       : xr-routing-7.9.2v1.0.0-1.x86_64                     24/217 
  Installing       : xr-span-xrd-cp-c-01-7.9.2v1.0.0-1.x86_64            25/217 
  Installing       : xr-span-7.9.2v1.0.0-1.x86_64                        26/217 
  Installing       : xr-sr-7.9.2v1.0.0-1.x86_64                          27/217 
  Installing       : xr-telemetry-7.9.2v1.0.0-1.x86_64                   28/217 
  Installing       : xr-tmpdir-cleanup-xrd-cp-c-01-7.9.2v1.0.0-1.x86_    29/217 
  Running scriptlet: xr-tmpdir-cleanup-xrd-cp-c-01-7.9.2v1.0.0-1.x86_    29/217 
  Installing       : xr-tmpdir-cleanup-7.9.2v1.0.0-1.x86_64              30/217 
  Installing       : xr-tunnel-ip-xrd-cp-c-01-7.9.2v1.0.0-1.x86_64       31/217 
  Installing       : xr-tunnel-ip-7.9.2v1.0.0-1.x86_64                   32/217 
  Installing       : xr-upgradematrix-xrd-cp-c-01-7.9.2v1.0.0-1.x86_6    33/217 
  Installing       : xr-upgradematrix-7.9.2v1.0.0-1.x86_64               34/217 
  Installing       : xr-utils-7.9.2v1.0.0-1.x86_64                       35/217 
  Installing       : xr-xmlinfra-7.9.2v1.0.0-1.x86_64                    36/217 
  Installing       : xr-xrd-os-wr9-7.9.2v1.0.0-1.x86_64                  37/217 
  Installing       : xr-security-7.9.2v1.0.0-1.x86_64                    38/217 
  Installing       : xr-syslog-7.9.2v1.0.0-1.x86_64                      39/217 
  Installing       : xr-tty-7.9.2v1.0.0-1.x86_64                         40/217 
  Installing       : xr-rpl-7.9.2v1.0.0-1.x86_64                         41/217 
  Installing       : xr-l2vpn-7.9.2v1.0.0-1.x86_64                       42/217 
  Installing       : xr-stubs-7.9.2v1.0.0-1.x86_64                       43/217 
  Installing       : xr-sysdb-7.9.2v1.0.0-1.x86_64                       44/217 
  Installing       : xr-xrd-control-plane-pd-7.9.2v1.0.0-1.x86_64        45/217 
  Installing       : xr-transports-7.9.2v1.0.0-1.x86_64                  46/217 
  Installing       : xr-snmp-7.9.2v1.0.0-1.x86_64                        47/217 
  Installing       : xr-qos-7.9.2v1.0.0-1.x86_64                         48/217 
  Installing       : xr-core-7.9.2v1.0.0-1.x86_64                        49/217 
  Installing       : xr-fpd-7.9.2v1.0.0-1.x86_64                         50/217 
  Installing       : xr-fpd-xrd-cp-c-01-7.9.2v1.0.0-1.x86_64             51/217 
  Running scriptlet: xr-fpd-xrd-cp-c-01-7.9.2v1.0.0-1.x86_64             51/217 
  Installing       : xr-stats-7.9.2v1.0.0-1.x86_64                       52/217 
  Installing       : xr-python-7.9.2v1.0.0-1.x86_64                      53/217 
  Installing       : xr-procmgr-7.9.2v1.0.0-1.x86_64                     54/217 
  Installing       : xr-spp-7.9.2v1.0.0-1.x86_64                         55/217 
  Installing       : xr-pird-7.9.2v1.0.0-1.x86_64                        56/217 
  Installing       : xr-pfi-7.9.2v1.0.0-1.x86_64                         57/217 
  Installing       : xr-pkt-trace-7.9.2v1.0.0-1.x86_64                   58/217 
  Installing       : xr-lpts-7.9.2v1.0.0-1.x86_64                        59/217 
  Installing       : xr-linuxnetworking-7.9.2v1.0.0-1.x86_64             60/217 
  Installing       : xr-ip-apps-7.9.2v1.0.0-1.x86_64                     61/217 
  Installing       : xr-ip-core-7.9.2v1.0.0-1.x86_64                     62/217 
  Installing       : xr-mpls-oam-client-7.9.2v1.0.0-1.x86_64             63/217 
  Installing       : xr-bfd-7.9.2v1.0.0-1.x86_64                         64/217 
  Installing       : xr-bundles-7.9.2v1.0.0-1.x86_64                     65/217 
  Installing       : xr-fib-7.9.2v1.0.0-1.x86_64                         66/217 
  Installing       : xr-mpls-7.9.2v1.0.0-1.x86_64                        67/217 
  Installing       : xr-ipc-7.9.2v1.0.0-1.x86_64                         68/217 
  Installing       : xr-spi-core-7.9.2v1.0.0-1.x86_64                    69/217 
  Installing       : xr-spi-hw-api-only-7.9.2v1.0.0-1.x86_64             70/217 
  Installing       : xr-core-calv-7.9.2v1.0.0-1.x86_64                   71/217 
  Installing       : xr-cal-pi-7.9.2v1.0.0-1.x86_64                      72/217 
  Installing       : xr-cal-pi-xrd-cp-c-01-7.9.2v1.0.0-1.x86_64          73/217 
  Running scriptlet: xr-cal-pi-xrd-cp-c-01-7.9.2v1.0.0-1.x86_64          73/217 
  Installing       : xr-install-7.9.2v1.0.0-1.x86_64                     74/217 
  Installing       : xr-mda-7.9.2v1.0.0-1.x86_64                         75/217 
  Installing       : xr-gil-7.9.2v1.0.0-1.x86_64                         76/217 
  Installing       : xr-gil-xrd-cp-c-01-7.9.2v1.0.0-1.x86_64             77/217 
  Running scriptlet: xr-gil-xrd-cp-c-01-7.9.2v1.0.0-1.x86_64             77/217 
  Installing       : xr-licensing-7.9.2v1.0.0-1.x86_64                   78/217 
  Installing       : xr-ip-infra-vrf-7.9.2v1.0.0-1.x86_64                79/217 
  Installing       : xr-httpclient-7.9.2v1.0.0-1.x86_64                  80/217 
  Installing       : xr-cfgmgr-7.9.2v1.0.0-1.x86_64                      81/217 
  Installing       : xr-debug-7.9.2v1.0.0-1.x86_64                       82/217 
  Installing       : xr-bgputil-7.9.2v1.0.0-1.x86_64                     83/217 
  Installing       : xr-bgputil-xrd-cp-c-01-7.9.2v1.0.0-1.x86_64         84/217 
  Running scriptlet: xr-bgputil-xrd-cp-c-01-7.9.2v1.0.0-1.x86_64         84/217 
  Installing       : xr-cdp-7.9.2v1.0.0-1.x86_64                         85/217 
  Installing       : xr-cdp-xrd-cp-c-01-7.9.2v1.0.0-1.x86_64             86/217 
  Running scriptlet: xr-cdp-xrd-cp-c-01-7.9.2v1.0.0-1.x86_64             86/217 
  Installing       : xr-cofo-7.9.2v1.0.0-1.x86_64                        87/217 
  Installing       : xr-cofo-xrd-cp-c-01-7.9.2v1.0.0-1.x86_64            88/217 
  Running scriptlet: xr-cofo-xrd-cp-c-01-7.9.2v1.0.0-1.x86_64            88/217 
  Installing       : xr-elmi-7.9.2v1.0.0-1.x86_64                        89/217 
  Installing       : xr-elmi-xrd-cp-c-01-7.9.2v1.0.0-1.x86_64            90/217 
  Running scriptlet: xr-elmi-xrd-cp-c-01-7.9.2v1.0.0-1.x86_64            90/217 
  Installing       : xr-ha-infra-7.9.2v1.0.0-1.x86_64                    91/217 
  Installing       : xr-acl-7.9.2v1.0.0-1.x86_64                         92/217 
  Installing       : xr-acl-xrd-cp-c-01-7.9.2v1.0.0-1.x86_64             93/217 
  Running scriptlet: xr-acl-xrd-cp-c-01-7.9.2v1.0.0-1.x86_64             93/217 
  Installing       : xr-bcdl-7.9.2v1.0.0-1.x86_64                        94/217 
  Installing       : xr-bcdl-xrd-cp-c-01-7.9.2v1.0.0-1.x86_64            95/217 
  Running scriptlet: xr-bcdl-xrd-cp-c-01-7.9.2v1.0.0-1.x86_64            95/217 
  Installing       : xr-ema-7.9.2v1.0.0-1.x86_64                         96/217 
  Installing       : xr-ema-xrd-cp-c-01-7.9.2v1.0.0-1.x86_64             97/217 
  Running scriptlet: xr-ema-xrd-cp-c-01-7.9.2v1.0.0-1.x86_64             97/217 
  Installing       : xr-ha-infra-xrd-cp-c-01-7.9.2v1.0.0-1.x86_64        98/217 
  Running scriptlet: xr-ha-infra-xrd-cp-c-01-7.9.2v1.0.0-1.x86_64        98/217 
  Installing       : xr-debug-xrd-cp-c-01-7.9.2v1.0.0-1.x86_64           99/217 
  Running scriptlet: xr-debug-xrd-cp-c-01-7.9.2v1.0.0-1.x86_64           99/217 
  Installing       : xr-drivers-7.9.2v1.0.0-1.x86_64                    100/217 
  Installing       : xr-infra-sla-7.9.2v1.0.0-1.x86_64                  101/217 
  Installing       : xr-infra-sla-xrd-cp-c-01-7.9.2v1.0.0-1.x86_64      102/217 
  Running scriptlet: xr-infra-sla-xrd-cp-c-01-7.9.2v1.0.0-1.x86_64      102/217 
  Installing       : xr-drivers-xrd-cp-c-01-7.9.2v1.0.0-1.x86_64        103/217 
  Running scriptlet: xr-drivers-xrd-cp-c-01-7.9.2v1.0.0-1.x86_64        103/217 
  Installing       : xr-eem-7.9.2v1.0.0-1.x86_64                        104/217 
  Installing       : xr-cfm-7.9.2v1.0.0-1.x86_64                        105/217 
  Installing       : xr-cfm-xrd-cp-c-01-7.9.2v1.0.0-1.x86_64            106/217 
  Running scriptlet: xr-cfm-xrd-cp-c-01-7.9.2v1.0.0-1.x86_64            106/217 
  Installing       : xr-eem-xrd-cp-c-01-7.9.2v1.0.0-1.x86_64            107/217 
  Running scriptlet: xr-eem-xrd-cp-c-01-7.9.2v1.0.0-1.x86_64            107/217 
  Installing       : xr-icpe-opt-7.9.2v1.0.0-1.x86_64                   108/217 
  Installing       : xr-icpe-opt-xrd-cp-c-01-7.9.2v1.0.0-1.x86_64       109/217 
  Running scriptlet: xr-icpe-opt-xrd-cp-c-01-7.9.2v1.0.0-1.x86_64       109/217 
  Installing       : xr-pird-policymgr-7.9.2v1.0.0-1.x86_64             110/217 
  Installing       : xr-pird-policymgr-xrd-cp-c-01-7.9.2v1.0.0-1.x86_   111/217 
  Running scriptlet: xr-pird-policymgr-xrd-cp-c-01-7.9.2v1.0.0-1.x86_   111/217 
  Installing       : xr-cfgmgr-xrd-cp-c-01-7.9.2v1.0.0-1.x86_64         112/217 
  Running scriptlet: xr-cfgmgr-xrd-cp-c-01-7.9.2v1.0.0-1.x86_64         112/217 
  Installing       : xr-httpclient-xrd-cp-c-01-7.9.2v1.0.0-1.x86_64     113/217 
  Running scriptlet: xr-httpclient-xrd-cp-c-01-7.9.2v1.0.0-1.x86_64     113/217 
  Installing       : xr-ip-mibs-7.9.2v1.0.0-1.x86_64                    114/217 
  Installing       : xr-ip-mibs-xrd-cp-c-01-7.9.2v1.0.0-1.x86_64        115/217 
  Running scriptlet: xr-ip-mibs-xrd-cp-c-01-7.9.2v1.0.0-1.x86_64        115/217 
  Installing       : xr-l2snooptransport-7.9.2v1.0.0-1.x86_64           116/217 
  Installing       : xr-dhcp-7.9.2v1.0.0-1.x86_64                       117/217 
  Installing       : xr-dhcp-xrd-cp-c-01-7.9.2v1.0.0-1.x86_64           118/217 
  Running scriptlet: xr-dhcp-xrd-cp-c-01-7.9.2v1.0.0-1.x86_64           118/217 
  Installing       : xr-l2snooptransport-xrd-cp-c-01-7.9.2v1.0.0-1.x8   119/217 
  Running scriptlet: xr-l2snooptransport-xrd-cp-c-01-7.9.2v1.0.0-1.x8   119/217 
  Installing       : xr-ip-infra-vrf-xrd-cp-c-01-7.9.2v1.0.0-1.x86_64   120/217 
  Running scriptlet: xr-ip-infra-vrf-xrd-cp-c-01-7.9.2v1.0.0-1.x86_64   120/217 
  Installing       : xr-licensing-xrd-cp-c-01-7.9.2v1.0.0-1.x86_64      121/217 
  Running scriptlet: xr-licensing-xrd-cp-c-01-7.9.2v1.0.0-1.x86_64      121/217 
  Installing       : xr-link-oam-7.9.2v1.0.0-1.x86_64                   122/217 
  Installing       : xr-link-oam-xrd-cp-c-01-7.9.2v1.0.0-1.x86_64       123/217 
  Running scriptlet: xr-link-oam-xrd-cp-c-01-7.9.2v1.0.0-1.x86_64       123/217 
  Installing       : xr-lldp-7.9.2v1.0.0-1.x86_64                       124/217 
  Installing       : xr-lldp-xrd-cp-c-01-7.9.2v1.0.0-1.x86_64           125/217 
  Running scriptlet: xr-lldp-xrd-cp-c-01-7.9.2v1.0.0-1.x86_64           125/217 
  Installing       : xr-manageabilityxml-7.9.2v1.0.0-1.x86_64           126/217 
  Installing       : xr-manageabilityxml-xrd-cp-c-01-7.9.2v1.0.0-1.x8   127/217 
  Running scriptlet: xr-manageabilityxml-xrd-cp-c-01-7.9.2v1.0.0-1.x8   127/217 
  Installing       : xr-orrspf-7.9.2v1.0.0-1.x86_64                     128/217 
  Installing       : xr-orrspf-xrd-cp-c-01-7.9.2v1.0.0-1.x86_64         129/217 
  Running scriptlet: xr-orrspf-xrd-cp-c-01-7.9.2v1.0.0-1.x86_64         129/217 
  Installing       : xr-mda-xrd-cp-c-01-7.9.2v1.0.0-1.x86_64            130/217 
  Running scriptlet: xr-mda-xrd-cp-c-01-7.9.2v1.0.0-1.x86_64            130/217 
  Installing       : xr-install-xrd-cp-c-01-7.9.2v1.0.0-1.x86_64        131/217 
  Running scriptlet: xr-install-xrd-cp-c-01-7.9.2v1.0.0-1.x86_64        131/217 
  Installing       : xr-security-tams-7.9.2v1.0.0-1.x86_64              132/217 
  Installing       : xr-security-tams-xrd-cp-c-01-7.9.2v1.0.0-1.x86_6   133/217 
  Running scriptlet: xr-security-tams-xrd-cp-c-01-7.9.2v1.0.0-1.x86_6   133/217 
  Installing       : xr-core-calv-xrd-cp-c-01-7.9.2v1.0.0-1.x86_64      134/217 
  Running scriptlet: xr-core-calv-xrd-cp-c-01-7.9.2v1.0.0-1.x86_64      134/217 
Failed to connect to bus: No such file or directory
Install scriptlet error: systemctl daemon-reload returned an error.
Failed to connect to bus: No such file or directory
Install scriptlet error: systemctl restart ds.service returned an error.
  Installing       : xr-spi-hw-api-only-xrd-cp-c-01-7.9.2v1.0.0-1.x86   135/217 
  Running scriptlet: xr-spi-hw-api-only-xrd-cp-c-01-7.9.2v1.0.0-1.x86   135/217 
  Installing       : xr-spi-core-xrd-cp-c-01-7.9.2v1.0.0-1.x86_64       136/217 
  Running scriptlet: xr-spi-core-xrd-cp-c-01-7.9.2v1.0.0-1.x86_64       136/217 
  Installing       : xr-ipc-xrd-cp-c-01-7.9.2v1.0.0-1.x86_64            137/217 
  Running scriptlet: xr-ipc-xrd-cp-c-01-7.9.2v1.0.0-1.x86_64            137/217 
  Installing       : xr-mpls-xrd-cp-c-01-7.9.2v1.0.0-1.x86_64           138/217 
  Running scriptlet: xr-mpls-xrd-cp-c-01-7.9.2v1.0.0-1.x86_64           138/217 
  Installing       : xr-fib-xrd-cp-c-01-7.9.2v1.0.0-1.x86_64            139/217 
  Running scriptlet: xr-fib-xrd-cp-c-01-7.9.2v1.0.0-1.x86_64            139/217 
  Installing       : xr-bundles-xrd-cp-c-01-7.9.2v1.0.0-1.x86_64        140/217 
  Running scriptlet: xr-bundles-xrd-cp-c-01-7.9.2v1.0.0-1.x86_64        140/217 
  Installing       : xr-ip-static-7.9.2v1.0.0-1.x86_64                  141/217 
  Installing       : xr-ip-static-xrd-cp-c-01-7.9.2v1.0.0-1.x86_64      142/217 
  Running scriptlet: xr-ip-static-xrd-cp-c-01-7.9.2v1.0.0-1.x86_64      142/217 
  Installing       : xr-bfd-xrd-cp-c-01-7.9.2v1.0.0-1.x86_64            143/217 
  Running scriptlet: xr-bfd-xrd-cp-c-01-7.9.2v1.0.0-1.x86_64            143/217 
  Installing       : xr-bgp-7.9.2v1.0.0-1.x86_64                        144/217 
  Installing       : xr-bgp-xrd-cp-c-01-7.9.2v1.0.0-1.x86_64            145/217 
  Running scriptlet: xr-bgp-xrd-cp-c-01-7.9.2v1.0.0-1.x86_64            145/217 
  Installing       : xr-is-is-7.9.2v1.0.0-1.x86_64                      146/217 
  Installing       : xr-is-is-xrd-cp-c-01-7.9.2v1.0.0-1.x86_64          147/217 
  Running scriptlet: xr-is-is-xrd-cp-c-01-7.9.2v1.0.0-1.x86_64          147/217 
  Installing       : xr-mpls-oam-7.9.2v1.0.0-1.x86_64                   148/217 
  Installing       : xr-mpls-oam-xrd-cp-c-01-7.9.2v1.0.0-1.x86_64       149/217 
  Running scriptlet: xr-mpls-oam-xrd-cp-c-01-7.9.2v1.0.0-1.x86_64       149/217 
  Installing       : xr-mpls-oam-client-xrd-cp-c-01-7.9.2v1.0.0-1.x86   150/217 
  Running scriptlet: xr-mpls-oam-client-xrd-cp-c-01-7.9.2v1.0.0-1.x86   150/217 
  Installing       : xr-mpls-static-7.9.2v1.0.0-1.x86_64                151/217 
  Installing       : xr-mpls-static-xrd-cp-c-01-7.9.2v1.0.0-1.x86_64    152/217 
  Running scriptlet: xr-mpls-static-xrd-cp-c-01-7.9.2v1.0.0-1.x86_64    152/217 
  Installing       : xr-perf-meas-7.9.2v1.0.0-1.x86_64                  153/217 
  Installing       : xr-perf-meas-xrd-cp-c-01-7.9.2v1.0.0-1.x86_64      154/217 
  Running scriptlet: xr-perf-meas-xrd-cp-c-01-7.9.2v1.0.0-1.x86_64      154/217 
  Installing       : xr-ip-core-xrd-cp-c-01-7.9.2v1.0.0-1.x86_64        155/217 
  Running scriptlet: xr-ip-core-xrd-cp-c-01-7.9.2v1.0.0-1.x86_64        155/217 
  Installing       : xr-ip-apps-xrd-cp-c-01-7.9.2v1.0.0-1.x86_64        156/217 
  Running scriptlet: xr-ip-apps-xrd-cp-c-01-7.9.2v1.0.0-1.x86_64        156/217 
  Installing       : xr-linuxnetworking-xrd-cp-c-01-7.9.2v1.0.0-1.x86   157/217 
  Running scriptlet: xr-linuxnetworking-xrd-cp-c-01-7.9.2v1.0.0-1.x86   157/217 
  Installing       : xr-p4rt-7.9.2v1.0.0-1.x86_64                       158/217 
  Installing       : xr-p4rt-xrd-cp-c-01-7.9.2v1.0.0-1.x86_64           159/217 
  Running scriptlet: xr-p4rt-xrd-cp-c-01-7.9.2v1.0.0-1.x86_64           159/217 
  Installing       : xr-lpts-xrd-cp-c-01-7.9.2v1.0.0-1.x86_64           160/217 
  Running scriptlet: xr-lpts-xrd-cp-c-01-7.9.2v1.0.0-1.x86_64           160/217 
  Installing       : xr-pkt-trace-xrd-cp-c-01-7.9.2v1.0.0-1.x86_64      161/217 
  Running scriptlet: xr-pkt-trace-xrd-cp-c-01-7.9.2v1.0.0-1.x86_64      161/217 
  Installing       : xr-pm-alarm-7.9.2v1.0.0-1.x86_64                   162/217 
  Installing       : xr-pm-alarm-xrd-cp-c-01-7.9.2v1.0.0-1.x86_64       163/217 
  Running scriptlet: xr-pm-alarm-xrd-cp-c-01-7.9.2v1.0.0-1.x86_64       163/217 
  Installing       : xr-servicelayer-7.9.2v1.0.0-1.x86_64               164/217 
  Installing       : xr-servicelayer-xrd-cp-c-01-7.9.2v1.0.0-1.x86_64   165/217 
  Running scriptlet: xr-servicelayer-xrd-cp-c-01-7.9.2v1.0.0-1.x86_64   165/217 
  Installing       : xr-pfi-xrd-cp-c-01-7.9.2v1.0.0-1.x86_64            166/217 
  Running scriptlet: xr-pfi-xrd-cp-c-01-7.9.2v1.0.0-1.x86_64            166/217 
  Installing       : xr-pird-xrd-cp-c-01-7.9.2v1.0.0-1.x86_64           167/217 
  Running scriptlet: xr-pird-xrd-cp-c-01-7.9.2v1.0.0-1.x86_64           167/217 
  Installing       : xr-spp-xrd-cp-c-01-7.9.2v1.0.0-1.x86_64            168/217 
  Running scriptlet: xr-spp-xrd-cp-c-01-7.9.2v1.0.0-1.x86_64            168/217 
  Installing       : xr-procmgr-xrd-cp-c-01-7.9.2v1.0.0-1.x86_64        169/217 
  Running scriptlet: xr-procmgr-xrd-cp-c-01-7.9.2v1.0.0-1.x86_64        169/217 
  Installing       : xr-python-xrd-cp-c-01-7.9.2v1.0.0-1.x86_64         170/217 
  Running scriptlet: xr-python-xrd-cp-c-01-7.9.2v1.0.0-1.x86_64         170/217 
  Installing       : xr-stats-xrd-cp-c-01-7.9.2v1.0.0-1.x86_64          171/217 
  Running scriptlet: xr-stats-xrd-cp-c-01-7.9.2v1.0.0-1.x86_64          171/217 
  Installing       : xr-core-xrd-cp-c-01-7.9.2v1.0.0-1.x86_64           172/217 
  Running scriptlet: xr-core-xrd-cp-c-01-7.9.2v1.0.0-1.x86_64           172/217 
  Installing       : xr-qos-xrd-cp-c-01-7.9.2v1.0.0-1.x86_64            173/217 
  Running scriptlet: xr-qos-xrd-cp-c-01-7.9.2v1.0.0-1.x86_64            173/217 
  Installing       : xr-rsvp-te-7.9.2v1.0.0-1.x86_64                    174/217 
  Installing       : xr-rsvp-te-xrd-cp-c-01-7.9.2v1.0.0-1.x86_64        175/217 
  Running scriptlet: xr-rsvp-te-xrd-cp-c-01-7.9.2v1.0.0-1.x86_64        175/217 
  Installing       : xr-snmp-xrd-cp-c-01-7.9.2v1.0.0-1.x86_64           176/217 
  Running scriptlet: xr-snmp-xrd-cp-c-01-7.9.2v1.0.0-1.x86_64           176/217 
  Installing       : xr-tftp-7.9.2v1.0.0-1.x86_64                       177/217 
  Installing       : xr-tftp-xrd-cp-c-01-7.9.2v1.0.0-1.x86_64           178/217 
  Running scriptlet: xr-tftp-xrd-cp-c-01-7.9.2v1.0.0-1.x86_64           178/217 
  Installing       : xr-timing-7.9.2v1.0.0-1.x86_64                     179/217 
  Installing       : xr-timing-xrd-cp-c-01-7.9.2v1.0.0-1.x86_64         180/217 
  Running scriptlet: xr-timing-xrd-cp-c-01-7.9.2v1.0.0-1.x86_64         180/217 
  Installing       : xr-transports-xrd-cp-c-01-7.9.2v1.0.0-1.x86_64     181/217 
  Running scriptlet: xr-transports-xrd-cp-c-01-7.9.2v1.0.0-1.x86_64     181/217 
  Installing       : xr-vether-7.9.2v1.0.0-1.x86_64                     182/217 
  Installing       : xr-vether-xrd-cp-c-01-7.9.2v1.0.0-1.x86_64         183/217 
  Running scriptlet: xr-vether-xrd-cp-c-01-7.9.2v1.0.0-1.x86_64         183/217 
  Installing       : xr-xrd-control-plane-pd-xrd-cp-c-01-7.9.2v1.0.0-   184/217 
  Running scriptlet: xr-xrd-control-plane-pd-xrd-cp-c-01-7.9.2v1.0.0-   184/217 
Failed to connect to bus: No such file or directory
Install scriptlet error: systemctl daemon-reload returned an error.
Failed to connect to bus: No such file or directory
Install scriptlet error: systemctl restart xrd-corewatcher.service returned an error.
  Installing       : xr-sysdb-xrd-cp-c-01-7.9.2v1.0.0-1.x86_64          185/217 
  Running scriptlet: xr-sysdb-xrd-cp-c-01-7.9.2v1.0.0-1.x86_64          185/217 
  Installing       : xr-stubs-xrd-cp-c-01-7.9.2v1.0.0-1.x86_64          186/217 
  Running scriptlet: xr-stubs-xrd-cp-c-01-7.9.2v1.0.0-1.x86_64          186/217 
  Installing       : xr-l2vpn-xrd-cp-c-01-7.9.2v1.0.0-1.x86_64          187/217 
  Running scriptlet: xr-l2vpn-xrd-cp-c-01-7.9.2v1.0.0-1.x86_64          187/217 
  Installing       : xr-ldp-7.9.2v1.0.0-1.x86_64                        188/217 
  Installing       : xr-ldp-xrd-cp-c-01-7.9.2v1.0.0-1.x86_64            189/217 
  Running scriptlet: xr-ldp-xrd-cp-c-01-7.9.2v1.0.0-1.x86_64            189/217 
  Installing       : xr-mcast-7.9.2v1.0.0-1.x86_64                      190/217 
  Installing       : xr-pird-mcast-7.9.2v1.0.0-1.x86_64                 191/217 
  Installing       : xr-pird-mcast-xrd-cp-c-01-7.9.2v1.0.0-1.x86_64     192/217 
  Running scriptlet: xr-pird-mcast-xrd-cp-c-01-7.9.2v1.0.0-1.x86_64     192/217 
  Installing       : xr-mcast-xrd-cp-c-01-7.9.2v1.0.0-1.x86_64          193/217 
  Running scriptlet: xr-mcast-xrd-cp-c-01-7.9.2v1.0.0-1.x86_64          193/217 
  Installing       : xr-ospf-7.9.2v1.0.0-1.x86_64                       194/217 
  Installing       : xr-ospf-xrd-cp-c-01-7.9.2v1.0.0-1.x86_64           195/217 
  Running scriptlet: xr-ospf-xrd-cp-c-01-7.9.2v1.0.0-1.x86_64           195/217 
  Installing       : xr-rip-7.9.2v1.0.0-1.x86_64                        196/217 
  Installing       : xr-rip-xrd-cp-c-01-7.9.2v1.0.0-1.x86_64            197/217 
  Running scriptlet: xr-rip-xrd-cp-c-01-7.9.2v1.0.0-1.x86_64            197/217 
  Installing       : xr-rpl-xrd-cp-c-01-7.9.2v1.0.0-1.x86_64            198/217 
  Running scriptlet: xr-rpl-xrd-cp-c-01-7.9.2v1.0.0-1.x86_64            198/217 
  Installing       : xr-tty-xrd-cp-c-01-7.9.2v1.0.0-1.x86_64            199/217 
  Running scriptlet: xr-tty-xrd-cp-c-01-7.9.2v1.0.0-1.x86_64            199/217 
  Installing       : xr-vpnmib-7.9.2v1.0.0-1.x86_64                     200/217 
  Installing       : xr-vpnmib-xrd-cp-c-01-7.9.2v1.0.0-1.x86_64         201/217 
  Running scriptlet: xr-vpnmib-xrd-cp-c-01-7.9.2v1.0.0-1.x86_64         201/217 
  Installing       : xr-syslog-xrd-cp-c-01-7.9.2v1.0.0-1.x86_64         202/217 
  Running scriptlet: xr-syslog-xrd-cp-c-01-7.9.2v1.0.0-1.x86_64         202/217 
  Installing       : xr-security-xrd-cp-c-01-7.9.2v1.0.0-1.x86_64       203/217 
  Running scriptlet: xr-security-xrd-cp-c-01-7.9.2v1.0.0-1.x86_64       203/217 
  Installing       : xr-xrlibcurl-xrd-cp-c-01-7.9.2v1.0.0-1.x86_64      204/217 
  Running scriptlet: xr-xrlibcurl-xrd-cp-c-01-7.9.2v1.0.0-1.x86_64      204/217 
  Installing       : xr-xrlibcurl-7.9.2v1.0.0-1.x86_64                  205/217 
  Installing       : xr-foundation-xrd-control-plane-7.9.2v1.0.0-1.x8   206/217 
  Running scriptlet: xr-foundation-xrd-control-plane-7.9.2v1.0.0-1.x8   206/217 
  Installing       : xr-xrd-card-support-7.9.2v1.0.0-1.x86_64           207/217 
  Installing       : xr-ztp-7.9.2v1.0.0-1.x86_64                        208/217 
  Installing       : xr-ztp-xrd-cp-c-01-7.9.2v1.0.0-1.x86_64            209/217 
  Running scriptlet: xr-ztp-xrd-cp-c-01-7.9.2v1.0.0-1.x86_64            209/217 
  Installing       : xr-utils-xrd-cp-c-01-7.9.2v1.0.0-1.x86_64          210/217 
  Running scriptlet: xr-utils-xrd-cp-c-01-7.9.2v1.0.0-1.x86_64          210/217 
  Installing       : xr-routing-xrd-cp-c-01-7.9.2v1.0.0-1.x86_64        211/217 
  Running scriptlet: xr-routing-xrd-cp-c-01-7.9.2v1.0.0-1.x86_64        211/217 
  Installing       : xr-sr-xrd-cp-c-01-7.9.2v1.0.0-1.x86_64             212/217 
  Running scriptlet: xr-sr-xrd-cp-c-01-7.9.2v1.0.0-1.x86_64             212/217 
  Installing       : xr-enhancedmanageability-xrd-cp-c-01-7.9.2v1.0.0   213/217 
  Running scriptlet: xr-enhancedmanageability-xrd-cp-c-01-7.9.2v1.0.0   213/217 
  Installing       : xr-telemetry-xrd-cp-c-01-7.9.2v1.0.0-1.x86_64      214/217 
  Running scriptlet: xr-telemetry-xrd-cp-c-01-7.9.2v1.0.0-1.x86_64      214/217 
  Installing       : xr-xmlinfra-xrd-cp-c-01-7.9.2v1.0.0-1.x86_64       215/217 
  Running scriptlet: xr-xmlinfra-xrd-cp-c-01-7.9.2v1.0.0-1.x86_64       215/217 
  Installing       : xr-aaa-xrd-cp-c-01-7.9.2v1.0.0-1.x86_64            216/217 
  Running scriptlet: xr-aaa-xrd-cp-c-01-7.9.2v1.0.0-1.x86_64            216/217 
  Installing       : xr-aaa-7.9.2v1.0.0-1.x86_64                        217/217 
  Running scriptlet: xr-linuxsecurity-xrd-cp-c-01-7.9.2v1.0.0-1.x86_6   217/217 
Created symlink /etc/systemd/system/ios-xr.target.requires/xr_setup_nonroot.service → /etc/systemd/system/xr_setup_nonroot.service.
Created symlink /etc/systemd/system/ios-xr.target.wants/factory_reset.service → /etc/systemd/system/factory_reset.service.
  Running scriptlet: xr-install-xrd-cp-c-01-7.9.2v1.0.0-1.x86_64        217/217 
Created symlink /etc/systemd/system/ios-xr.target.requires/xr-install.service → /etc/systemd/system/xr-install.service.
  Running scriptlet: xr-core-calv-xrd-cp-c-01-7.9.2v1.0.0-1.x86_64      217/217 
Created symlink /etc/systemd/system/ios-xr.target.requires/ds.service → /etc/systemd/system/ds.service.
  Running scriptlet: xr-core-xrd-cp-c-01-7.9.2v1.0.0-1.x86_64           217/217 
Created symlink /etc/systemd/system/sysinit.target.wants/var_log_copier.service → /etc/systemd/system/var_log_copier.service.
  Running scriptlet: xr-xrd-control-plane-pd-xrd-cp-c-01-7.9.2v1.0.0-   217/217 
Created symlink /etc/systemd/system/ios-xr.target.requires/xrd-startup.service → /etc/systemd/system/xrd-startup.service.
Created symlink /etc/systemd/system/ios-xr.target.requires/xrd-corewatcher.service → /etc/systemd/system/xrd-corewatcher.service.
  Running scriptlet: xr-utils-xrd-cp-c-01-7.9.2v1.0.0-1.x86_64          217/217 
  Verifying        : xr-aaa-7.9.2v1.0.0-1.x86_64                          1/217 
  Verifying        : xr-acl-7.9.2v1.0.0-1.x86_64                          2/217 
  Verifying        : xr-apphosting-7.9.2v1.0.0-1.x86_64                   3/217 
  Verifying        : xr-bcdl-7.9.2v1.0.0-1.x86_64                         4/217 
  Verifying        : xr-bfd-7.9.2v1.0.0-1.x86_64                          5/217 
  Verifying        : xr-bgp-7.9.2v1.0.0-1.x86_64                          6/217 
  Verifying        : xr-bgputil-7.9.2v1.0.0-1.x86_64                      7/217 
  Verifying        : xr-bng-stubs-7.9.2v1.0.0-1.x86_64                    8/217 
  Verifying        : xr-bundles-7.9.2v1.0.0-1.x86_64                      9/217 
  Verifying        : xr-cal-pi-7.9.2v1.0.0-1.x86_64                      10/217 
  Verifying        : xr-cdp-7.9.2v1.0.0-1.x86_64                         11/217 
  Verifying        : xr-cfgmgr-7.9.2v1.0.0-1.x86_64                      12/217 
  Verifying        : xr-cfm-7.9.2v1.0.0-1.x86_64                         13/217 
  Verifying        : xr-cofo-7.9.2v1.0.0-1.x86_64                        14/217 
  Verifying        : xr-core-7.9.2v1.0.0-1.x86_64                        15/217 
  Verifying        : xr-core-calv-7.9.2v1.0.0-1.x86_64                   16/217 
  Verifying        : xr-ctc-7.9.2v1.0.0-1.x86_64                         17/217 
  Verifying        : xr-debug-7.9.2v1.0.0-1.x86_64                       18/217 
  Verifying        : xr-dhcp-7.9.2v1.0.0-1.x86_64                        19/217 
  Verifying        : xr-diskboot-7.9.2v1.0.0-1.x86_64                    20/217 
  Verifying        : xr-drivers-7.9.2v1.0.0-1.x86_64                     21/217 
  Verifying        : xr-eem-7.9.2v1.0.0-1.x86_64                         22/217 
  Verifying        : xr-eigrp-7.9.2v1.0.0-1.x86_64                       23/217 
  Verifying        : xr-elmi-7.9.2v1.0.0-1.x86_64                        24/217 
  Verifying        : xr-ema-7.9.2v1.0.0-1.x86_64                         25/217 
  Verifying        : xr-enhancedmanageability-7.9.2v1.0.0-1.x86_64       26/217 
  Verifying        : xr-featurecapability-7.9.2v1.0.0-1.x86_64           27/217 
  Verifying        : xr-fib-7.9.2v1.0.0-1.x86_64                         28/217 
  Verifying        : xr-foundation-xrd-control-plane-7.9.2v1.0.0-1.x8    29/217 
  Verifying        : xr-fpd-7.9.2v1.0.0-1.x86_64                         30/217 
  Verifying        : xr-gil-7.9.2v1.0.0-1.x86_64                         31/217 
  Verifying        : xr-ha-infra-7.9.2v1.0.0-1.x86_64                    32/217 
  Verifying        : xr-host-core-7.9.2v1.0.0-1.x86_64                   33/217 
  Verifying        : xr-httpclient-7.9.2v1.0.0-1.x86_64                  34/217 
  Verifying        : xr-icpe-eth-7.9.2v1.0.0-1.x86_64                    35/217 
  Verifying        : xr-icpe-opt-7.9.2v1.0.0-1.x86_64                    36/217 
  Verifying        : xr-infra-sla-7.9.2v1.0.0-1.x86_64                   37/217 
  Verifying        : xr-install-7.9.2v1.0.0-1.x86_64                     38/217 
  Verifying        : xr-ip-apps-7.9.2v1.0.0-1.x86_64                     39/217 
  Verifying        : xr-ip-core-7.9.2v1.0.0-1.x86_64                     40/217 
  Verifying        : xr-ip-infra-vrf-7.9.2v1.0.0-1.x86_64                41/217 
  Verifying        : xr-ip-mibs-7.9.2v1.0.0-1.x86_64                     42/217 
  Verifying        : xr-ip-static-7.9.2v1.0.0-1.x86_64                   43/217 
  Verifying        : xr-ipc-7.9.2v1.0.0-1.x86_64                         44/217 
  Verifying        : xr-is-is-7.9.2v1.0.0-1.x86_64                       45/217 
  Verifying        : xr-l2snooptransport-7.9.2v1.0.0-1.x86_64            46/217 
  Verifying        : xr-l2vpn-7.9.2v1.0.0-1.x86_64                       47/217 
  Verifying        : xr-ldp-7.9.2v1.0.0-1.x86_64                         48/217 
  Verifying        : xr-licensing-7.9.2v1.0.0-1.x86_64                   49/217 
  Verifying        : xr-link-oam-7.9.2v1.0.0-1.x86_64                    50/217 
  Verifying        : xr-linuxnetworking-7.9.2v1.0.0-1.x86_64             51/217 
  Verifying        : xr-linuxsecurity-7.9.2v1.0.0-1.x86_64               52/217 
  Verifying        : xr-lldp-7.9.2v1.0.0-1.x86_64                        53/217 
  Verifying        : xr-lpts-7.9.2v1.0.0-1.x86_64                        54/217 
  Verifying        : xr-manageabilityxml-7.9.2v1.0.0-1.x86_64            55/217 
  Verifying        : xr-mandatory-7.9.2v1.0.0-1.x86_64                   56/217 
  Verifying        : xr-mcast-7.9.2v1.0.0-1.x86_64                       57/217 
  Verifying        : xr-mda-7.9.2v1.0.0-1.x86_64                         58/217 
  Verifying        : xr-mpls-7.9.2v1.0.0-1.x86_64                        59/217 
  Verifying        : xr-mpls-oam-7.9.2v1.0.0-1.x86_64                    60/217 
  Verifying        : xr-mpls-oam-client-7.9.2v1.0.0-1.x86_64             61/217 
  Verifying        : xr-mpls-static-7.9.2v1.0.0-1.x86_64                 62/217 
  Verifying        : xr-ntp-api-only-7.9.2v1.0.0-1.x86_64                63/217 
  Verifying        : xr-orrspf-7.9.2v1.0.0-1.x86_64                      64/217 
  Verifying        : xr-os-wr9-core-7.9.2v1.0.0-1.x86_64                 65/217 
  Verifying        : xr-ospf-7.9.2v1.0.0-1.x86_64                        66/217 
  Verifying        : xr-p4rt-7.9.2v1.0.0-1.x86_64                        67/217 
  Verifying        : xr-perf-meas-7.9.2v1.0.0-1.x86_64                   68/217 
  Verifying        : xr-pfi-7.9.2v1.0.0-1.x86_64                         69/217 
  Verifying        : xr-pird-7.9.2v1.0.0-1.x86_64                        70/217 
  Verifying        : xr-pird-mcast-7.9.2v1.0.0-1.x86_64                  71/217 
  Verifying        : xr-pird-policymgr-7.9.2v1.0.0-1.x86_64              72/217 
  Verifying        : xr-pkt-trace-7.9.2v1.0.0-1.x86_64                   73/217 
  Verifying        : xr-pm-alarm-7.9.2v1.0.0-1.x86_64                    74/217 
  Verifying        : xr-procmgr-7.9.2v1.0.0-1.x86_64                     75/217 
  Verifying        : xr-python-7.9.2v1.0.0-1.x86_64                      76/217 
  Verifying        : xr-qos-7.9.2v1.0.0-1.x86_64                         77/217 
  Verifying        : xr-rip-7.9.2v1.0.0-1.x86_64                         78/217 
  Verifying        : xr-routing-7.9.2v1.0.0-1.x86_64                     79/217 
  Verifying        : xr-rpl-7.9.2v1.0.0-1.x86_64                         80/217 
  Verifying        : xr-rsvp-te-7.9.2v1.0.0-1.x86_64                     81/217 
  Verifying        : xr-security-7.9.2v1.0.0-1.x86_64                    82/217 
  Verifying        : xr-security-tams-7.9.2v1.0.0-1.x86_64               83/217 
  Verifying        : xr-servicelayer-7.9.2v1.0.0-1.x86_64                84/217 
  Verifying        : xr-snmp-7.9.2v1.0.0-1.x86_64                        85/217 
  Verifying        : xr-span-7.9.2v1.0.0-1.x86_64                        86/217 
  Verifying        : xr-spi-core-7.9.2v1.0.0-1.x86_64                    87/217 
  Verifying        : xr-spi-hw-api-only-7.9.2v1.0.0-1.x86_64             88/217 
  Verifying        : xr-spp-7.9.2v1.0.0-1.x86_64                         89/217 
  Verifying        : xr-sr-7.9.2v1.0.0-1.x86_64                          90/217 
  Verifying        : xr-stats-7.9.2v1.0.0-1.x86_64                       91/217 
  Verifying        : xr-stubs-7.9.2v1.0.0-1.x86_64                       92/217 
  Verifying        : xr-sysdb-7.9.2v1.0.0-1.x86_64                       93/217 
  Verifying        : xr-syslog-7.9.2v1.0.0-1.x86_64                      94/217 
  Verifying        : xr-telemetry-7.9.2v1.0.0-1.x86_64                   95/217 
  Verifying        : xr-tftp-7.9.2v1.0.0-1.x86_64                        96/217 
  Verifying        : xr-timing-7.9.2v1.0.0-1.x86_64                      97/217 
  Verifying        : xr-tmpdir-cleanup-7.9.2v1.0.0-1.x86_64              98/217 
  Verifying        : xr-transports-7.9.2v1.0.0-1.x86_64                  99/217 
  Verifying        : xr-tty-7.9.2v1.0.0-1.x86_64                        100/217 
  Verifying        : xr-tunnel-ip-7.9.2v1.0.0-1.x86_64                  101/217 
  Verifying        : xr-upgradematrix-7.9.2v1.0.0-1.x86_64              102/217 
  Verifying        : xr-utils-7.9.2v1.0.0-1.x86_64                      103/217 
  Verifying        : xr-vether-7.9.2v1.0.0-1.x86_64                     104/217 
  Verifying        : xr-vpnmib-7.9.2v1.0.0-1.x86_64                     105/217 
  Verifying        : xr-xmlinfra-7.9.2v1.0.0-1.x86_64                   106/217 
  Verifying        : xr-xrd-card-support-7.9.2v1.0.0-1.x86_64           107/217 
  Verifying        : xr-xrd-control-plane-pd-7.9.2v1.0.0-1.x86_64       108/217 
  Verifying        : xr-xrd-os-wr9-7.9.2v1.0.0-1.x86_64                 109/217 
  Verifying        : xr-xrlibcurl-7.9.2v1.0.0-1.x86_64                  110/217 
  Verifying        : xr-ztp-7.9.2v1.0.0-1.x86_64                        111/217 
  Verifying        : xr-aaa-xrd-cp-c-01-7.9.2v1.0.0-1.x86_64            112/217 
  Verifying        : xr-acl-xrd-cp-c-01-7.9.2v1.0.0-1.x86_64            113/217 
  Verifying        : xr-apphosting-xrd-cp-c-01-7.9.2v1.0.0-1.x86_64     114/217 
  Verifying        : xr-bcdl-xrd-cp-c-01-7.9.2v1.0.0-1.x86_64           115/217 
  Verifying        : xr-bfd-xrd-cp-c-01-7.9.2v1.0.0-1.x86_64            116/217 
  Verifying        : xr-bgp-xrd-cp-c-01-7.9.2v1.0.0-1.x86_64            117/217 
  Verifying        : xr-bgputil-xrd-cp-c-01-7.9.2v1.0.0-1.x86_64        118/217 
  Verifying        : xr-bng-stubs-xrd-cp-c-01-7.9.2v1.0.0-1.x86_64      119/217 
  Verifying        : xr-bundles-xrd-cp-c-01-7.9.2v1.0.0-1.x86_64        120/217 
  Verifying        : xr-cal-pi-xrd-cp-c-01-7.9.2v1.0.0-1.x86_64         121/217 
  Verifying        : xr-cdp-xrd-cp-c-01-7.9.2v1.0.0-1.x86_64            122/217 
  Verifying        : xr-cfgmgr-xrd-cp-c-01-7.9.2v1.0.0-1.x86_64         123/217 
  Verifying        : xr-cfm-xrd-cp-c-01-7.9.2v1.0.0-1.x86_64            124/217 
  Verifying        : xr-cofo-xrd-cp-c-01-7.9.2v1.0.0-1.x86_64           125/217 
  Verifying        : xr-core-xrd-cp-c-01-7.9.2v1.0.0-1.x86_64           126/217 
  Verifying        : xr-core-calv-xrd-cp-c-01-7.9.2v1.0.0-1.x86_64      127/217 
  Verifying        : xr-ctc-xrd-cp-c-01-7.9.2v1.0.0-1.x86_64            128/217 
  Verifying        : xr-debug-xrd-cp-c-01-7.9.2v1.0.0-1.x86_64          129/217 
  Verifying        : xr-dhcp-xrd-cp-c-01-7.9.2v1.0.0-1.x86_64           130/217 
  Verifying        : xr-diskboot-xrd-cp-c-01-7.9.2v1.0.0-1.x86_64       131/217 
  Verifying        : xr-drivers-xrd-cp-c-01-7.9.2v1.0.0-1.x86_64        132/217 
  Verifying        : xr-eem-xrd-cp-c-01-7.9.2v1.0.0-1.x86_64            133/217 
  Verifying        : xr-eigrp-xrd-cp-c-01-7.9.2v1.0.0-1.x86_64          134/217 
  Verifying        : xr-elmi-xrd-cp-c-01-7.9.2v1.0.0-1.x86_64           135/217 
  Verifying        : xr-ema-xrd-cp-c-01-7.9.2v1.0.0-1.x86_64            136/217 
  Verifying        : xr-enhancedmanageability-xrd-cp-c-01-7.9.2v1.0.0   137/217 
  Verifying        : xr-featurecapability-xrd-cp-c-01-7.9.2v1.0.0-1.x   138/217 
  Verifying        : xr-fib-xrd-cp-c-01-7.9.2v1.0.0-1.x86_64            139/217 
  Verifying        : xr-fpd-xrd-cp-c-01-7.9.2v1.0.0-1.x86_64            140/217 
  Verifying        : xr-gil-xrd-cp-c-01-7.9.2v1.0.0-1.x86_64            141/217 
  Verifying        : xr-ha-infra-xrd-cp-c-01-7.9.2v1.0.0-1.x86_64       142/217 
  Verifying        : xr-host-core-xrd-cp-c-01-7.9.2v1.0.0-1.x86_64      143/217 
  Verifying        : xr-httpclient-xrd-cp-c-01-7.9.2v1.0.0-1.x86_64     144/217 
  Verifying        : xr-icpe-eth-xrd-cp-c-01-7.9.2v1.0.0-1.x86_64       145/217 
  Verifying        : xr-icpe-opt-xrd-cp-c-01-7.9.2v1.0.0-1.x86_64       146/217 
  Verifying        : xr-infra-sla-xrd-cp-c-01-7.9.2v1.0.0-1.x86_64      147/217 
  Verifying        : xr-install-xrd-cp-c-01-7.9.2v1.0.0-1.x86_64        148/217 
  Verifying        : xr-ip-apps-xrd-cp-c-01-7.9.2v1.0.0-1.x86_64        149/217 
  Verifying        : xr-ip-core-xrd-cp-c-01-7.9.2v1.0.0-1.x86_64        150/217 
  Verifying        : xr-ip-infra-vrf-xrd-cp-c-01-7.9.2v1.0.0-1.x86_64   151/217 
  Verifying        : xr-ip-mibs-xrd-cp-c-01-7.9.2v1.0.0-1.x86_64        152/217 
  Verifying        : xr-ip-static-xrd-cp-c-01-7.9.2v1.0.0-1.x86_64      153/217 
  Verifying        : xr-ipc-xrd-cp-c-01-7.9.2v1.0.0-1.x86_64            154/217 
  Verifying        : xr-is-is-xrd-cp-c-01-7.9.2v1.0.0-1.x86_64          155/217 
  Verifying        : xr-l2snooptransport-xrd-cp-c-01-7.9.2v1.0.0-1.x8   156/217 
  Verifying        : xr-l2vpn-xrd-cp-c-01-7.9.2v1.0.0-1.x86_64          157/217 
  Verifying        : xr-ldp-xrd-cp-c-01-7.9.2v1.0.0-1.x86_64            158/217 
  Verifying        : xr-licensing-xrd-cp-c-01-7.9.2v1.0.0-1.x86_64      159/217 
  Verifying        : xr-link-oam-xrd-cp-c-01-7.9.2v1.0.0-1.x86_64       160/217 
  Verifying        : xr-linuxnetworking-xrd-cp-c-01-7.9.2v1.0.0-1.x86   161/217 
  Verifying        : xr-linuxsecurity-xrd-cp-c-01-7.9.2v1.0.0-1.x86_6   162/217 
  Verifying        : xr-lldp-xrd-cp-c-01-7.9.2v1.0.0-1.x86_64           163/217 
  Verifying        : xr-lpts-xrd-cp-c-01-7.9.2v1.0.0-1.x86_64           164/217 
  Verifying        : xr-manageabilityxml-xrd-cp-c-01-7.9.2v1.0.0-1.x8   165/217 
  Verifying        : xr-mcast-xrd-cp-c-01-7.9.2v1.0.0-1.x86_64          166/217 
  Verifying        : xr-mda-xrd-cp-c-01-7.9.2v1.0.0-1.x86_64            167/217 
  Verifying        : xr-mpls-xrd-cp-c-01-7.9.2v1.0.0-1.x86_64           168/217 
  Verifying        : xr-mpls-oam-xrd-cp-c-01-7.9.2v1.0.0-1.x86_64       169/217 
  Verifying        : xr-mpls-oam-client-xrd-cp-c-01-7.9.2v1.0.0-1.x86   170/217 
  Verifying        : xr-mpls-static-xrd-cp-c-01-7.9.2v1.0.0-1.x86_64    171/217 
  Verifying        : xr-ntp-api-only-xrd-cp-c-01-7.9.2v1.0.0-1.x86_64   172/217 
  Verifying        : xr-orrspf-xrd-cp-c-01-7.9.2v1.0.0-1.x86_64         173/217 
  Verifying        : xr-ospf-xrd-cp-c-01-7.9.2v1.0.0-1.x86_64           174/217 
  Verifying        : xr-p4rt-xrd-cp-c-01-7.9.2v1.0.0-1.x86_64           175/217 
  Verifying        : xr-perf-meas-xrd-cp-c-01-7.9.2v1.0.0-1.x86_64      176/217 
  Verifying        : xr-pfi-xrd-cp-c-01-7.9.2v1.0.0-1.x86_64            177/217 
  Verifying        : xr-pird-xrd-cp-c-01-7.9.2v1.0.0-1.x86_64           178/217 
  Verifying        : xr-pird-mcast-xrd-cp-c-01-7.9.2v1.0.0-1.x86_64     179/217 
  Verifying        : xr-pird-policymgr-xrd-cp-c-01-7.9.2v1.0.0-1.x86_   180/217 
  Verifying        : xr-pkt-trace-xrd-cp-c-01-7.9.2v1.0.0-1.x86_64      181/217 
  Verifying        : xr-pm-alarm-xrd-cp-c-01-7.9.2v1.0.0-1.x86_64       182/217 
  Verifying        : xr-procmgr-xrd-cp-c-01-7.9.2v1.0.0-1.x86_64        183/217 
  Verifying        : xr-python-xrd-cp-c-01-7.9.2v1.0.0-1.x86_64         184/217 
  Verifying        : xr-qos-xrd-cp-c-01-7.9.2v1.0.0-1.x86_64            185/217 
  Verifying        : xr-rip-xrd-cp-c-01-7.9.2v1.0.0-1.x86_64            186/217 
  Verifying        : xr-routing-xrd-cp-c-01-7.9.2v1.0.0-1.x86_64        187/217 
  Verifying        : xr-rpl-xrd-cp-c-01-7.9.2v1.0.0-1.x86_64            188/217 
  Verifying        : xr-rsvp-te-xrd-cp-c-01-7.9.2v1.0.0-1.x86_64        189/217 
  Verifying        : xr-security-xrd-cp-c-01-7.9.2v1.0.0-1.x86_64       190/217 
  Verifying        : xr-security-tams-xrd-cp-c-01-7.9.2v1.0.0-1.x86_6   191/217 
  Verifying        : xr-servicelayer-xrd-cp-c-01-7.9.2v1.0.0-1.x86_64   192/217 
  Verifying        : xr-snmp-xrd-cp-c-01-7.9.2v1.0.0-1.x86_64           193/217 
  Verifying        : xr-span-xrd-cp-c-01-7.9.2v1.0.0-1.x86_64           194/217 
  Verifying        : xr-spi-core-xrd-cp-c-01-7.9.2v1.0.0-1.x86_64       195/217 
  Verifying        : xr-spi-hw-api-only-xrd-cp-c-01-7.9.2v1.0.0-1.x86   196/217 
  Verifying        : xr-spp-xrd-cp-c-01-7.9.2v1.0.0-1.x86_64            197/217 
  Verifying        : xr-sr-xrd-cp-c-01-7.9.2v1.0.0-1.x86_64             198/217 
  Verifying        : xr-stats-xrd-cp-c-01-7.9.2v1.0.0-1.x86_64          199/217 
  Verifying        : xr-stubs-xrd-cp-c-01-7.9.2v1.0.0-1.x86_64          200/217 
  Verifying        : xr-sysdb-xrd-cp-c-01-7.9.2v1.0.0-1.x86_64          201/217 
  Verifying        : xr-syslog-xrd-cp-c-01-7.9.2v1.0.0-1.x86_64         202/217 
  Verifying        : xr-telemetry-xrd-cp-c-01-7.9.2v1.0.0-1.x86_64      203/217 
  Verifying        : xr-tftp-xrd-cp-c-01-7.9.2v1.0.0-1.x86_64           204/217 
  Verifying        : xr-timing-xrd-cp-c-01-7.9.2v1.0.0-1.x86_64         205/217 
  Verifying        : xr-tmpdir-cleanup-xrd-cp-c-01-7.9.2v1.0.0-1.x86_   206/217 
  Verifying        : xr-transports-xrd-cp-c-01-7.9.2v1.0.0-1.x86_64     207/217 
  Verifying        : xr-tty-xrd-cp-c-01-7.9.2v1.0.0-1.x86_64            208/217 
  Verifying        : xr-tunnel-ip-xrd-cp-c-01-7.9.2v1.0.0-1.x86_64      209/217 
  Verifying        : xr-upgradematrix-xrd-cp-c-01-7.9.2v1.0.0-1.x86_6   210/217 
  Verifying        : xr-utils-xrd-cp-c-01-7.9.2v1.0.0-1.x86_64          211/217 
  Verifying        : xr-vether-xrd-cp-c-01-7.9.2v1.0.0-1.x86_64         212/217 
  Verifying        : xr-vpnmib-xrd-cp-c-01-7.9.2v1.0.0-1.x86_64         213/217 
  Verifying        : xr-xmlinfra-xrd-cp-c-01-7.9.2v1.0.0-1.x86_64       214/217 
  Verifying        : xr-xrd-control-plane-pd-xrd-cp-c-01-7.9.2v1.0.0-   215/217 
  Verifying        : xr-xrlibcurl-xrd-cp-c-01-7.9.2v1.0.0-1.x86_64      216/217 
  Verifying        : xr-ztp-xrd-cp-c-01-7.9.2v1.0.0-1.x86_64            217/217 

Installed:
  xr-aaa.x86_64 7.9.2v1.0.0-1                                                   
  xr-acl.x86_64 7.9.2v1.0.0-1                                                   
  xr-apphosting.x86_64 7.9.2v1.0.0-1                                            
  xr-bcdl.x86_64 7.9.2v1.0.0-1                                                  
  xr-bfd.x86_64 7.9.2v1.0.0-1                                                   
  xr-bgp.x86_64 7.9.2v1.0.0-1                                                   
  xr-bgputil.x86_64 7.9.2v1.0.0-1                                               
  xr-bng-stubs.x86_64 7.9.2v1.0.0-1                                             
  xr-bundles.x86_64 7.9.2v1.0.0-1                                               
  xr-cal-pi.x86_64 7.9.2v1.0.0-1                                                
  xr-cdp.x86_64 7.9.2v1.0.0-1                                                   
  xr-cfgmgr.x86_64 7.9.2v1.0.0-1                                                
  xr-cfm.x86_64 7.9.2v1.0.0-1                                                   
  xr-cofo.x86_64 7.9.2v1.0.0-1                                                  
  xr-core.x86_64 7.9.2v1.0.0-1                                                  
  xr-core-calv.x86_64 7.9.2v1.0.0-1                                             
  xr-ctc.x86_64 7.9.2v1.0.0-1                                                   
  xr-debug.x86_64 7.9.2v1.0.0-1                                                 
  xr-dhcp.x86_64 7.9.2v1.0.0-1                                                  
  xr-diskboot.x86_64 7.9.2v1.0.0-1                                              
  xr-drivers.x86_64 7.9.2v1.0.0-1                                               
  xr-eem.x86_64 7.9.2v1.0.0-1                                                   
  xr-eigrp.x86_64 7.9.2v1.0.0-1                                                 
  xr-elmi.x86_64 7.9.2v1.0.0-1                                                  
  xr-ema.x86_64 7.9.2v1.0.0-1                                                   
  xr-enhancedmanageability.x86_64 7.9.2v1.0.0-1                                 
  xr-featurecapability.x86_64 7.9.2v1.0.0-1                                     
  xr-fib.x86_64 7.9.2v1.0.0-1                                                   
  xr-foundation-xrd-control-plane.x86_64 7.9.2v1.0.0-1                          
  xr-fpd.x86_64 7.9.2v1.0.0-1                                                   
  xr-gil.x86_64 7.9.2v1.0.0-1                                                   
  xr-ha-infra.x86_64 7.9.2v1.0.0-1                                              
  xr-host-core.x86_64 7.9.2v1.0.0-1                                             
  xr-httpclient.x86_64 7.9.2v1.0.0-1                                            
  xr-icpe-eth.x86_64 7.9.2v1.0.0-1                                              
  xr-icpe-opt.x86_64 7.9.2v1.0.0-1                                              
  xr-infra-sla.x86_64 7.9.2v1.0.0-1                                             
  xr-install.x86_64 7.9.2v1.0.0-1                                               
  xr-ip-apps.x86_64 7.9.2v1.0.0-1                                               
  xr-ip-core.x86_64 7.9.2v1.0.0-1                                               
  xr-ip-infra-vrf.x86_64 7.9.2v1.0.0-1                                          
  xr-ip-mibs.x86_64 7.9.2v1.0.0-1                                               
  xr-ip-static.x86_64 7.9.2v1.0.0-1                                             
  xr-ipc.x86_64 7.9.2v1.0.0-1                                                   
  xr-is-is.x86_64 7.9.2v1.0.0-1                                                 
  xr-l2snooptransport.x86_64 7.9.2v1.0.0-1                                      
  xr-l2vpn.x86_64 7.9.2v1.0.0-1                                                 
  xr-ldp.x86_64 7.9.2v1.0.0-1                                                   
  xr-licensing.x86_64 7.9.2v1.0.0-1                                             
  xr-link-oam.x86_64 7.9.2v1.0.0-1                                              
  xr-linuxnetworking.x86_64 7.9.2v1.0.0-1                                       
  xr-linuxsecurity.x86_64 7.9.2v1.0.0-1                                         
  xr-lldp.x86_64 7.9.2v1.0.0-1                                                  
  xr-lpts.x86_64 7.9.2v1.0.0-1                                                  
  xr-manageabilityxml.x86_64 7.9.2v1.0.0-1                                      
  xr-mandatory.x86_64 7.9.2v1.0.0-1                                             
  xr-mcast.x86_64 7.9.2v1.0.0-1                                                 
  xr-mda.x86_64 7.9.2v1.0.0-1                                                   
  xr-mpls.x86_64 7.9.2v1.0.0-1                                                  
  xr-mpls-oam.x86_64 7.9.2v1.0.0-1                                              
  xr-mpls-oam-client.x86_64 7.9.2v1.0.0-1                                       
  xr-mpls-static.x86_64 7.9.2v1.0.0-1                                           
  xr-ntp-api-only.x86_64 7.9.2v1.0.0-1                                          
  xr-orrspf.x86_64 7.9.2v1.0.0-1                                                
  xr-os-wr9-core.x86_64 7.9.2v1.0.0-1                                           
  xr-ospf.x86_64 7.9.2v1.0.0-1                                                  
  xr-p4rt.x86_64 7.9.2v1.0.0-1                                                  
  xr-perf-meas.x86_64 7.9.2v1.0.0-1                                             
  xr-pfi.x86_64 7.9.2v1.0.0-1                                                   
  xr-pird.x86_64 7.9.2v1.0.0-1                                                  
  xr-pird-mcast.x86_64 7.9.2v1.0.0-1                                            
  xr-pird-policymgr.x86_64 7.9.2v1.0.0-1                                        
  xr-pkt-trace.x86_64 7.9.2v1.0.0-1                                             
  xr-pm-alarm.x86_64 7.9.2v1.0.0-1                                              
  xr-procmgr.x86_64 7.9.2v1.0.0-1                                               
  xr-python.x86_64 7.9.2v1.0.0-1                                                
  xr-qos.x86_64 7.9.2v1.0.0-1                                                   
  xr-rip.x86_64 7.9.2v1.0.0-1                                                   
  xr-routing.x86_64 7.9.2v1.0.0-1                                               
  xr-rpl.x86_64 7.9.2v1.0.0-1                                                   
  xr-rsvp-te.x86_64 7.9.2v1.0.0-1                                               
  xr-security.x86_64 7.9.2v1.0.0-1                                              
  xr-security-tams.x86_64 7.9.2v1.0.0-1                                         
  xr-servicelayer.x86_64 7.9.2v1.0.0-1                                          
  xr-snmp.x86_64 7.9.2v1.0.0-1                                                  
  xr-span.x86_64 7.9.2v1.0.0-1                                                  
  xr-spi-core.x86_64 7.9.2v1.0.0-1                                              
  xr-spi-hw-api-only.x86_64 7.9.2v1.0.0-1                                       
  xr-spp.x86_64 7.9.2v1.0.0-1                                                   
  xr-sr.x86_64 7.9.2v1.0.0-1                                                    
  xr-stats.x86_64 7.9.2v1.0.0-1                                                 
  xr-stubs.x86_64 7.9.2v1.0.0-1                                                 
  xr-sysdb.x86_64 7.9.2v1.0.0-1                                                 
  xr-syslog.x86_64 7.9.2v1.0.0-1                                                
  xr-telemetry.x86_64 7.9.2v1.0.0-1                                             
  xr-tftp.x86_64 7.9.2v1.0.0-1                                                  
  xr-timing.x86_64 7.9.2v1.0.0-1                                                
  xr-tmpdir-cleanup.x86_64 7.9.2v1.0.0-1                                        
  xr-transports.x86_64 7.9.2v1.0.0-1                                            
  xr-tty.x86_64 7.9.2v1.0.0-1                                                   
  xr-tunnel-ip.x86_64 7.9.2v1.0.0-1                                             
  xr-upgradematrix.x86_64 7.9.2v1.0.0-1                                         
  xr-utils.x86_64 7.9.2v1.0.0-1                                                 
  xr-vether.x86_64 7.9.2v1.0.0-1                                                
  xr-vpnmib.x86_64 7.9.2v1.0.0-1                                                
  xr-xmlinfra.x86_64 7.9.2v1.0.0-1                                              
  xr-xrd-card-support.x86_64 7.9.2v1.0.0-1                                      
  xr-xrd-control-plane-pd.x86_64 7.9.2v1.0.0-1                                  
  xr-xrd-os-wr9.x86_64 7.9.2v1.0.0-1                                            
  xr-xrlibcurl.x86_64 7.9.2v1.0.0-1                                             
  xr-ztp.x86_64 7.9.2v1.0.0-1                                                   
  xr-aaa-xrd-cp-c-01.x86_64 7.9.2v1.0.0-1                                       
  xr-acl-xrd-cp-c-01.x86_64 7.9.2v1.0.0-1                                       
  xr-apphosting-xrd-cp-c-01.x86_64 7.9.2v1.0.0-1                                
  xr-bcdl-xrd-cp-c-01.x86_64 7.9.2v1.0.0-1                                      
  xr-bfd-xrd-cp-c-01.x86_64 7.9.2v1.0.0-1                                       
  xr-bgp-xrd-cp-c-01.x86_64 7.9.2v1.0.0-1                                       
  xr-bgputil-xrd-cp-c-01.x86_64 7.9.2v1.0.0-1                                   
  xr-bng-stubs-xrd-cp-c-01.x86_64 7.9.2v1.0.0-1                                 
  xr-bundles-xrd-cp-c-01.x86_64 7.9.2v1.0.0-1                                   
  xr-cal-pi-xrd-cp-c-01.x86_64 7.9.2v1.0.0-1                                    
  xr-cdp-xrd-cp-c-01.x86_64 7.9.2v1.0.0-1                                       
  xr-cfgmgr-xrd-cp-c-01.x86_64 7.9.2v1.0.0-1                                    
  xr-cfm-xrd-cp-c-01.x86_64 7.9.2v1.0.0-1                                       
  xr-cofo-xrd-cp-c-01.x86_64 7.9.2v1.0.0-1                                      
  xr-core-calv-xrd-cp-c-01.x86_64 7.9.2v1.0.0-1                                 
  xr-core-xrd-cp-c-01.x86_64 7.9.2v1.0.0-1                                      
  xr-ctc-xrd-cp-c-01.x86_64 7.9.2v1.0.0-1                                       
  xr-debug-xrd-cp-c-01.x86_64 7.9.2v1.0.0-1                                     
  xr-dhcp-xrd-cp-c-01.x86_64 7.9.2v1.0.0-1                                      
  xr-diskboot-xrd-cp-c-01.x86_64 7.9.2v1.0.0-1                                  
  xr-drivers-xrd-cp-c-01.x86_64 7.9.2v1.0.0-1                                   
  xr-eem-xrd-cp-c-01.x86_64 7.9.2v1.0.0-1                                       
  xr-eigrp-xrd-cp-c-01.x86_64 7.9.2v1.0.0-1                                     
  xr-elmi-xrd-cp-c-01.x86_64 7.9.2v1.0.0-1                                      
  xr-ema-xrd-cp-c-01.x86_64 7.9.2v1.0.0-1                                       
  xr-enhancedmanageability-xrd-cp-c-01.x86_64 7.9.2v1.0.0-1                     
  xr-featurecapability-xrd-cp-c-01.x86_64 7.9.2v1.0.0-1                         
  xr-fib-xrd-cp-c-01.x86_64 7.9.2v1.0.0-1                                       
  xr-fpd-xrd-cp-c-01.x86_64 7.9.2v1.0.0-1                                       
  xr-gil-xrd-cp-c-01.x86_64 7.9.2v1.0.0-1                                       
  xr-ha-infra-xrd-cp-c-01.x86_64 7.9.2v1.0.0-1                                  
  xr-host-core-xrd-cp-c-01.x86_64 7.9.2v1.0.0-1                                 
  xr-httpclient-xrd-cp-c-01.x86_64 7.9.2v1.0.0-1                                
  xr-icpe-eth-xrd-cp-c-01.x86_64 7.9.2v1.0.0-1                                  
  xr-icpe-opt-xrd-cp-c-01.x86_64 7.9.2v1.0.0-1                                  
  xr-infra-sla-xrd-cp-c-01.x86_64 7.9.2v1.0.0-1                                 
  xr-install-xrd-cp-c-01.x86_64 7.9.2v1.0.0-1                                   
  xr-ip-apps-xrd-cp-c-01.x86_64 7.9.2v1.0.0-1                                   
  xr-ip-core-xrd-cp-c-01.x86_64 7.9.2v1.0.0-1                                   
  xr-ip-infra-vrf-xrd-cp-c-01.x86_64 7.9.2v1.0.0-1                              
  xr-ip-mibs-xrd-cp-c-01.x86_64 7.9.2v1.0.0-1                                   
  xr-ip-static-xrd-cp-c-01.x86_64 7.9.2v1.0.0-1                                 
  xr-ipc-xrd-cp-c-01.x86_64 7.9.2v1.0.0-1                                       
  xr-is-is-xrd-cp-c-01.x86_64 7.9.2v1.0.0-1                                     
  xr-l2snooptransport-xrd-cp-c-01.x86_64 7.9.2v1.0.0-1                          
  xr-l2vpn-xrd-cp-c-01.x86_64 7.9.2v1.0.0-1                                     
  xr-ldp-xrd-cp-c-01.x86_64 7.9.2v1.0.0-1                                       
  xr-licensing-xrd-cp-c-01.x86_64 7.9.2v1.0.0-1                                 
  xr-link-oam-xrd-cp-c-01.x86_64 7.9.2v1.0.0-1                                  
  xr-linuxnetworking-xrd-cp-c-01.x86_64 7.9.2v1.0.0-1                           
  xr-linuxsecurity-xrd-cp-c-01.x86_64 7.9.2v1.0.0-1                             
  xr-lldp-xrd-cp-c-01.x86_64 7.9.2v1.0.0-1                                      
  xr-lpts-xrd-cp-c-01.x86_64 7.9.2v1.0.0-1                                      
  xr-manageabilityxml-xrd-cp-c-01.x86_64 7.9.2v1.0.0-1                          
  xr-mcast-xrd-cp-c-01.x86_64 7.9.2v1.0.0-1                                     
  xr-mda-xrd-cp-c-01.x86_64 7.9.2v1.0.0-1                                       
  xr-mpls-oam-client-xrd-cp-c-01.x86_64 7.9.2v1.0.0-1                           
  xr-mpls-oam-xrd-cp-c-01.x86_64 7.9.2v1.0.0-1                                  
  xr-mpls-static-xrd-cp-c-01.x86_64 7.9.2v1.0.0-1                               
  xr-mpls-xrd-cp-c-01.x86_64 7.9.2v1.0.0-1                                      
  xr-ntp-api-only-xrd-cp-c-01.x86_64 7.9.2v1.0.0-1                              
  xr-orrspf-xrd-cp-c-01.x86_64 7.9.2v1.0.0-1                                    
  xr-ospf-xrd-cp-c-01.x86_64 7.9.2v1.0.0-1                                      
  xr-p4rt-xrd-cp-c-01.x86_64 7.9.2v1.0.0-1                                      
  xr-perf-meas-xrd-cp-c-01.x86_64 7.9.2v1.0.0-1                                 
  xr-pfi-xrd-cp-c-01.x86_64 7.9.2v1.0.0-1                                       
  xr-pird-mcast-xrd-cp-c-01.x86_64 7.9.2v1.0.0-1                                
  xr-pird-policymgr-xrd-cp-c-01.x86_64 7.9.2v1.0.0-1                            
  xr-pird-xrd-cp-c-01.x86_64 7.9.2v1.0.0-1                                      
  xr-pkt-trace-xrd-cp-c-01.x86_64 7.9.2v1.0.0-1                                 
  xr-pm-alarm-xrd-cp-c-01.x86_64 7.9.2v1.0.0-1                                  
  xr-procmgr-xrd-cp-c-01.x86_64 7.9.2v1.0.0-1                                   
  xr-python-xrd-cp-c-01.x86_64 7.9.2v1.0.0-1                                    
  xr-qos-xrd-cp-c-01.x86_64 7.9.2v1.0.0-1                                       
  xr-rip-xrd-cp-c-01.x86_64 7.9.2v1.0.0-1                                       
  xr-routing-xrd-cp-c-01.x86_64 7.9.2v1.0.0-1                                   
  xr-rpl-xrd-cp-c-01.x86_64 7.9.2v1.0.0-1                                       
  xr-rsvp-te-xrd-cp-c-01.x86_64 7.9.2v1.0.0-1                                   
  xr-security-tams-xrd-cp-c-01.x86_64 7.9.2v1.0.0-1                             
  xr-security-xrd-cp-c-01.x86_64 7.9.2v1.0.0-1                                  
  xr-servicelayer-xrd-cp-c-01.x86_64 7.9.2v1.0.0-1                              
  xr-snmp-xrd-cp-c-01.x86_64 7.9.2v1.0.0-1                                      
  xr-span-xrd-cp-c-01.x86_64 7.9.2v1.0.0-1                                      
  xr-spi-core-xrd-cp-c-01.x86_64 7.9.2v1.0.0-1                                  
  xr-spi-hw-api-only-xrd-cp-c-01.x86_64 7.9.2v1.0.0-1                           
  xr-spp-xrd-cp-c-01.x86_64 7.9.2v1.0.0-1                                       
  xr-sr-xrd-cp-c-01.x86_64 7.9.2v1.0.0-1                                        
  xr-stats-xrd-cp-c-01.x86_64 7.9.2v1.0.0-1                                     
  xr-stubs-xrd-cp-c-01.x86_64 7.9.2v1.0.0-1                                     
  xr-sysdb-xrd-cp-c-01.x86_64 7.9.2v1.0.0-1                                     
  xr-syslog-xrd-cp-c-01.x86_64 7.9.2v1.0.0-1                                    
  xr-telemetry-xrd-cp-c-01.x86_64 7.9.2v1.0.0-1                                 
  xr-tftp-xrd-cp-c-01.x86_64 7.9.2v1.0.0-1                                      
  xr-timing-xrd-cp-c-01.x86_64 7.9.2v1.0.0-1                                    
  xr-tmpdir-cleanup-xrd-cp-c-01.x86_64 7.9.2v1.0.0-1                            
  xr-transports-xrd-cp-c-01.x86_64 7.9.2v1.0.0-1                                
  xr-tty-xrd-cp-c-01.x86_64 7.9.2v1.0.0-1                                       
  xr-tunnel-ip-xrd-cp-c-01.x86_64 7.9.2v1.0.0-1                                 
  xr-upgradematrix-xrd-cp-c-01.x86_64 7.9.2v1.0.0-1                             
  xr-utils-xrd-cp-c-01.x86_64 7.9.2v1.0.0-1                                     
  xr-vether-xrd-cp-c-01.x86_64 7.9.2v1.0.0-1                                    
  xr-vpnmib-xrd-cp-c-01.x86_64 7.9.2v1.0.0-1                                    
  xr-xmlinfra-xrd-cp-c-01.x86_64 7.9.2v1.0.0-1                                  
  xr-xrd-control-plane-pd-xrd-cp-c-01.x86_64 7.9.2v1.0.0-1                      
  xr-xrlibcurl-xrd-cp-c-01.x86_64 7.9.2v1.0.0-1                                 
  xr-ztp-xrd-cp-c-01.x86_64 7.9.2v1.0.0-1                                       

Complete!
====================================================
