2026-08-10T14:28:19Z INFO --- logging initialized ---
2026-08-10T14:28:19Z DDEBUG timer: config: 8 ms
2026-08-10T14:28:19Z DEBUG Loaded plugins: builddep, config-manager, copr, debug, debuginfo-install, download, generate_completion_cache, leaves, needs-restarting, nowrap, playground, repoclosure, repograph, repomanage, reposync, show-leaves, versionlock
2026-08-10T14:28:19Z DEBUG DNF version: 2.7.5
2026-08-10T14:28:19Z DDEBUG Command: dnf --disableplugin=local -c /etc/opt/cisco/iosxr/install/dnf/dnf.conf.instorch provides --no-wrap --refresh -- cisco-identifier 
2026-08-10T14:28:19Z DDEBUG Installroot: /
2026-08-10T14:28:19Z DDEBUG Releasever: 1
2026-08-10T14:28:19Z DEBUG cachedir: /var/volatile/cache/dnf
2026-08-10T14:28:19Z DDEBUG Base command: provides
2026-08-10T14:28:19Z DDEBUG Extra commands: ['--disableplugin=local', '-c', '/etc/opt/cisco/iosxr/install/dnf/dnf.conf.instorch', 'provides', '--no-wrap', '--refresh', '--', 'cisco-identifier']
2026-08-10T14:28:19Z DDEBUG timer: sack setup: 64 ms
2026-08-10T14:28:19Z DEBUG Excludes from versionlock plugin were not applied
2026-08-10T14:28:19Z DEBUG Completion plugin: Generating completion cache...
2026-08-10T14:28:19Z DEBUG Searching Packages: 
2026-08-10T14:28:19Z DDEBUG Cleaning up.
2026-08-10T14:28:19Z INFO --- logging initialized ---
2026-08-10T14:28:19Z DDEBUG timer: config: 7 ms
2026-08-10T14:28:19Z DEBUG Loaded plugins: builddep, config-manager, copr, debug, debuginfo-install, download, generate_completion_cache, leaves, needs-restarting, nowrap, playground, repoclosure, repograph, repomanage, reposync, show-leaves, versionlock
2026-08-10T14:28:19Z DEBUG DNF version: 2.7.5
2026-08-10T14:28:19Z DDEBUG Command: dnf --disableplugin=local -c /etc/opt/cisco/iosxr/install/dnf/dnf.conf.instorch history --no-wrap --refresh -- userinstalled 
2026-08-10T14:28:19Z DDEBUG Installroot: /
2026-08-10T14:28:19Z DDEBUG Releasever: 1
2026-08-10T14:28:19Z DEBUG cachedir: /var/volatile/cache/dnf
2026-08-10T14:28:19Z DDEBUG Base command: history
2026-08-10T14:28:19Z DDEBUG Extra commands: ['--disableplugin=local', '-c', '/etc/opt/cisco/iosxr/install/dnf/dnf.conf.instorch', 'history', '--no-wrap', '--refresh', '--', 'userinstalled']
2026-08-10T14:28:19Z DDEBUG timer: sack setup: 57 ms
2026-08-10T14:28:19Z DEBUG Excludes from versionlock plugin were not applied
2026-08-10T14:28:19Z DDEBUG Cleaning up.
2026-08-10T14:28:20Z INFO --- logging initialized ---
2026-08-10T14:28:20Z DDEBUG timer: config: 8 ms
2026-08-10T14:28:20Z DEBUG Loaded plugins: builddep, config-manager, copr, debug, debuginfo-install, download, generate_completion_cache, leaves, needs-restarting, nowrap, playground, repoclosure, repograph, repomanage, reposync, show-leaves, versionlock
2026-08-10T14:28:20Z DEBUG DNF version: 2.7.5
2026-08-10T14:28:20Z DDEBUG Command: dnf --disableplugin=local -c /etc/opt/cisco/iosxr/install/dnf/dnf.conf.instorch repoquery -q --whatprovides cisco-iosxr-user-installable --installed --disablerepo=* --no-wrap --refresh 
2026-08-10T14:28:20Z DDEBUG Installroot: /
2026-08-10T14:28:20Z DDEBUG Releasever: 1
2026-08-10T14:28:20Z DEBUG cachedir: /var/volatile/cache/dnf
2026-08-10T14:28:20Z DDEBUG Base command: repoquery
2026-08-10T14:28:20Z DDEBUG Extra commands: ['--disableplugin=local', '-c', '/etc/opt/cisco/iosxr/install/dnf/dnf.conf.instorch', 'repoquery', '-q', '--whatprovides', 'cisco-iosxr-user-installable', '--installed', '--disablerepo=*', '--no-wrap', '--refresh']
2026-08-10T14:28:20Z DDEBUG timer: sack setup: 61 ms
2026-08-10T14:28:20Z DEBUG Excludes from versionlock plugin were not applied
2026-08-10T14:28:20Z DDEBUG Cleaning up.
2026-08-10T14:28:20Z INFO --- logging initialized ---
2026-08-10T14:28:20Z DDEBUG timer: config: 9 ms
2026-08-10T14:28:20Z DEBUG Loaded plugins: builddep, config-manager, copr, debug, debuginfo-install, download, generate_completion_cache, leaves, needs-restarting, nowrap, playground, repoclosure, repograph, repomanage, reposync, show-leaves, versionlock
2026-08-10T14:28:20Z DEBUG DNF version: 2.7.5
2026-08-10T14:28:20Z DDEBUG Command: dnf --disableplugin=local -c /etc/opt/cisco/iosxr/install/dnf/dnf.conf.instorch mark --no-wrap --refresh -- install xr-span-7.9.2v1.0.0-1.x86_64 xr-pfi-7.9.2v1.0.0-1.x86_64 xr-syslog-7.9.2v1.0.0-1.x86_64 xr-linuxnetworking-7.9.2v1.0.0-1.x86_64 xr-pkt-trace-7.9.2v1.0.0-1.x86_64 xr-security-tams-7.9.2v1.0.0-1.x86_64 xr-tmpdir-cleanup-7.9.2v1.0.0-1.x86_64 xr-mcast-7.9.2v1.0.0-1.x86_64 xr-ospf-7.9.2v1.0.0-1.x86_64 xr-tftp-7.9.2v1.0.0-1.x86_64 xr-featurecapability-7.9.2v1.0.0-1.x86_64 xr-enhancedmanageability-7.9.2v1.0.0-1.x86_64 xr-orrspf-7.9.2v1.0.0-1.x86_64 xr-ctc-7.9.2v1.0.0-1.x86_64 xr-ha-infra-7.9.2v1.0.0-1.x86_64 xr-bcdl-7.9.2v1.0.0-1.x86_64 xr-utils-7.9.2v1.0.0-1.x86_64 xr-pird-7.9.2v1.0.0-1.x86_64 xr-python-7.9.2v1.0.0-1.x86_64 xr-ema-7.9.2v1.0.0-1.x86_64 xr-bng-stubs-7.9.2v1.0.0-1.x86_64 xr-spi-hw-api-only-7.9.2v1.0.0-1.x86_64 xr-mpls-oam-7.9.2v1.0.0-1.x86_64 xr-ntp-api-only-7.9.2v1.0.0-1.x86_64 xr-procmgr-7.9.2v1.0.0-1.x86_64 xr-bgp-7.9.2v1.0.0-1.x86_64 xr-fpd-7.9.2v1.0.0-1.x86_64 xr-apphosting-7.9.2v1.0.0-1.x86_64 xr-pird-policymgr-7.9.2v1.0.0-1.x86_64 xr-host-core-7.9.2v1.0.0-1.x86_64 xr-rip-7.9.2v1.0.0-1.x86_64 xr-linuxsecurity-7.9.2v1.0.0-1.x86_64 xr-l2vpn-7.9.2v1.0.0-1.x86_64 xr-sr-7.9.2v1.0.0-1.x86_64 xr-ip-mibs-7.9.2v1.0.0-1.x86_64 xr-ip-core-7.9.2v1.0.0-1.x86_64 xr-drivers-7.9.2v1.0.0-1.x86_64 xr-ip-static-7.9.2v1.0.0-1.x86_64 xr-bundles-7.9.2v1.0.0-1.x86_64 xr-core-7.9.2v1.0.0-1.x86_64 xr-routing-7.9.2v1.0.0-1.x86_64 xr-cfgmgr-7.9.2v1.0.0-1.x86_64 xr-xrlibcurl-7.9.2v1.0.0-1.x86_64 xr-telemetry-7.9.2v1.0.0-1.x86_64 xr-tunnel-ip-7.9.2v1.0.0-1.x86_64 xr-icpe-eth-7.9.2v1.0.0-1.x86_64 xr-aaa-7.9.2v1.0.0-1.x86_64 xr-foundation-xrd-control-plane-7.9.2v1.0.0-1.x86_64 xr-servicelayer-7.9.2v1.0.0-1.x86_64 xr-identifier-7.9.2v1.0.0-1.x86_64 xr-xmlinfra-7.9.2v1.0.0-1.x86_64 xr-transports-7.9.2v1.0.0-1.x86_64 xr-ip-infra-vrf-7.9.2v1.0.0-1.x86_64 xr-vpnmib-7.9.2v1.0.0-1.x86_64 xr-stubs-7.9.2v1.0.0-1.x86_64 xr-cfm-7.9.2v1.0.0-1.x86_64 xr-lldp-7.9.2v1.0.0-1.x86_64 xr-mpls-static-7.9.2v1.0.0-1.x86_64 xr-manageabilityxml-7.9.2v1.0.0-1.x86_64 xr-mandatory-7.9.2v1.0.0-1.x86_64 xr-ip-apps-7.9.2v1.0.0-1.x86_64 xr-ztp-7.9.2v1.0.0-1.x86_64 xr-gil-7.9.2v1.0.0-1.x86_64 xr-p4rt-7.9.2v1.0.0-1.x86_64 xr-pird-mcast-7.9.2v1.0.0-1.x86_64 xr-tty-7.9.2v1.0.0-1.x86_64 xr-vether-7.9.2v1.0.0-1.x86_64 xr-bgputil-7.9.2v1.0.0-1.x86_64 xr-snmp-7.9.2v1.0.0-1.x86_64 xr-stats-7.9.2v1.0.0-1.x86_64 xr-timing-7.9.2v1.0.0-1.x86_64 xr-eigrp-7.9.2v1.0.0-1.x86_64 xr-bfd-7.9.2v1.0.0-1.x86_64 xr-fib-7.9.2v1.0.0-1.x86_64 xr-spp-7.9.2v1.0.0-1.x86_64 xr-os-wr9-core-7.9.2v1.0.0-1.x86_64 xr-core-calv-7.9.2v1.0.0-1.x86_64 xr-mpls-7.9.2v1.0.0-1.x86_64 xr-elmi-7.9.2v1.0.0-1.x86_64 xr-ipc-7.9.2v1.0.0-1.x86_64 xr-spi-core-7.9.2v1.0.0-1.x86_64 xr-cal-pi-7.9.2v1.0.0-1.x86_64 xr-ldp-7.9.2v1.0.0-1.x86_64 xr-debug-7.9.2v1.0.0-1.x86_64 xr-httpclient-7.9.2v1.0.0-1.x86_64 xr-security-7.9.2v1.0.0-1.x86_64 xr-perf-meas-7.9.2v1.0.0-1.x86_64 xr-infra-sla-7.9.2v1.0.0-1.x86_64 xr-upgradematrix-7.9.2v1.0.0-1.x86_64 xr-mda-7.9.2v1.0.0-1.x86_64 xr-sysdb-7.9.2v1.0.0-1.x86_64 xr-xrd-control-plane-pd-7.9.2v1.0.0-1.x86_64 xr-licensing-7.9.2v1.0.0-1.x86_64 xr-qos-7.9.2v1.0.0-1.x86_64 xr-lpts-7.9.2v1.0.0-1.x86_64 xr-install-7.9.2v1.0.0-1.x86_64 xr-cdp-7.9.2v1.0.0-1.x86_64 xr-is-is-7.9.2v1.0.0-1.x86_64 xr-xrd-os-wr9-7.9.2v1.0.0-1.x86_64 xr-icpe-opt-7.9.2v1.0.0-1.x86_64 xr-rsvp-te-7.9.2v1.0.0-1.x86_64 xr-l2snooptransport-7.9.2v1.0.0-1.x86_64 xr-pm-alarm-7.9.2v1.0.0-1.x86_64 xr-link-oam-7.9.2v1.0.0-1.x86_64 xr-cofo-7.9.2v1.0.0-1.x86_64 xr-acl-7.9.2v1.0.0-1.x86_64 xr-dhcp-7.9.2v1.0.0-1.x86_64 xr-mpls-oam-client-7.9.2v1.0.0-1.x86_64 xr-diskboot-7.9.2v1.0.0-1.x86_64 xr-eem-7.9.2v1.0.0-1.x86_64 xr-rpl-7.9.2v1.0.0-1.x86_64 xr-xrd-card-support-7.9.2v1.0.0-1.x86_64 
2026-08-10T14:28:20Z DDEBUG Installroot: /
2026-08-10T14:28:20Z DDEBUG Releasever: 1
2026-08-10T14:28:20Z DEBUG cachedir: /var/volatile/cache/dnf
2026-08-10T14:28:20Z DDEBUG Base command: mark
2026-08-10T14:28:20Z DDEBUG Extra commands: ['--disableplugin=local', '-c', '/etc/opt/cisco/iosxr/install/dnf/dnf.conf.instorch', 'mark', '--no-wrap', '--refresh', '--', 'install', 'xr-span-7.9.2v1.0.0-1.x86_64', 'xr-pfi-7.9.2v1.0.0-1.x86_64', 'xr-syslog-7.9.2v1.0.0-1.x86_64', 'xr-linuxnetworking-7.9.2v1.0.0-1.x86_64', 'xr-pkt-trace-7.9.2v1.0.0-1.x86_64', 'xr-security-tams-7.9.2v1.0.0-1.x86_64', 'xr-tmpdir-cleanup-7.9.2v1.0.0-1.x86_64', 'xr-mcast-7.9.2v1.0.0-1.x86_64', 'xr-ospf-7.9.2v1.0.0-1.x86_64', 'xr-tftp-7.9.2v1.0.0-1.x86_64', 'xr-featurecapability-7.9.2v1.0.0-1.x86_64', 'xr-enhancedmanageability-7.9.2v1.0.0-1.x86_64', 'xr-orrspf-7.9.2v1.0.0-1.x86_64', 'xr-ctc-7.9.2v1.0.0-1.x86_64', 'xr-ha-infra-7.9.2v1.0.0-1.x86_64', 'xr-bcdl-7.9.2v1.0.0-1.x86_64', 'xr-utils-7.9.2v1.0.0-1.x86_64', 'xr-pird-7.9.2v1.0.0-1.x86_64', 'xr-python-7.9.2v1.0.0-1.x86_64', 'xr-ema-7.9.2v1.0.0-1.x86_64', 'xr-bng-stubs-7.9.2v1.0.0-1.x86_64', 'xr-spi-hw-api-only-7.9.2v1.0.0-1.x86_64', 'xr-mpls-oam-7.9.2v1.0.0-1.x86_64', 'xr-ntp-api-only-7.9.2v1.0.0-1.x86_64', 'xr-procmgr-7.9.2v1.0.0-1.x86_64', 'xr-bgp-7.9.2v1.0.0-1.x86_64', 'xr-fpd-7.9.2v1.0.0-1.x86_64', 'xr-apphosting-7.9.2v1.0.0-1.x86_64', 'xr-pird-policymgr-7.9.2v1.0.0-1.x86_64', 'xr-host-core-7.9.2v1.0.0-1.x86_64', 'xr-rip-7.9.2v1.0.0-1.x86_64', 'xr-linuxsecurity-7.9.2v1.0.0-1.x86_64', 'xr-l2vpn-7.9.2v1.0.0-1.x86_64', 'xr-sr-7.9.2v1.0.0-1.x86_64', 'xr-ip-mibs-7.9.2v1.0.0-1.x86_64', 'xr-ip-core-7.9.2v1.0.0-1.x86_64', 'xr-drivers-7.9.2v1.0.0-1.x86_64', 'xr-ip-static-7.9.2v1.0.0-1.x86_64', 'xr-bundles-7.9.2v1.0.0-1.x86_64', 'xr-core-7.9.2v1.0.0-1.x86_64', 'xr-routing-7.9.2v1.0.0-1.x86_64', 'xr-cfgmgr-7.9.2v1.0.0-1.x86_64', 'xr-xrlibcurl-7.9.2v1.0.0-1.x86_64', 'xr-telemetry-7.9.2v1.0.0-1.x86_64', 'xr-tunnel-ip-7.9.2v1.0.0-1.x86_64', 'xr-icpe-eth-7.9.2v1.0.0-1.x86_64', 'xr-aaa-7.9.2v1.0.0-1.x86_64', 'xr-foundation-xrd-control-plane-7.9.2v1.0.0-1.x86_64', 'xr-servicelayer-7.9.2v1.0.0-1.x86_64', 'xr-identifier-7.9.2v1.0.0-1.x86_64', 'xr-xmlinfra-7.9.2v1.0.0-1.x86_64', 'xr-transports-7.9.2v1.0.0-1.x86_64', 'xr-ip-infra-vrf-7.9.2v1.0.0-1.x86_64', 'xr-vpnmib-7.9.2v1.0.0-1.x86_64', 'xr-stubs-7.9.2v1.0.0-1.x86_64', 'xr-cfm-7.9.2v1.0.0-1.x86_64', 'xr-lldp-7.9.2v1.0.0-1.x86_64', 'xr-mpls-static-7.9.2v1.0.0-1.x86_64', 'xr-manageabilityxml-7.9.2v1.0.0-1.x86_64', 'xr-mandatory-7.9.2v1.0.0-1.x86_64', 'xr-ip-apps-7.9.2v1.0.0-1.x86_64', 'xr-ztp-7.9.2v1.0.0-1.x86_64', 'xr-gil-7.9.2v1.0.0-1.x86_64', 'xr-p4rt-7.9.2v1.0.0-1.x86_64', 'xr-pird-mcast-7.9.2v1.0.0-1.x86_64', 'xr-tty-7.9.2v1.0.0-1.x86_64', 'xr-vether-7.9.2v1.0.0-1.x86_64', 'xr-bgputil-7.9.2v1.0.0-1.x86_64', 'xr-snmp-7.9.2v1.0.0-1.x86_64', 'xr-stats-7.9.2v1.0.0-1.x86_64', 'xr-timing-7.9.2v1.0.0-1.x86_64', 'xr-eigrp-7.9.2v1.0.0-1.x86_64', 'xr-bfd-7.9.2v1.0.0-1.x86_64', 'xr-fib-7.9.2v1.0.0-1.x86_64', 'xr-spp-7.9.2v1.0.0-1.x86_64', 'xr-os-wr9-core-7.9.2v1.0.0-1.x86_64', 'xr-core-calv-7.9.2v1.0.0-1.x86_64', 'xr-mpls-7.9.2v1.0.0-1.x86_64', 'xr-elmi-7.9.2v1.0.0-1.x86_64', 'xr-ipc-7.9.2v1.0.0-1.x86_64', 'xr-spi-core-7.9.2v1.0.0-1.x86_64', 'xr-cal-pi-7.9.2v1.0.0-1.x86_64', 'xr-ldp-7.9.2v1.0.0-1.x86_64', 'xr-debug-7.9.2v1.0.0-1.x86_64', 'xr-httpclient-7.9.2v1.0.0-1.x86_64', 'xr-security-7.9.2v1.0.0-1.x86_64', 'xr-perf-meas-7.9.2v1.0.0-1.x86_64', 'xr-infra-sla-7.9.2v1.0.0-1.x86_64', 'xr-upgradematrix-7.9.2v1.0.0-1.x86_64', 'xr-mda-7.9.2v1.0.0-1.x86_64', 'xr-sysdb-7.9.2v1.0.0-1.x86_64', 'xr-xrd-control-plane-pd-7.9.2v1.0.0-1.x86_64', 'xr-licensing-7.9.2v1.0.0-1.x86_64', 'xr-qos-7.9.2v1.0.0-1.x86_64', 'xr-lpts-7.9.2v1.0.0-1.x86_64', 'xr-install-7.9.2v1.0.0-1.x86_64', 'xr-cdp-7.9.2v1.0.0-1.x86_64', 'xr-is-is-7.9.2v1.0.0-1.x86_64', 'xr-xrd-os-wr9-7.9.2v1.0.0-1.x86_64', 'xr-icpe-opt-7.9.2v1.0.0-1.x86_64', 'xr-rsvp-te-7.9.2v1.0.0-1.x86_64', 'xr-l2snooptransport-7.9.2v1.0.0-1.x86_64', 'xr-pm-alarm-7.9.2v1.0.0-1.x86_64', 'xr-link-oam-7.9.2v1.0.0-1.x86_64', 'xr-cofo-7.9.2v1.0.0-1.x86_64', 'xr-acl-7.9.2v1.0.0-1.x86_64', 'xr-dhcp-7.9.2v1.0.0-1.x86_64', 'xr-mpls-oam-client-7.9.2v1.0.0-1.x86_64', 'xr-diskboot-7.9.2v1.0.0-1.x86_64', 'xr-eem-7.9.2v1.0.0-1.x86_64', 'xr-rpl-7.9.2v1.0.0-1.x86_64', 'xr-xrd-card-support-7.9.2v1.0.0-1.x86_64']
2026-08-10T14:28:20Z DDEBUG timer: sack setup: 159 ms
2026-08-10T14:28:20Z DEBUG Excludes from versionlock plugin were not applied
2026-08-10T14:28:20Z INFO xr-span-7.9.2v1.0.0-1.x86_64 marked as user installed.
2026-08-10T14:28:20Z INFO xr-pfi-7.9.2v1.0.0-1.x86_64 marked as user installed.
2026-08-10T14:28:20Z INFO xr-syslog-7.9.2v1.0.0-1.x86_64 marked as user installed.
2026-08-10T14:28:20Z INFO xr-linuxnetworking-7.9.2v1.0.0-1.x86_64 marked as user installed.
2026-08-10T14:28:20Z INFO xr-pkt-trace-7.9.2v1.0.0-1.x86_64 marked as user installed.
2026-08-10T14:28:20Z INFO xr-security-tams-7.9.2v1.0.0-1.x86_64 marked as user installed.
2026-08-10T14:28:20Z INFO xr-tmpdir-cleanup-7.9.2v1.0.0-1.x86_64 marked as user installed.
2026-08-10T14:28:20Z INFO xr-mcast-7.9.2v1.0.0-1.x86_64 marked as user installed.
2026-08-10T14:28:20Z INFO xr-ospf-7.9.2v1.0.0-1.x86_64 marked as user installed.
2026-08-10T14:28:20Z INFO xr-tftp-7.9.2v1.0.0-1.x86_64 marked as user installed.
2026-08-10T14:28:20Z INFO xr-featurecapability-7.9.2v1.0.0-1.x86_64 marked as user installed.
2026-08-10T14:28:20Z INFO xr-enhancedmanageability-7.9.2v1.0.0-1.x86_64 marked as user installed.
2026-08-10T14:28:20Z INFO xr-orrspf-7.9.2v1.0.0-1.x86_64 marked as user installed.
2026-08-10T14:28:20Z INFO xr-ctc-7.9.2v1.0.0-1.x86_64 marked as user installed.
2026-08-10T14:28:20Z INFO xr-ha-infra-7.9.2v1.0.0-1.x86_64 marked as user installed.
2026-08-10T14:28:20Z INFO xr-bcdl-7.9.2v1.0.0-1.x86_64 marked as user installed.
2026-08-10T14:28:20Z INFO xr-utils-7.9.2v1.0.0-1.x86_64 marked as user installed.
2026-08-10T14:28:20Z INFO xr-pird-7.9.2v1.0.0-1.x86_64 marked as user installed.
2026-08-10T14:28:20Z INFO xr-python-7.9.2v1.0.0-1.x86_64 marked as user installed.
2026-08-10T14:28:20Z INFO xr-ema-7.9.2v1.0.0-1.x86_64 marked as user installed.
2026-08-10T14:28:20Z INFO xr-bng-stubs-7.9.2v1.0.0-1.x86_64 marked as user installed.
2026-08-10T14:28:20Z INFO xr-spi-hw-api-only-7.9.2v1.0.0-1.x86_64 marked as user installed.
2026-08-10T14:28:20Z INFO xr-mpls-oam-7.9.2v1.0.0-1.x86_64 marked as user installed.
2026-08-10T14:28:20Z INFO xr-ntp-api-only-7.9.2v1.0.0-1.x86_64 marked as user installed.
2026-08-10T14:28:20Z INFO xr-procmgr-7.9.2v1.0.0-1.x86_64 marked as user installed.
2026-08-10T14:28:20Z INFO xr-bgp-7.9.2v1.0.0-1.x86_64 marked as user installed.
2026-08-10T14:28:20Z INFO xr-fpd-7.9.2v1.0.0-1.x86_64 marked as user installed.
2026-08-10T14:28:20Z INFO xr-apphosting-7.9.2v1.0.0-1.x86_64 marked as user installed.
2026-08-10T14:28:20Z INFO xr-pird-policymgr-7.9.2v1.0.0-1.x86_64 marked as user installed.
2026-08-10T14:28:20Z INFO xr-host-core-7.9.2v1.0.0-1.x86_64 marked as user installed.
2026-08-10T14:28:20Z INFO xr-rip-7.9.2v1.0.0-1.x86_64 marked as user installed.
2026-08-10T14:28:20Z INFO xr-linuxsecurity-7.9.2v1.0.0-1.x86_64 marked as user installed.
2026-08-10T14:28:20Z INFO xr-l2vpn-7.9.2v1.0.0-1.x86_64 marked as user installed.
2026-08-10T14:28:20Z INFO xr-sr-7.9.2v1.0.0-1.x86_64 marked as user installed.
2026-08-10T14:28:20Z INFO xr-ip-mibs-7.9.2v1.0.0-1.x86_64 marked as user installed.
2026-08-10T14:28:20Z INFO xr-ip-core-7.9.2v1.0.0-1.x86_64 marked as user installed.
2026-08-10T14:28:20Z INFO xr-drivers-7.9.2v1.0.0-1.x86_64 marked as user installed.
2026-08-10T14:28:20Z INFO xr-ip-static-7.9.2v1.0.0-1.x86_64 marked as user installed.
2026-08-10T14:28:20Z INFO xr-bundles-7.9.2v1.0.0-1.x86_64 marked as user installed.
2026-08-10T14:28:20Z INFO xr-core-7.9.2v1.0.0-1.x86_64 marked as user installed.
2026-08-10T14:28:20Z INFO xr-routing-7.9.2v1.0.0-1.x86_64 marked as user installed.
2026-08-10T14:28:20Z INFO xr-cfgmgr-7.9.2v1.0.0-1.x86_64 marked as user installed.
2026-08-10T14:28:20Z INFO xr-xrlibcurl-7.9.2v1.0.0-1.x86_64 marked as user installed.
2026-08-10T14:28:20Z INFO xr-telemetry-7.9.2v1.0.0-1.x86_64 marked as user installed.
2026-08-10T14:28:20Z INFO xr-tunnel-ip-7.9.2v1.0.0-1.x86_64 marked as user installed.
2026-08-10T14:28:20Z INFO xr-icpe-eth-7.9.2v1.0.0-1.x86_64 marked as user installed.
2026-08-10T14:28:20Z INFO xr-aaa-7.9.2v1.0.0-1.x86_64 marked as user installed.
2026-08-10T14:28:20Z INFO xr-foundation-xrd-control-plane-7.9.2v1.0.0-1.x86_64 marked as user installed.
2026-08-10T14:28:20Z INFO xr-servicelayer-7.9.2v1.0.0-1.x86_64 marked as user installed.
2026-08-10T14:28:20Z INFO xr-identifier-7.9.2v1.0.0-1.x86_64 marked as user installed.
2026-08-10T14:28:20Z INFO xr-xmlinfra-7.9.2v1.0.0-1.x86_64 marked as user installed.
2026-08-10T14:28:20Z INFO xr-transports-7.9.2v1.0.0-1.x86_64 marked as user installed.
2026-08-10T14:28:20Z INFO xr-ip-infra-vrf-7.9.2v1.0.0-1.x86_64 marked as user installed.
2026-08-10T14:28:20Z INFO xr-vpnmib-7.9.2v1.0.0-1.x86_64 marked as user installed.
2026-08-10T14:28:20Z INFO xr-stubs-7.9.2v1.0.0-1.x86_64 marked as user installed.
2026-08-10T14:28:20Z INFO xr-cfm-7.9.2v1.0.0-1.x86_64 marked as user installed.
2026-08-10T14:28:20Z INFO xr-lldp-7.9.2v1.0.0-1.x86_64 marked as user installed.
2026-08-10T14:28:20Z INFO xr-mpls-static-7.9.2v1.0.0-1.x86_64 marked as user installed.
2026-08-10T14:28:20Z INFO xr-manageabilityxml-7.9.2v1.0.0-1.x86_64 marked as user installed.
2026-08-10T14:28:20Z INFO xr-mandatory-7.9.2v1.0.0-1.x86_64 marked as user installed.
2026-08-10T14:28:20Z INFO xr-ip-apps-7.9.2v1.0.0-1.x86_64 marked as user installed.
2026-08-10T14:28:20Z INFO xr-ztp-7.9.2v1.0.0-1.x86_64 marked as user installed.
2026-08-10T14:28:20Z INFO xr-gil-7.9.2v1.0.0-1.x86_64 marked as user installed.
2026-08-10T14:28:20Z INFO xr-p4rt-7.9.2v1.0.0-1.x86_64 marked as user installed.
2026-08-10T14:28:20Z INFO xr-pird-mcast-7.9.2v1.0.0-1.x86_64 marked as user installed.
2026-08-10T14:28:20Z INFO xr-tty-7.9.2v1.0.0-1.x86_64 marked as user installed.
2026-08-10T14:28:20Z INFO xr-vether-7.9.2v1.0.0-1.x86_64 marked as user installed.
2026-08-10T14:28:20Z INFO xr-bgputil-7.9.2v1.0.0-1.x86_64 marked as user installed.
2026-08-10T14:28:20Z INFO xr-snmp-7.9.2v1.0.0-1.x86_64 marked as user installed.
2026-08-10T14:28:20Z INFO xr-stats-7.9.2v1.0.0-1.x86_64 marked as user installed.
2026-08-10T14:28:20Z INFO xr-timing-7.9.2v1.0.0-1.x86_64 marked as user installed.
2026-08-10T14:28:20Z INFO xr-eigrp-7.9.2v1.0.0-1.x86_64 marked as user installed.
2026-08-10T14:28:20Z INFO xr-bfd-7.9.2v1.0.0-1.x86_64 marked as user installed.
2026-08-10T14:28:20Z INFO xr-fib-7.9.2v1.0.0-1.x86_64 marked as user installed.
2026-08-10T14:28:20Z INFO xr-spp-7.9.2v1.0.0-1.x86_64 marked as user installed.
2026-08-10T14:28:20Z INFO xr-os-wr9-core-7.9.2v1.0.0-1.x86_64 marked as user installed.
2026-08-10T14:28:20Z INFO xr-core-calv-7.9.2v1.0.0-1.x86_64 marked as user installed.
2026-08-10T14:28:20Z INFO xr-mpls-7.9.2v1.0.0-1.x86_64 marked as user installed.
2026-08-10T14:28:20Z INFO xr-elmi-7.9.2v1.0.0-1.x86_64 marked as user installed.
2026-08-10T14:28:20Z INFO xr-ipc-7.9.2v1.0.0-1.x86_64 marked as user installed.
2026-08-10T14:28:20Z INFO xr-spi-core-7.9.2v1.0.0-1.x86_64 marked as user installed.
2026-08-10T14:28:20Z INFO xr-cal-pi-7.9.2v1.0.0-1.x86_64 marked as user installed.
2026-08-10T14:28:20Z INFO xr-ldp-7.9.2v1.0.0-1.x86_64 marked as user installed.
2026-08-10T14:28:20Z INFO xr-debug-7.9.2v1.0.0-1.x86_64 marked as user installed.
2026-08-10T14:28:20Z INFO xr-httpclient-7.9.2v1.0.0-1.x86_64 marked as user installed.
2026-08-10T14:28:20Z INFO xr-security-7.9.2v1.0.0-1.x86_64 marked as user installed.
2026-08-10T14:28:20Z INFO xr-perf-meas-7.9.2v1.0.0-1.x86_64 marked as user installed.
2026-08-10T14:28:20Z INFO xr-infra-sla-7.9.2v1.0.0-1.x86_64 marked as user installed.
2026-08-10T14:28:20Z INFO xr-upgradematrix-7.9.2v1.0.0-1.x86_64 marked as user installed.
2026-08-10T14:28:20Z INFO xr-mda-7.9.2v1.0.0-1.x86_64 marked as user installed.
2026-08-10T14:28:20Z INFO xr-sysdb-7.9.2v1.0.0-1.x86_64 marked as user installed.
2026-08-10T14:28:20Z INFO xr-xrd-control-plane-pd-7.9.2v1.0.0-1.x86_64 marked as user installed.
2026-08-10T14:28:20Z INFO xr-licensing-7.9.2v1.0.0-1.x86_64 marked as user installed.
2026-08-10T14:28:20Z INFO xr-qos-7.9.2v1.0.0-1.x86_64 marked as user installed.
2026-08-10T14:28:20Z INFO xr-lpts-7.9.2v1.0.0-1.x86_64 marked as user installed.
2026-08-10T14:28:20Z INFO xr-install-7.9.2v1.0.0-1.x86_64 marked as user installed.
2026-08-10T14:28:20Z INFO xr-cdp-7.9.2v1.0.0-1.x86_64 marked as user installed.
2026-08-10T14:28:20Z INFO xr-is-is-7.9.2v1.0.0-1.x86_64 marked as user installed.
2026-08-10T14:28:20Z INFO xr-xrd-os-wr9-7.9.2v1.0.0-1.x86_64 marked as user installed.
2026-08-10T14:28:20Z INFO xr-icpe-opt-7.9.2v1.0.0-1.x86_64 marked as user installed.
2026-08-10T14:28:20Z INFO xr-rsvp-te-7.9.2v1.0.0-1.x86_64 marked as user installed.
2026-08-10T14:28:20Z INFO xr-l2snooptransport-7.9.2v1.0.0-1.x86_64 marked as user installed.
2026-08-10T14:28:20Z INFO xr-pm-alarm-7.9.2v1.0.0-1.x86_64 marked as user installed.
2026-08-10T14:28:20Z INFO xr-link-oam-7.9.2v1.0.0-1.x86_64 marked as user installed.
2026-08-10T14:28:20Z INFO xr-cofo-7.9.2v1.0.0-1.x86_64 marked as user installed.
2026-08-10T14:28:20Z INFO xr-acl-7.9.2v1.0.0-1.x86_64 marked as user installed.
2026-08-10T14:28:20Z INFO xr-dhcp-7.9.2v1.0.0-1.x86_64 marked as user installed.
2026-08-10T14:28:20Z INFO xr-mpls-oam-client-7.9.2v1.0.0-1.x86_64 marked as user installed.
2026-08-10T14:28:20Z INFO xr-diskboot-7.9.2v1.0.0-1.x86_64 marked as user installed.
2026-08-10T14:28:20Z INFO xr-eem-7.9.2v1.0.0-1.x86_64 marked as user installed.
2026-08-10T14:28:20Z INFO xr-rpl-7.9.2v1.0.0-1.x86_64 marked as user installed.
2026-08-10T14:28:20Z INFO xr-xrd-card-support-7.9.2v1.0.0-1.x86_64 marked as user installed.
2026-08-10T14:28:20Z DDEBUG Cleaning up.
2026-08-10T14:28:21Z INFO --- logging initialized ---
2026-08-10T14:28:21Z DDEBUG timer: config: 8 ms
2026-08-10T14:28:21Z DEBUG Loaded plugins: builddep, config-manager, copr, debug, debuginfo-install, download, generate_completion_cache, leaves, needs-restarting, nowrap, playground, repoclosure, repograph, repomanage, reposync, show-leaves, versionlock
2026-08-10T14:28:21Z DEBUG DNF version: 2.7.5
2026-08-10T14:28:21Z DDEBUG Command: dnf --disableplugin=local -c /etc/opt/cisco/iosxr/install/dnf/dnf.conf.instorch mark --no-wrap --refresh -- remove python-subprocess-2.7.12-r1.65.71.0.corei7_64 lz4-131+git0+d86dc91677-r0.64.corei7_64 policycoreutils-secon-2.6-r0.67.71.0.corei7_64 libpcap1-1.7.4-r0.64.corei7_64 pam-plugin-ftp-1.3.0-r5.66.71.0.corei7_64 perl-module-errno-5.22.1-r0.64.corei7_64 openssh-keygen-7.3p1-r0.5.73.71.0.corei7_64 perl-module-file-basename-5.22.1-r0.64.corei7_64 dnf-2.7.5-r0.96.71.0.corei7_64 libcurl4-7.50.1-r0.66.corei7_64 python-html-2.7.12-r1.65.71.0.corei7_64 python3-audio-3.7.6-r0.56.71.0.corei7_64 python-zlib-2.7.12-r1.65.71.0.corei7_64 python3-crypt-3.7.6-r0.56.71.0.corei7_64 libgmp10-6.1.1-r0.64.corei7_64 python3-core-3.7.6-r0.56.71.0.corei7_64 perl-module-io-compress-rawdeflate-5.22.1-r0.64.corei7_64 libltdl7-2.4.6-r0.64.corei7_64 cisco-grub-1.0-r0.96.corei7_64 dhcp-server-4.3.4-r0.70.71.0.corei7_64 mtd-utils-jffs2-1.5.2-r0.69.71.0.corei7_64 python-image-2.7.12-r1.65.71.0.corei7_64 python-fcntl-2.7.12-r1.65.71.0.corei7_64 perl-module-constant-5.22.1-r0.64.corei7_64 iproute2-4.7.0-r0.66.71.0.corei7_64 nspr-4.29-r0.38.corei7_64 pam-filter-upperlower-1.3.0-r5.66.71.0.corei7_64 gzip-1.8-r0.64.corei7_64 python-ctypes-2.7.12-r1.65.71.0.corei7_64 parted-3.2-r1.2.67.71.0.corei7_64 rpm-1:4.14.1-r0.88.71.0.corei7_64 diffutils-3.4-r0.64.corei7_64 smartmontools-6.5-r0.67.71.0.corei7_64 openssh-ssh-7.3p1-r0.5.73.71.0.corei7_64 libasm1-0.166-r0.64.corei7_64 createrepo-c-0.10.0+git0+748891ff8e-r0.91.71.0.corei7_64 perl-module-exporter-5.22.1-r0.64.corei7_64 perl-module-posix-5.22.1-r0.64.corei7_64 perl-module-json-pp-5.22.1-r0.64.corei7_64 python-ecdsa-0.11-r0.57.71.0.corei7_64 perl-module-math-bigfloat-5.22.1-r0.64.corei7_64 util-linux-sfdisk-2.28.1-r0.3.67.71.0.corei7_64 libpopt0-1.16-r3.64.corei7_64 makedumpfile-1.6.7-r0.47.corei7_64 python3-pydoc-3.7.6-r0.56.71.0.corei7_64 python-setuptools-22.0.5-r0.65.71.0.corei7_64 tzdata-asia-2020c-r0.27.71.0.noarch busybox-1.24.1-r0.1.67.71.0.corei7_64 netbase-1:5.3-r0.64.corei7_64 logrotate-3.9.1-r0.67.71.0.corei7_64 python-plistlib-2.7.12-r1.65.71.0.corei7_64 libksba8-1.3.4-r0.64.corei7_64 tar-1.29-r0.65.71.0.corei7_64 perl-module-encode-encoding-5.22.1-r0.64.corei7_64 libpci3-3.5.1-r0.87.71.0.corei7_64 python3-xmlrpc-3.7.6-r0.56.71.0.corei7_64 perl-module-io-uncompress-adapter-inflate-5.22.1-r0.64.corei7_64 mtd-utils-ubifs-1.5.2-r0.69.71.0.corei7_64 python-curses-2.7.12-r1.65.71.0.corei7_64 python3-typing-3.7.6-r0.56.71.0.corei7_64 perl-module-io-handle-5.22.1-r0.64.corei7_64 python-decorator-4.0.10-r0.65.71.0.corei7_64 util-linux-uuidgen-2.28.1-r0.3.67.71.0.corei7_64 python-netclient-2.7.12-r1.65.71.0.corei7_64 python-xml-2.7.12-r1.65.71.0.corei7_64 run-postinsts-1.0-r9.55.noarch perl-module-cwd-5.22.1-r0.64.corei7_64 dhcp-client-4.3.4-r0.70.71.0.corei7_64 perl-module-io-compress-zlib-extra-5.22.1-r0.64.corei7_64 setools-4.1.0-r0.65.71.0.corei7_64 initscripts-1.0-r155.3.57.corei7_64 strace-4.13-r0.85.71.0.corei7_64 libjansson4-2.9-r0.57.corei7_64 ncurses-6.0+20160625-r0.64.corei7_64 tzdata-core-2020c-r0.27.71.0.noarch pam-plugin-rhosts-1.3.0-r5.66.71.0.corei7_64 quota-4.03-r0.85.71.0.corei7_64 libgomp1-4.9.1-r0.64.corei7_64 libxml2-2.9.4-r0.66.71.0.corei7_64 libwrap0-7.6-r10.64.corei7_64 python3-multiprocessing-3.7.6-r0.56.71.0.corei7_64 vim-8.2.4314-r0.11.71.0.corei7_64 python3-curses-3.7.6-r0.56.71.0.corei7_64 perl-module-io-compress-base-common-5.22.1-r0.64.corei7_64 python-enum34-1.1.6-r0.65.71.0.corei7_64 libnl-3-200-1:3.2.28-r0.64.corei7_64 libssl1.0.0-1.0.2j-r0.64.corei7_64 rsync-3.1.2-r0.65.corei7_64 util-linux-fstrim-2.28.1-r0.3.67.71.0.corei7_64 packagegroup-core-boot-1.0-r17.64.wrlsdk_x86 python-audio-2.7.12-r1.65.71.0.corei7_64 pam-plugin-mkhomedir-1.3.0-r5.66.71.0.corei7_64 perl-module-selectsaver-5.22.1-r0.64.corei7_64 vim-common-8.2.4314-r0.11.71.0.corei7_64 libcgroup-0.41-r0.3.66.71.0.corei7_64 lsof-4.89-r0.2.65.71.0.corei7_64 python3-compression-3.7.6-r0.56.71.0.corei7_64 libtcl8.6-0-8.6.6-r0.65.corei7_64 util-linux-reset-2.28.1-r0.3.67.71.0.corei7_64 debianutils-4.8-r0.64.corei7_64 python-numbers-2.7.12-r1.65.71.0.corei7_64 libnftnl4-1.0.6-r0.64.corei7_64 coreutils-8.25-r0.66.71.0.corei7_64 e2fsprogs-resize2fs-1.43-r1.67.71.0.corei7_64 attr-2.4.47-r0.64.corei7_64 iputils-traceroute6-s20151218-r0.67.71.0.corei7_64 libc6-pcprofile-2.24-r0.64.corei7_64 libseccomp-2.3.1+git0+937e774d8c-r0.64.corei7_64 libsotruss-2.24-r0.64.corei7_64 libhiredis0.14-0.14.0-r0.45.71.0.corei7_64 nvme-cli-1.12+git0+949d0aea73-r0.40.71.0.corei7_64 libprotobuf-c-compiler-1.3.3-r0.51.corei7_64 perl-module-io-uncompress-gunzip-5.22.1-r0.64.corei7_64 systemd-compat-units-1.0-r29.64.corei7_64 systemd-kernel-install-1:230+git0+3a74d4fc90-r0.85.71.0.corei7_64 python3-sqlite3-3.7.6-r0.56.71.0.corei7_64 gflags-2.2.2-r0.50.corei7_64 python3-gpg-1.10.0-r0.69.71.0.corei7_64 libsqlite3-0-3:3.14.1-r0.64.corei7_64 libgcrypt-1.7.3-r0.66.71.0.corei7_64 util-linux-runuser-2.28.1-r0.3.67.71.0.corei7_64 iputils-arping-s20151218-r0.67.71.0.corei7_64 python3-pickle-3.7.6-r0.56.71.0.corei7_64 db-bin-6.1.38-r1.26.corei7_64 libcares2-1.15.0+gitr0+e982924ace-r0.50.corei7_64 libcyaml1-1.1-r0.50.corei7_64 systemd-1:230+git0+3a74d4fc90-r0.85.71.0.corei7_64 systemd-bash-completion-1:230+git0+3a74d4fc90-r0.85.71.0.corei7_64 pam-plugin-issue-1.3.0-r5.66.71.0.corei7_64 gettext-runtime-0.19.8.1-r0.64.corei7_64 perl-module-file-globmapper-5.22.1-r0.64.corei7_64 python-io-2.7.12-r1.65.71.0.corei7_64 udev-hwdb-1:230+git0+3a74d4fc90-r0.85.71.0.corei7_64 libdw1-0.166-r0.64.corei7_64 libticw5-6.0+20160625-r0.64.corei7_64 os-release-1.0-r0.55.noarch pam-plugin-exec-1.3.0-r5.66.71.0.corei7_64 perl-module-io-tty-1.12-r0.64.corei7_64 dmidecode-3.2-r0.49.corei7_64 libulockmgr1-2.9.4-r0.64.corei7_64 policycoreutils-semanage-2.6-r0.67.71.0.corei7_64 kmod-bash-completion-23+git0+65a885df5f-r0.64.corei7_64 iputils-ping-s20151218-r0.67.71.0.corei7_64 wget-1.18-r0.65.corei7_64 cronie-1.5.1-r0.2.67.71.0.corei7_64 sdparm-1.10-r0.64.corei7_64 usbutils-008-r0.85.71.0.corei7_64 ncurses-tools-6.0+20160625-r0.64.corei7_64 cracklib-2.9.5-r0.64.corei7_64 libtirpc3-1.0.1-r0.64.corei7_64 python3-stringold-3.7.6-r0.56.71.0.corei7_64 libselinux-python-2.6-r0.65.71.0.corei7_64 libtinfo5-6.0+20160625-r0.64.corei7_64 tzdata-pacific-2020c-r0.27.71.0.noarch mdadm-git-r0.57.corei7_64 libpanelw5-6.0+20160625-r0.64.corei7_64 perl-module-re-5.22.1-r0.64.corei7_64 mingetty-1.08-r3.64.corei7_64 libfdisk1-2.28.1-r0.3.67.71.0.corei7_64 libstdc++6-4.9.1-r0.64.corei7_64 python-selectors2-2.0.1-r1.57.71.0.corei7_64 e2fsprogs-mke2fs-1.43-r1.67.71.0.corei7_64 python-ipy-0.83-r0.65.71.0.corei7_64 cpio-2.12-r0.64.corei7_64 libncurses5-6.0+20160625-r0.64.corei7_64 unionfs-fuse-0.26-r0.51.corei7_64 util-linux-mountpoint-2.28.1-r0.3.67.71.0.corei7_64 libmnl0-1.0.4-r0.64.corei7_64 pam-plugin-stress-1.3.0-r5.66.71.0.corei7_64 perl-module-b-5.22.1-r0.64.corei7_64 perl-module-encode-configlocal-pm-5.22.1-r0.64.corei7_64 python-smtpd-2.7.12-r1.65.71.0.corei7_64 perl-module-file-spec-5.22.1-r0.64.corei7_64 libsolvext0-0.6.33-r0.88.71.0.corei7_64 findutils-4.6.0-r0.65.71.0.corei7_64 libgdbm-bin-1.12-r0.64.corei7_64 perf-4.8.28-r9.210.71.0.wrlsdk_x86 perl-module-zmq-libzmq3-1.19-r0.66.corei7_64 python3-fcntl-3.7.6-r0.56.71.0.corei7_64 libyaml-0-dev-0.1.7-r0.64.corei7_64 python3-prettytable-0.7.2-r0.61.71.0.corei7_64 pam-plugin-umask-1.3.0-r5.66.71.0.corei7_64 tzdata-atlantic-2020c-r0.27.71.0.noarch libpython3.7m1.0-3.7.6-r0.56.71.0.corei7_64 efivar-0.24-r0.64.corei7_64 libmemusage-2.24-r0.64.corei7_64 libnpth0-1.2-r0.64.corei7_64 pciutils-ids-3.5.1-r0.87.71.0.corei7_64 libcrypto1.0.0-1.0.2j-r0.64.corei7_64 perl-module-base-5.22.1-r0.64.corei7_64 lvm2-udevrules-2.02.180-r0.53.71.0.corei7_64 libglib-2.0-0-1:2.48.2-r0.68.71.0.corei7_64 python-contextlib-2.7.12-r1.65.71.0.corei7_64 util-linux-bash-completion-2.28.1-r0.3.67.71.0.corei7_64 libassuan0-2.4.3-r0.64.corei7_64 libxslt-1.1.29-r0.66.71.0.corei7_64 psmisc-22.21-r0.2.65.71.0.corei7_64 perl-module-file-spec-unix-5.22.1-r0.64.corei7_64 perl-module-carp-clan-6.04-r0.64.corei7_64 perl-module-utf8-5.22.1-r0.64.corei7_64 mtd-utils-misc-1.5.2-r0.69.71.0.corei7_64 pciutils-3.5.1-r0.87.71.0.corei7_64 dhcp-server-config-4.3.4-r0.70.71.0.corei7_64 openssh-7.3p1-r0.5.73.71.0.corei7_64 dnf-plugins-core-2.1.5+git0+8d1f1758be-r0.69.71.0.corei7_64 python-pycrypto-2.6.1-r0.57.71.0.corei7_64 grub-editenv-2.02-r0.65.corei7_64 perl-module-dynaloader-5.22.1-r0.64.corei7_64 cryptodev-linux-1.8-r0.64.corei7_64 util-linux-mkfs.cramfs-2.28.1-r0.3.67.71.0.corei7_64 ima-evm-utils-evmctl.static-1.0+git0+3e2a67bdb0-r0.64.corei7_64 perl-module-compress-zlib-5.22.1-r0.64.corei7_64 perl-module-io-compress-gzip-constants-5.22.1-r0.64.corei7_64 python3-image-3.7.6-r0.56.71.0.corei7_64 base-passwd-update-3.5.29-r0.1.65.corei7_64 python-pkgutil-2.7.12-r1.65.71.0.corei7_64 util-linux-prlimit-2.28.1-r0.3.67.71.0.corei7_64 python-pickle-2.7.12-r1.65.71.0.corei7_64 grub-common-2.02-r0.65.corei7_64 python3-textutils-3.7.6-r0.56.71.0.corei7_64 gpgme-1.10.0-r0.69.71.0.corei7_64 util-linux-readprofile-2.28.1-r0.3.67.71.0.corei7_64 sqlite3-3:3.14.1-r0.64.corei7_64 perl-5.22.1-r0.64.corei7_64 tzcode-2.24-r0.64.corei7_64 perl-module-common-sense-3.74-r0.64.corei7_64 killall-22.21-r0.2.65.71.0.corei7_64 perl-module-io-file-5.22.1-r0.64.corei7_64 perl-module-lib-5.22.1-r0.64.corei7_64 kexec-2.0.17-r0.47.corei7_64 python3-signal-3.7.6-r0.56.71.0.corei7_64 lvm2-2.02.180-r0.53.71.0.corei7_64 python3-numbers-3.7.6-r0.56.71.0.corei7_64 libsemanage-python-2.6-r0.66.71.0.corei7_64 python3-email-3.7.6-r0.56.71.0.corei7_64 sepolgen-2.6-r0.65.71.0.corei7_64 tunctl-1.5-r0.65.corei7_64 tzdata-antarctica-2020c-r0.27.71.0.noarch librepo0-1.7.20+git0+e1137cbbda-r0.73.71.0.corei7_64 netcat-0.7.1-r3.64.71.0.corei7_64 policycoreutils-hll-2.6-r0.67.71.0.corei7_64 python3-readline-3.7.6-r0.56.71.0.corei7_64 pam-plugin-xauth-1.3.0-r5.66.71.0.corei7_64 util-linux-mcookie-2.28.1-r0.3.67.71.0.corei7_64 libssh2-1-1.7.0-r0.67.corei7_64 python-syslog-2.7.12-r1.65.71.0.corei7_64 pam-plugin-cracklib-1.3.0-r5.66.71.0.corei7_64 python3-threading-3.7.6-r0.56.71.0.corei7_64 slang-2.3.1a-r0.64.corei7_64 iproute2-ss-4.7.0-r0.66.71.0.corei7_64 perl-module-subs-5.22.1-r0.64.corei7_64 perl-module-encode-config-5.22.1-r0.64.corei7_64 tcl-8.6.6-r0.65.corei7_64 openssl-conf-1.0.2j-r0.64.corei7_64 libcidn1-2.24-r0.64.corei7_64 libevent-2.1.8-r0.64.corei7_64 pam-plugin-postgresok-1.3.0-r5.66.71.0.corei7_64 openssl-misc-1.0.2j-r0.64.corei7_64 libusb-1.0-0-1.0.20-r0.64.corei7_64 python-2to3-2.7.12-r1.65.71.0.corei7_64 opkg-utils-0.3.2+git0+3ffece9bf1-r0.64.corei7_64 pam-plugin-wheel-1.3.0-r5.66.71.0.corei7_64 perl-module-pod-usage-5.22.1-r0.64.corei7_64 perl-module-text-parsewords-5.22.1-r0.64.corei7_64 e2fsprogs-tune2fs-1.43-r1.67.71.0.corei7_64 binutils-2.24-r0.64.corei7_64 libnl-nf-3-200-1:3.2.28-r0.64.corei7_64 acl-2.2.52-r0.64.corei7_64 python3-datetime-3.7.6-r0.56.71.0.corei7_64 python3-syslog-3.7.6-r0.56.71.0.corei7_64 lmsensors-isatools-3.4.0-r0.87.71.0.corei7_64 libbpf-4.8.28-r0.207.71.0.corei7_64 tzdata-arctic-2020c-r0.27.71.0.noarch libavahi-client3-0.6.32-r0.87.71.0.corei7_64 libfreetype6-2.6.5-r0.64.corei7_64 libtic5-6.0+20160625-r0.64.corei7_64 python3-netclient-3.7.6-r0.56.71.0.corei7_64 python3-prctl-1.7+git0+57cd0a7cad-r0.68.71.0.corei7_64 openssh-scp-7.3p1-r0.5.73.71.0.corei7_64 python3-mmap-3.7.6-r0.56.71.0.corei7_64 python-codecs-2.7.12-r1.65.71.0.corei7_64 perl-module-io-seekable-5.22.1-r0.64.corei7_64 base-files-3.0.14-r89.56.wrlsdk_x86 pam-plugin-console-1.3.0-r5.66.71.0.corei7_64 systemd-analyze-1:230+git0+3a74d4fc90-r0.85.71.0.corei7_64 perl-module-expect-1.32-r0.64.corei7_64 policycoreutils-fixfiles-2.6-r0.67.71.0.corei7_64 iputils-clockdiff-s20151218-r0.67.71.0.corei7_64 lmsensors-pwmconfig-3.4.0-r0.87.71.0.corei7_64 python-debugger-2.7.12-r1.65.71.0.corei7_64 perl-module-math-bigint-calc-5.22.1-r0.64.corei7_64 python3-importlib-3.7.6-r0.56.71.0.corei7_64 ldd-2.24-r0.64.corei7_64 dnsmasq-2.76-r0.64.corei7_64 pam-plugin-time-1.3.0-r5.66.71.0.corei7_64 libgnutls30-3.5.3-r0.65.corei7_64 perl-module-logfile-rotate-1.04-r0.64.corei7_64 util-linux-getopt-2.28.1-r0.3.67.71.0.corei7_64 util-linux-lscpu-2.28.1-r0.3.67.71.0.corei7_64 perl-module-utf8-heavy-5.22.1-r0.64.corei7_64 python3-pygpgme-0.3-r0.63.71.0.corei7_64 perl-module-overload-numbers-5.22.1-r0.64.corei7_64 usleep-1.0-r0.64.corei7_64 pstree-22.21-r0.2.65.71.0.corei7_64 python-crypt-2.7.12-r1.65.71.0.corei7_64 hdparm-9.56-r0.64.corei7_64 openssh-sftp-server-7.3p1-r0.5.73.71.0.corei7_64 dnf-bash-completion-2.7.5-r0.96.71.0.corei7_64 libperl5-5.22.1-r0.64.corei7_64 util-linux-blkid-2.28.1-r0.3.67.71.0.corei7_64 db-6.1.38-r1.26.corei7_64 libuio0-1.0-r2.64.corei7_64 python-paramiko-1.14.3-r0.57.71.0.corei7_64 libext2fs2-1.43-r1.67.71.0.corei7_64 unzip-1:6.0-r5.64.corei7_64 which-2.21-r3.64.corei7_64 inotify-tools-3.14-r0.64.corei7_64 python3-asyncio-3.7.6-r0.56.71.0.corei7_64 python3-libs-3.7.6-r0.56.71.0.corei7_64 libsysfs2-2.1.0-r5.64.corei7_64 sshfs-fuse-2.2-r1.69.71.0.corei7_64 libyajl2-2.1.0-r0.64.corei7_64 python3-lang-3.7.6-r0.56.71.0.corei7_64 policycoreutils-python-2.6-r0.67.71.0.corei7_64 pam-plugin-access-1.3.0-r5.66.71.0.corei7_64 glibc-gconv-ibm850-2.24-r0.64.corei7_64 python-math-2.7.12-r1.65.71.0.corei7_64 pam-plugin-succeed-if-1.3.0-r5.66.71.0.corei7_64 bzip2-1.0.6-r5.64.corei7_64 libpciaccess0-0.13.4-r0.64.corei7_64 tzdata-misc-2020c-r0.27.71.0.noarch libxml2-python-2.9.4-r0.66.71.0.corei7_64 libcap-bin-2.25-r0.66.71.0.corei7_64 libsensors4-3.4.0-r0.87.71.0.corei7_64 ethtool-4.6-r0.64.corei7_64 glibc-gconv-2.24-r0.64.corei7_64 gawk-4.1.3-r0.64.corei7_64 python-compression-2.7.12-r1.65.71.0.corei7_64 net-tools-1.60+26-r0.2.65.71.0.corei7_64 perl-module-mro-5.22.1-r0.64.corei7_64 libgdbm4-1.12-r0.64.corei7_64 python3-venv-3.7.6-r0.56.71.0.corei7_64 ccore-1.0-r4.68.corei7_64 cgroups-pam-plugin-0.41-r0.3.66.71.0.corei7_64 util-linux-uuidd-2.28.1-r0.3.67.71.0.corei7_64 gnupg-2.1.14-r0.67.71.0.corei7_64 util-linux-findfs-2.28.1-r0.3.67.71.0.corei7_64 bash-completion-extra-2.4-r0.64.corei7_64 librabbitmq4-0.10.0-r0.28.corei7_64 perl-module-encode-alias-5.22.1-r0.64.corei7_64 python3-html-3.7.6-r0.56.71.0.corei7_64 libudev1-1:230+git0+3a74d4fc90-r0.85.71.0.corei7_64 tzdata-africa-2020c-r0.27.71.0.noarch python-distutils-2.7.12-r1.65.71.0.corei7_64 libsodium13-1.0.1-r0.65.corei7_64 iputils-tracepath-s20151218-r0.67.71.0.corei7_64 perl-module-io-compress-gzip-5.22.1-r0.64.corei7_64 perl-module-scalar-util-5.22.1-r0.64.corei7_64 xz-5.2.2-r0.64.corei7_64 libssp0-4.9.1-r0.64.corei7_64 python3-shell-3.7.6-r0.56.71.0.corei7_64 python-ncclient-0.6.3-r0.58.71.0.corei7_64 python-six-1.10.0-r0.65.71.0.corei7_64 ncurses-terminfo-base-6.0+20160625-r0.64.corei7_64 python-unixadmin-2.7.12-r1.65.71.0.corei7_64 wr-init-1.0-r0.64.corei7_64 libncursesw5-6.0+20160625-r0.64.corei7_64 python3-difflib-3.7.6-r0.56.71.0.corei7_64 libudrv-0.1-r2.226.71.0.corei7_64 python3-debugger-3.7.6-r0.56.71.0.corei7_64 grpc-1.14.1-r0.47.corei7_64 grep-2.25-r0.64.corei7_64 e2fsprogs-1.43-r1.67.71.0.corei7_64 perl-module-io-5.22.1-r0.64.corei7_64 vmcore-dmesg-2.0.17-r0.47.corei7_64 util-linux-fsck.cramfs-2.28.1-r0.3.67.71.0.corei7_64 policycoreutils-2.6-r0.67.71.0.corei7_64 libss2-1.43-r1.67.71.0.corei7_64 perl-module-encode-mime-name-5.22.1-r0.64.corei7_64 util-linux-hwclock-2.28.1-r0.3.67.71.0.corei7_64 liblzo2-2-2.09-r0.64.corei7_64 openssh-sshd-7.3p1-r0.5.73.71.0.corei7_64 dpkg-start-stop-1.18.7-r0.64.corei7_64 perl-module-data-dumper-5.22.1-r0.64.corei7_64 tcp-wrappers-7.6-r10.64.corei7_64 perl-module-fcntl-5.22.1-r0.64.corei7_64 python3-subprocess-3.7.6-r0.56.71.0.corei7_64 tzdata-right-2020c-r0.27.71.0.noarch libpcreposix0-8.39-r09.64.corei7_64 perl-module-compress-raw-zlib-5.22.1-r0.64.corei7_64 python-networkx-1.11-r0.65.71.0.corei7_64 tzdata-europe-2020c-r0.27.71.0.noarch xr-identifier-xrd-cp-c-01-7.9.2v1.0.0-1.x86_64 libfuse2-2.9.4-r0.64.corei7_64 python-unittest-2.7.12-r1.65.71.0.corei7_64 python3-pyyaml-3.13-r0.69.71.0.corei7_64 mmc-utils-0.1-r0.7.corei7_64 iptables-1.6.0-r0.64.corei7_64 libprotobuf-compiler-3.11.3-r0.51.corei7_64 flex-2.6.0-r0.64.corei7_64 file-5.28-r0.64.corei7_64 lmsensors-sensors-3.4.0-r0.87.71.0.corei7_64 python3-netserver-3.7.6-r0.56.71.0.corei7_64 libgpg-error0-1.24-r0.64.corei7_64 fbset-2.1-r4.65.corei7_64 pam-plugin-debug-1.3.0-r5.66.71.0.corei7_64 python3-compile-3.7.6-r0.56.71.0.corei7_64 libcomps0.1.8-0.1.8+git0+01a4759894-r0.70.71.0.corei7_64 libnl-genl-3-200-1:3.2.28-r0.64.corei7_64 cryptsetup-1.7.2-r0.58.71.0.corei7_64 pam-plugin-namespace-1.3.0-r5.66.71.0.corei7_64 perl-module-time-hires-5.22.1-r0.64.corei7_64 sysstat-11.4.0-r0.88.71.0.corei7_64 python3-re-3.7.6-r0.56.71.0.corei7_64 python-doctest-2.7.12-r1.65.71.0.corei7_64 libaio1-0.3.110-r0.64.corei7_64 python3-pkgutil-3.7.6-r0.56.71.0.corei7_64 python3-logging-3.7.6-r0.56.71.0.corei7_64 libavahi-common3-0.6.32-r0.87.71.0.corei7_64 sudo-1.8.23-r0.2.13.71.0.corei7_64 perl-module-encode-5.22.1-r0.64.corei7_64 python-netserver-2.7.12-r1.65.71.0.corei7_64 pam-plugin-chroot-1.3.0-r5.66.71.0.corei7_64 tcpdump-4.7.4-r0.64.corei7_64 policycoreutils-setfiles-2.6-r0.67.71.0.corei7_64 python-stringold-2.7.12-r1.65.71.0.corei7_64 iputils-ping6-s20151218-r0.67.71.0.corei7_64 libprotobuf-lite22-3.11.3-r0.51.corei7_64 libselinux-bin-2.6-r0.65.71.0.corei7_64 pam-plugin-listfile-1.3.0-r5.66.71.0.corei7_64 python-argparse-2.7.12-r1.65.71.0.corei7_64 policycoreutils-sestatus-2.6-r0.67.71.0.corei7_64 python3-enum-3.7.6-r0.56.71.0.corei7_64 perl-module-io-compress-base-5.22.1-r0.64.corei7_64 python3-json-3.7.6-r0.56.71.0.corei7_64 python3-math-3.7.6-r0.56.71.0.corei7_64 perl-module-math-bigint-5.22.1-r0.64.corei7_64 python-email-2.7.12-r1.65.71.0.corei7_64 python-pprint-2.7.12-r1.65.71.0.corei7_64 python3-misc-3.7.6-r0.56.71.0.corei7_64 python3-iniparse-0.4-r0.69.71.0.corei7_64 time-1.7-r2.64.corei7_64 mtd-utils-1.5.2-r0.69.71.0.corei7_64 pam-plugin-localuser-1.3.0-r5.66.71.0.corei7_64 perl-module-bytes-5.22.1-r0.64.corei7_64 zeromq-4.1.5-r0.66.corei7_64 python3-argparse-3.7.6-r0.56.71.0.corei7_64 openssl-1.0.2j-r0.64.corei7_64 libe2p2-1.43-r1.67.71.0.corei7_64 python-shell-2.7.12-r1.65.71.0.corei7_64 python3-reprlib-3.7.6-r0.56.71.0.corei7_64 sysfsutils-2.1.0-r5.64.corei7_64 mktemp-1.7-r3.64.corei7_64 sg3-utils-1.42-r0.64.corei7_64 perl-module-io-uncompress-rawinflate-5.22.1-r0.64.corei7_64 perl-module-bytes-heavy-5.22.1-r0.64.corei7_64 policycoreutils-audit2allow-2.6-r0.67.71.0.corei7_64 mtools-4.0.18-r0.64.corei7_64 python-xmldiff-2.3-r0.57.71.0.corei7_64 perl-module-exporter-heavy-5.22.1-r0.64.corei7_64 perl-module-list-util-5.22.1-r0.64.corei7_64 iputils-tracepath6-s20151218-r0.67.71.0.corei7_64 perl-module-file-glob-5.22.1-r0.64.corei7_64 python3-mime-3.7.6-r0.56.71.0.corei7_64 expect-5.45-r1.65.corei7_64 cbt-1.0-r4.67.corei7_64 initscripts-functions-1.0-r155.3.57.corei7_64 e2fsprogs-e2fsck-1.43-r1.67.71.0.corei7_64 debianutils-run-parts-4.8-r0.64.corei7_64 update-alternatives-opkg-0.3.2+git0+3ffece9bf1-r0.64.corei7_64 libcares-utils-1.15.0+gitr0+e982924ace-r0.50.corei7_64 linux-hardening-1.0-r0.55.corei7_64 libc6-thread-db-2.24-r0.64.corei7_64 tzdata-posix-2020c-r0.27.71.0.noarch libffi6-3.2.1-r0.64.corei7_64 tzdata-2020c-r0.27.71.0.noarch libarchive-3.2.2-r0.66.71.0.corei7_64 bash-completion-2.4-r0.64.corei7_64 python-mime-2.7.12-r1.65.71.0.corei7_64 m4-1.4.17-r0.64.corei7_64 python3-xml-3.7.6-r0.56.71.0.corei7_64 setserial-2.17-r3.64.corei7_64 python3-smtpd-3.7.6-r0.56.71.0.corei7_64 util-linux-umount-2.28.1-r0.3.67.71.0.corei7_64 libunwind-1.1+git0+bc8698fd7e-r0.64.corei7_64 libelf1-0.166-r0.64.corei7_64 bind-9.11.6+P1-r0.3.60.71.0.corei7_64 libprotobuf22-3.11.3-r0.51.corei7_64 libcheck-0.10.0-r0.64.corei7_64 python3-six-1.10.0-r0.69.71.0.corei7_64 perl-module-tie-hash-5.22.1-r0.64.corei7_64 zip-3.0-r2.64.corei7_64 fuser-22.21-r0.2.65.71.0.corei7_64 pam-plugin-filter-1.3.0-r5.66.71.0.corei7_64 perl-module-zmq-constants-1.04-r0.64.corei7_64 util-linux-partx-2.28.1-r0.3.67.71.0.corei7_64 libreadline6-6.3-r0.64.corei7_64 perl-module-io-uncompress-base-5.22.1-r0.64.corei7_64 python3-ctypes-3.7.6-r0.56.71.0.corei7_64 e2fsprogs-badblocks-1.43-r1.67.71.0.corei7_64 perl-module-xsloader-5.22.1-r0.64.corei7_64 util-linux-swaponoff-2.28.1-r0.3.67.71.0.corei7_64 perl-module-file-copy-5.22.1-r0.64.corei7_64 python-compile-2.7.12-r1.65.71.0.corei7_64 perl-module-integer-5.22.1-r0.64.corei7_64 pam-plugin-loginuid-1.3.0-r5.66.71.0.corei7_64 i2c-tools-3.1.2-r0.64.corei7_64 perl-module-carp-5.22.1-r0.64.corei7_64 python-logging-2.7.12-r1.65.71.0.corei7_64 perl-module-term-cap-5.22.1-r0.64.corei7_64 python3-io-3.7.6-r0.56.71.0.corei7_64 util-linux-mkfs-2.28.1-r0.3.67.71.0.corei7_64 perl-module-linux-inotify2-1.22-r0.64.corei7_64 cisco-initscripts-systemd-0.1-r0.66.wrlsdk_x86 thin-provisioning-tools-0.6.3-r0.69.71.0.corei7_64 tree-1.7.0-r0.64.corei7_64 ima-evm-utils-1.0+git0+3e2a67bdb0-r0.64.corei7_64 libpanel5-6.0+20160625-r0.64.corei7_64 perl-module-io-compress-adapter-deflate-5.22.1-r0.64.corei7_64 libc6-utils-2.24-r0.64.corei7_64 pam-plugin-pwhistory-1.3.0-r5.66.71.0.corei7_64 sed-4.2.2-r0.3.65.71.0.corei7_64 policycoreutils-semodule-2.6-r0.67.71.0.corei7_64 elfutils-0.166-r0.64.corei7_64 ca-certificates-20210119-r0.20.noarch libnih-1.0.3-r2.86.71.0.corei7_64 pam-plugin-keyinit-1.3.0-r5.66.71.0.corei7_64 util-linux-2.28.1-r0.3.67.71.0.corei7_64 tzdata-australia-2020c-r0.27.71.0.noarch libyaml-0-2-0.1.7-r0.64.corei7_64 pam-plugin-echo-1.3.0-r5.66.71.0.corei7_64 perl-module-date-calc-6.4-r0.64.corei7_64 openssl-engines-1.0.2j-r0.64.corei7_64 sysklogd-1.5.1-r0.66.corei7_64 python3-unixadmin-3.7.6-r0.56.71.0.corei7_64 libitm1-4.9.1-r0.64.corei7_64 nss-3.60-r0.39.corei7_64 python-difflib-2.7.12-r1.65.71.0.corei7_64 at-3.1.20-r0.66.71.0.corei7_64 python-importlib-2.7.12-r1.65.71.0.corei7_64 python3-selectors-3.7.6-r0.56.71.0.corei7_64 python-readline-2.7.12-r1.65.71.0.corei7_64 procps-3.3.12-r0.65.corei7_64 python-json-2.7.12-r1.65.71.0.corei7_64 libsolv0-0.6.33-r0.88.71.0.corei7_64 python3-pprint-3.7.6-r0.56.71.0.corei7_64 keyutils-1.5.9-r1.64.corei7_64 ncurses-terminfo-6.0+20160625-r0.64.corei7_64 pam-plugin-tally-1.3.0-r5.66.71.0.corei7_64 perl-module-getopt-long-5.22.1-r0.64.corei7_64 perl-module-b-deparse-5.22.1-r0.64.corei7_64 perl-module-getopt-std-5.22.1-r0.64.corei7_64 dhcp-lib-4.3.4-r0.70.71.0.corei7_64 python-lxml-3.6.4-r0.58.71.0.corei7_64 less-481-r0.64.corei7_64 python3-distutils-3.7.6-r0.56.71.0.corei7_64 bash-4.3.30-r0.65.corei7_64 python-datetime-2.7.12-r1.65.71.0.corei7_64 efibootmgr-0.12-r0.87.71.0.corei7_64 libcom-err2-1.43-r1.67.71.0.corei7_64 util-linux-losetup-2.28.1-r0.3.67.71.0.corei7_64 perl-module-feature-5.22.1-r0.64.corei7_64 util-linux-fsck-2.28.1-r0.3.67.71.0.corei7_64 libdevmapper-2.02.180-r0.52.71.0.corei7_64 libdnf1-0.11.1-r0.91.71.0.corei7_64 libnl-route-3-200-1:3.2.28-r0.64.corei7_64 fuse-utils-2.9.4-r0.64.corei7_64 python3-codecs-3.7.6-r0.56.71.0.corei7_64 python3-dev-3.7.6-r0.56.71.0.corei7_64 libprotobuf-c1-1.3.3-r0.51.corei7_64 nftables-0.6-r0.64.corei7_64 libidn11-1.33-r0.64.corei7_64 dosfstools-4.0-r0.64.corei7_64 util-linux-fdisk-2.28.1-r0.3.67.71.0.corei7_64 pam-plugin-tally2-1.3.0-r5.66.71.0.corei7_64 python-threading-2.7.12-r1.65.71.0.corei7_64 bridge-utils-1.5-r0.64.corei7_64 curl-7.50.1-r0.66.corei7_64 python3-rpm-1:4.14.1-r0.88.71.0.corei7_64 zstd-1.33+git0+f3a8bd553a-r0.50.corei7_64 tzdata-americas-2020c-r0.27.71.0.noarch util-linux-cfdisk-2.28.1-r0.3.67.71.0.corei7_64 nettle-3.2-r0.65.corei7_64 perl-module-overloading-5.22.1-r0.64.corei7_64 libsmartcols1-2.28.1-r0.3.67.71.0.corei7_64 pam-plugin-timestamp-1.3.0-r5.66.71.0.corei7_64 perl-module-overload-5.22.1-r0.64.corei7_64 systemd-initramfs-1:230+git0+3a74d4fc90-r0.85.71.0.corei7_64 python-textutils-2.7.12-r1.65.71.0.corei7_64 perl-module-symbol-5.22.1-r0.64.corei7_64 iputils-s20151218-r0.67.71.0.corei7_64 iw-4.7-r0.65.corei7_64 libsegfault-2.24-r0.64.corei7_64 efitools-1.7.0+git0+791e4639ee-r0.76.corei7_64 lxc-2.0.8-r0.36.71.0.corei7_64 lmsensors-fancontrol-3.4.0-r0.87.71.0.corei7_64 
2026-08-10T14:28:21Z DDEBUG Installroot: /
2026-08-10T14:28:21Z DDEBUG Releasever: 1
2026-08-10T14:28:21Z DEBUG cachedir: /var/volatile/cache/dnf
2026-08-10T14:28:21Z DDEBUG Base command: mark
2026-08-10T14:28:21Z DDEBUG Extra commands: ['--disableplugin=local', '-c', '/etc/opt/cisco/iosxr/install/dnf/dnf.conf.instorch', 'mark', '--no-wrap', '--refresh', '--', 'remove', 'python-subprocess-2.7.12-r1.65.71.0.corei7_64', 'lz4-131+git0+d86dc91677-r0.64.corei7_64', 'policycoreutils-secon-2.6-r0.67.71.0.corei7_64', 'libpcap1-1.7.4-r0.64.corei7_64', 'pam-plugin-ftp-1.3.0-r5.66.71.0.corei7_64', 'perl-module-errno-5.22.1-r0.64.corei7_64', 'openssh-keygen-7.3p1-r0.5.73.71.0.corei7_64', 'perl-module-file-basename-5.22.1-r0.64.corei7_64', 'dnf-2.7.5-r0.96.71.0.corei7_64', 'libcurl4-7.50.1-r0.66.corei7_64', 'python-html-2.7.12-r1.65.71.0.corei7_64', 'python3-audio-3.7.6-r0.56.71.0.corei7_64', 'python-zlib-2.7.12-r1.65.71.0.corei7_64', 'python3-crypt-3.7.6-r0.56.71.0.corei7_64', 'libgmp10-6.1.1-r0.64.corei7_64', 'python3-core-3.7.6-r0.56.71.0.corei7_64', 'perl-module-io-compress-rawdeflate-5.22.1-r0.64.corei7_64', 'libltdl7-2.4.6-r0.64.corei7_64', 'cisco-grub-1.0-r0.96.corei7_64', 'dhcp-server-4.3.4-r0.70.71.0.corei7_64', 'mtd-utils-jffs2-1.5.2-r0.69.71.0.corei7_64', 'python-image-2.7.12-r1.65.71.0.corei7_64', 'python-fcntl-2.7.12-r1.65.71.0.corei7_64', 'perl-module-constant-5.22.1-r0.64.corei7_64', 'iproute2-4.7.0-r0.66.71.0.corei7_64', 'nspr-4.29-r0.38.corei7_64', 'pam-filter-upperlower-1.3.0-r5.66.71.0.corei7_64', 'gzip-1.8-r0.64.corei7_64', 'python-ctypes-2.7.12-r1.65.71.0.corei7_64', 'parted-3.2-r1.2.67.71.0.corei7_64', 'rpm-1:4.14.1-r0.88.71.0.corei7_64', 'diffutils-3.4-r0.64.corei7_64', 'smartmontools-6.5-r0.67.71.0.corei7_64', 'openssh-ssh-7.3p1-r0.5.73.71.0.corei7_64', 'libasm1-0.166-r0.64.corei7_64', 'createrepo-c-0.10.0+git0+748891ff8e-r0.91.71.0.corei7_64', 'perl-module-exporter-5.22.1-r0.64.corei7_64', 'perl-module-posix-5.22.1-r0.64.corei7_64', 'perl-module-json-pp-5.22.1-r0.64.corei7_64', 'python-ecdsa-0.11-r0.57.71.0.corei7_64', 'perl-module-math-bigfloat-5.22.1-r0.64.corei7_64', 'util-linux-sfdisk-2.28.1-r0.3.67.71.0.corei7_64', 'libpopt0-1.16-r3.64.corei7_64', 'makedumpfile-1.6.7-r0.47.corei7_64', 'python3-pydoc-3.7.6-r0.56.71.0.corei7_64', 'python-setuptools-22.0.5-r0.65.71.0.corei7_64', 'tzdata-asia-2020c-r0.27.71.0.noarch', 'busybox-1.24.1-r0.1.67.71.0.corei7_64', 'netbase-1:5.3-r0.64.corei7_64', 'logrotate-3.9.1-r0.67.71.0.corei7_64', 'python-plistlib-2.7.12-r1.65.71.0.corei7_64', 'libksba8-1.3.4-r0.64.corei7_64', 'tar-1.29-r0.65.71.0.corei7_64', 'perl-module-encode-encoding-5.22.1-r0.64.corei7_64', 'libpci3-3.5.1-r0.87.71.0.corei7_64', 'python3-xmlrpc-3.7.6-r0.56.71.0.corei7_64', 'perl-module-io-uncompress-adapter-inflate-5.22.1-r0.64.corei7_64', 'mtd-utils-ubifs-1.5.2-r0.69.71.0.corei7_64', 'python-curses-2.7.12-r1.65.71.0.corei7_64', 'python3-typing-3.7.6-r0.56.71.0.corei7_64', 'perl-module-io-handle-5.22.1-r0.64.corei7_64', 'python-decorator-4.0.10-r0.65.71.0.corei7_64', 'util-linux-uuidgen-2.28.1-r0.3.67.71.0.corei7_64', 'python-netclient-2.7.12-r1.65.71.0.corei7_64', 'python-xml-2.7.12-r1.65.71.0.corei7_64', 'run-postinsts-1.0-r9.55.noarch', 'perl-module-cwd-5.22.1-r0.64.corei7_64', 'dhcp-client-4.3.4-r0.70.71.0.corei7_64', 'perl-module-io-compress-zlib-extra-5.22.1-r0.64.corei7_64', 'setools-4.1.0-r0.65.71.0.corei7_64', 'initscripts-1.0-r155.3.57.corei7_64', 'strace-4.13-r0.85.71.0.corei7_64', 'libjansson4-2.9-r0.57.corei7_64', 'ncurses-6.0+20160625-r0.64.corei7_64', 'tzdata-core-2020c-r0.27.71.0.noarch', 'pam-plugin-rhosts-1.3.0-r5.66.71.0.corei7_64', 'quota-4.03-r0.85.71.0.corei7_64', 'libgomp1-4.9.1-r0.64.corei7_64', 'libxml2-2.9.4-r0.66.71.0.corei7_64', 'libwrap0-7.6-r10.64.corei7_64', 'python3-multiprocessing-3.7.6-r0.56.71.0.corei7_64', 'vim-8.2.4314-r0.11.71.0.corei7_64', 'python3-curses-3.7.6-r0.56.71.0.corei7_64', 'perl-module-io-compress-base-common-5.22.1-r0.64.corei7_64', 'python-enum34-1.1.6-r0.65.71.0.corei7_64', 'libnl-3-200-1:3.2.28-r0.64.corei7_64', 'libssl1.0.0-1.0.2j-r0.64.corei7_64', 'rsync-3.1.2-r0.65.corei7_64', 'util-linux-fstrim-2.28.1-r0.3.67.71.0.corei7_64', 'packagegroup-core-boot-1.0-r17.64.wrlsdk_x86', 'python-audio-2.7.12-r1.65.71.0.corei7_64', 'pam-plugin-mkhomedir-1.3.0-r5.66.71.0.corei7_64', 'perl-module-selectsaver-5.22.1-r0.64.corei7_64', 'vim-common-8.2.4314-r0.11.71.0.corei7_64', 'libcgroup-0.41-r0.3.66.71.0.corei7_64', 'lsof-4.89-r0.2.65.71.0.corei7_64', 'python3-compression-3.7.6-r0.56.71.0.corei7_64', 'libtcl8.6-0-8.6.6-r0.65.corei7_64', 'util-linux-reset-2.28.1-r0.3.67.71.0.corei7_64', 'debianutils-4.8-r0.64.corei7_64', 'python-numbers-2.7.12-r1.65.71.0.corei7_64', 'libnftnl4-1.0.6-r0.64.corei7_64', 'coreutils-8.25-r0.66.71.0.corei7_64', 'e2fsprogs-resize2fs-1.43-r1.67.71.0.corei7_64', 'attr-2.4.47-r0.64.corei7_64', 'iputils-traceroute6-s20151218-r0.67.71.0.corei7_64', 'libc6-pcprofile-2.24-r0.64.corei7_64', 'libseccomp-2.3.1+git0+937e774d8c-r0.64.corei7_64', 'libsotruss-2.24-r0.64.corei7_64', 'libhiredis0.14-0.14.0-r0.45.71.0.corei7_64', 'nvme-cli-1.12+git0+949d0aea73-r0.40.71.0.corei7_64', 'libprotobuf-c-compiler-1.3.3-r0.51.corei7_64', 'perl-module-io-uncompress-gunzip-5.22.1-r0.64.corei7_64', 'systemd-compat-units-1.0-r29.64.corei7_64', 'systemd-kernel-install-1:230+git0+3a74d4fc90-r0.85.71.0.corei7_64', 'python3-sqlite3-3.7.6-r0.56.71.0.corei7_64', 'gflags-2.2.2-r0.50.corei7_64', 'python3-gpg-1.10.0-r0.69.71.0.corei7_64', 'libsqlite3-0-3:3.14.1-r0.64.corei7_64', 'libgcrypt-1.7.3-r0.66.71.0.corei7_64', 'util-linux-runuser-2.28.1-r0.3.67.71.0.corei7_64', 'iputils-arping-s20151218-r0.67.71.0.corei7_64', 'python3-pickle-3.7.6-r0.56.71.0.corei7_64', 'db-bin-6.1.38-r1.26.corei7_64', 'libcares2-1.15.0+gitr0+e982924ace-r0.50.corei7_64', 'libcyaml1-1.1-r0.50.corei7_64', 'systemd-1:230+git0+3a74d4fc90-r0.85.71.0.corei7_64', 'systemd-bash-completion-1:230+git0+3a74d4fc90-r0.85.71.0.corei7_64', 'pam-plugin-issue-1.3.0-r5.66.71.0.corei7_64', 'gettext-runtime-0.19.8.1-r0.64.corei7_64', 'perl-module-file-globmapper-5.22.1-r0.64.corei7_64', 'python-io-2.7.12-r1.65.71.0.corei7_64', 'udev-hwdb-1:230+git0+3a74d4fc90-r0.85.71.0.corei7_64', 'libdw1-0.166-r0.64.corei7_64', 'libticw5-6.0+20160625-r0.64.corei7_64', 'os-release-1.0-r0.55.noarch', 'pam-plugin-exec-1.3.0-r5.66.71.0.corei7_64', 'perl-module-io-tty-1.12-r0.64.corei7_64', 'dmidecode-3.2-r0.49.corei7_64', 'libulockmgr1-2.9.4-r0.64.corei7_64', 'policycoreutils-semanage-2.6-r0.67.71.0.corei7_64', 'kmod-bash-completion-23+git0+65a885df5f-r0.64.corei7_64', 'iputils-ping-s20151218-r0.67.71.0.corei7_64', 'wget-1.18-r0.65.corei7_64', 'cronie-1.5.1-r0.2.67.71.0.corei7_64', 'sdparm-1.10-r0.64.corei7_64', 'usbutils-008-r0.85.71.0.corei7_64', 'ncurses-tools-6.0+20160625-r0.64.corei7_64', 'cracklib-2.9.5-r0.64.corei7_64', 'libtirpc3-1.0.1-r0.64.corei7_64', 'python3-stringold-3.7.6-r0.56.71.0.corei7_64', 'libselinux-python-2.6-r0.65.71.0.corei7_64', 'libtinfo5-6.0+20160625-r0.64.corei7_64', 'tzdata-pacific-2020c-r0.27.71.0.noarch', 'mdadm-git-r0.57.corei7_64', 'libpanelw5-6.0+20160625-r0.64.corei7_64', 'perl-module-re-5.22.1-r0.64.corei7_64', 'mingetty-1.08-r3.64.corei7_64', 'libfdisk1-2.28.1-r0.3.67.71.0.corei7_64', 'libstdc++6-4.9.1-r0.64.corei7_64', 'python-selectors2-2.0.1-r1.57.71.0.corei7_64', 'e2fsprogs-mke2fs-1.43-r1.67.71.0.corei7_64', 'python-ipy-0.83-r0.65.71.0.corei7_64', 'cpio-2.12-r0.64.corei7_64', 'libncurses5-6.0+20160625-r0.64.corei7_64', 'unionfs-fuse-0.26-r0.51.corei7_64', 'util-linux-mountpoint-2.28.1-r0.3.67.71.0.corei7_64', 'libmnl0-1.0.4-r0.64.corei7_64', 'pam-plugin-stress-1.3.0-r5.66.71.0.corei7_64', 'perl-module-b-5.22.1-r0.64.corei7_64', 'perl-module-encode-configlocal-pm-5.22.1-r0.64.corei7_64', 'python-smtpd-2.7.12-r1.65.71.0.corei7_64', 'perl-module-file-spec-5.22.1-r0.64.corei7_64', 'libsolvext0-0.6.33-r0.88.71.0.corei7_64', 'findutils-4.6.0-r0.65.71.0.corei7_64', 'libgdbm-bin-1.12-r0.64.corei7_64', 'perf-4.8.28-r9.210.71.0.wrlsdk_x86', 'perl-module-zmq-libzmq3-1.19-r0.66.corei7_64', 'python3-fcntl-3.7.6-r0.56.71.0.corei7_64', 'libyaml-0-dev-0.1.7-r0.64.corei7_64', 'python3-prettytable-0.7.2-r0.61.71.0.corei7_64', 'pam-plugin-umask-1.3.0-r5.66.71.0.corei7_64', 'tzdata-atlantic-2020c-r0.27.71.0.noarch', 'libpython3.7m1.0-3.7.6-r0.56.71.0.corei7_64', 'efivar-0.24-r0.64.corei7_64', 'libmemusage-2.24-r0.64.corei7_64', 'libnpth0-1.2-r0.64.corei7_64', 'pciutils-ids-3.5.1-r0.87.71.0.corei7_64', 'libcrypto1.0.0-1.0.2j-r0.64.corei7_64', 'perl-module-base-5.22.1-r0.64.corei7_64', 'lvm2-udevrules-2.02.180-r0.53.71.0.corei7_64', 'libglib-2.0-0-1:2.48.2-r0.68.71.0.corei7_64', 'python-contextlib-2.7.12-r1.65.71.0.corei7_64', 'util-linux-bash-completion-2.28.1-r0.3.67.71.0.corei7_64', 'libassuan0-2.4.3-r0.64.corei7_64', 'libxslt-1.1.29-r0.66.71.0.corei7_64', 'psmisc-22.21-r0.2.65.71.0.corei7_64', 'perl-module-file-spec-unix-5.22.1-r0.64.corei7_64', 'perl-module-carp-clan-6.04-r0.64.corei7_64', 'perl-module-utf8-5.22.1-r0.64.corei7_64', 'mtd-utils-misc-1.5.2-r0.69.71.0.corei7_64', 'pciutils-3.5.1-r0.87.71.0.corei7_64', 'dhcp-server-config-4.3.4-r0.70.71.0.corei7_64', 'openssh-7.3p1-r0.5.73.71.0.corei7_64', 'dnf-plugins-core-2.1.5+git0+8d1f1758be-r0.69.71.0.corei7_64', 'python-pycrypto-2.6.1-r0.57.71.0.corei7_64', 'grub-editenv-2.02-r0.65.corei7_64', 'perl-module-dynaloader-5.22.1-r0.64.corei7_64', 'cryptodev-linux-1.8-r0.64.corei7_64', 'util-linux-mkfs.cramfs-2.28.1-r0.3.67.71.0.corei7_64', 'ima-evm-utils-evmctl.static-1.0+git0+3e2a67bdb0-r0.64.corei7_64', 'perl-module-compress-zlib-5.22.1-r0.64.corei7_64', 'perl-module-io-compress-gzip-constants-5.22.1-r0.64.corei7_64', 'python3-image-3.7.6-r0.56.71.0.corei7_64', 'base-passwd-update-3.5.29-r0.1.65.corei7_64', 'python-pkgutil-2.7.12-r1.65.71.0.corei7_64', 'util-linux-prlimit-2.28.1-r0.3.67.71.0.corei7_64', 'python-pickle-2.7.12-r1.65.71.0.corei7_64', 'grub-common-2.02-r0.65.corei7_64', 'python3-textutils-3.7.6-r0.56.71.0.corei7_64', 'gpgme-1.10.0-r0.69.71.0.corei7_64', 'util-linux-readprofile-2.28.1-r0.3.67.71.0.corei7_64', 'sqlite3-3:3.14.1-r0.64.corei7_64', 'perl-5.22.1-r0.64.corei7_64', 'tzcode-2.24-r0.64.corei7_64', 'perl-module-common-sense-3.74-r0.64.corei7_64', 'killall-22.21-r0.2.65.71.0.corei7_64', 'perl-module-io-file-5.22.1-r0.64.corei7_64', 'perl-module-lib-5.22.1-r0.64.corei7_64', 'kexec-2.0.17-r0.47.corei7_64', 'python3-signal-3.7.6-r0.56.71.0.corei7_64', 'lvm2-2.02.180-r0.53.71.0.corei7_64', 'python3-numbers-3.7.6-r0.56.71.0.corei7_64', 'libsemanage-python-2.6-r0.66.71.0.corei7_64', 'python3-email-3.7.6-r0.56.71.0.corei7_64', 'sepolgen-2.6-r0.65.71.0.corei7_64', 'tunctl-1.5-r0.65.corei7_64', 'tzdata-antarctica-2020c-r0.27.71.0.noarch', 'librepo0-1.7.20+git0+e1137cbbda-r0.73.71.0.corei7_64', 'netcat-0.7.1-r3.64.71.0.corei7_64', 'policycoreutils-hll-2.6-r0.67.71.0.corei7_64', 'python3-readline-3.7.6-r0.56.71.0.corei7_64', 'pam-plugin-xauth-1.3.0-r5.66.71.0.corei7_64', 'util-linux-mcookie-2.28.1-r0.3.67.71.0.corei7_64', 'libssh2-1-1.7.0-r0.67.corei7_64', 'python-syslog-2.7.12-r1.65.71.0.corei7_64', 'pam-plugin-cracklib-1.3.0-r5.66.71.0.corei7_64', 'python3-threading-3.7.6-r0.56.71.0.corei7_64', 'slang-2.3.1a-r0.64.corei7_64', 'iproute2-ss-4.7.0-r0.66.71.0.corei7_64', 'perl-module-subs-5.22.1-r0.64.corei7_64', 'perl-module-encode-config-5.22.1-r0.64.corei7_64', 'tcl-8.6.6-r0.65.corei7_64', 'openssl-conf-1.0.2j-r0.64.corei7_64', 'libcidn1-2.24-r0.64.corei7_64', 'libevent-2.1.8-r0.64.corei7_64', 'pam-plugin-postgresok-1.3.0-r5.66.71.0.corei7_64', 'openssl-misc-1.0.2j-r0.64.corei7_64', 'libusb-1.0-0-1.0.20-r0.64.corei7_64', 'python-2to3-2.7.12-r1.65.71.0.corei7_64', 'opkg-utils-0.3.2+git0+3ffece9bf1-r0.64.corei7_64', 'pam-plugin-wheel-1.3.0-r5.66.71.0.corei7_64', 'perl-module-pod-usage-5.22.1-r0.64.corei7_64', 'perl-module-text-parsewords-5.22.1-r0.64.corei7_64', 'e2fsprogs-tune2fs-1.43-r1.67.71.0.corei7_64', 'binutils-2.24-r0.64.corei7_64', 'libnl-nf-3-200-1:3.2.28-r0.64.corei7_64', 'acl-2.2.52-r0.64.corei7_64', 'python3-datetime-3.7.6-r0.56.71.0.corei7_64', 'python3-syslog-3.7.6-r0.56.71.0.corei7_64', 'lmsensors-isatools-3.4.0-r0.87.71.0.corei7_64', 'libbpf-4.8.28-r0.207.71.0.corei7_64', 'tzdata-arctic-2020c-r0.27.71.0.noarch', 'libavahi-client3-0.6.32-r0.87.71.0.corei7_64', 'libfreetype6-2.6.5-r0.64.corei7_64', 'libtic5-6.0+20160625-r0.64.corei7_64', 'python3-netclient-3.7.6-r0.56.71.0.corei7_64', 'python3-prctl-1.7+git0+57cd0a7cad-r0.68.71.0.corei7_64', 'openssh-scp-7.3p1-r0.5.73.71.0.corei7_64', 'python3-mmap-3.7.6-r0.56.71.0.corei7_64', 'python-codecs-2.7.12-r1.65.71.0.corei7_64', 'perl-module-io-seekable-5.22.1-r0.64.corei7_64', 'base-files-3.0.14-r89.56.wrlsdk_x86', 'pam-plugin-console-1.3.0-r5.66.71.0.corei7_64', 'systemd-analyze-1:230+git0+3a74d4fc90-r0.85.71.0.corei7_64', 'perl-module-expect-1.32-r0.64.corei7_64', 'policycoreutils-fixfiles-2.6-r0.67.71.0.corei7_64', 'iputils-clockdiff-s20151218-r0.67.71.0.corei7_64', 'lmsensors-pwmconfig-3.4.0-r0.87.71.0.corei7_64', 'python-debugger-2.7.12-r1.65.71.0.corei7_64', 'perl-module-math-bigint-calc-5.22.1-r0.64.corei7_64', 'python3-importlib-3.7.6-r0.56.71.0.corei7_64', 'ldd-2.24-r0.64.corei7_64', 'dnsmasq-2.76-r0.64.corei7_64', 'pam-plugin-time-1.3.0-r5.66.71.0.corei7_64', 'libgnutls30-3.5.3-r0.65.corei7_64', 'perl-module-logfile-rotate-1.04-r0.64.corei7_64', 'util-linux-getopt-2.28.1-r0.3.67.71.0.corei7_64', 'util-linux-lscpu-2.28.1-r0.3.67.71.0.corei7_64', 'perl-module-utf8-heavy-5.22.1-r0.64.corei7_64', 'python3-pygpgme-0.3-r0.63.71.0.corei7_64', 'perl-module-overload-numbers-5.22.1-r0.64.corei7_64', 'usleep-1.0-r0.64.corei7_64', 'pstree-22.21-r0.2.65.71.0.corei7_64', 'python-crypt-2.7.12-r1.65.71.0.corei7_64', 'hdparm-9.56-r0.64.corei7_64', 'openssh-sftp-server-7.3p1-r0.5.73.71.0.corei7_64', 'dnf-bash-completion-2.7.5-r0.96.71.0.corei7_64', 'libperl5-5.22.1-r0.64.corei7_64', 'util-linux-blkid-2.28.1-r0.3.67.71.0.corei7_64', 'db-6.1.38-r1.26.corei7_64', 'libuio0-1.0-r2.64.corei7_64', 'python-paramiko-1.14.3-r0.57.71.0.corei7_64', 'libext2fs2-1.43-r1.67.71.0.corei7_64', 'unzip-1:6.0-r5.64.corei7_64', 'which-2.21-r3.64.corei7_64', 'inotify-tools-3.14-r0.64.corei7_64', 'python3-asyncio-3.7.6-r0.56.71.0.corei7_64', 'python3-libs-3.7.6-r0.56.71.0.corei7_64', 'libsysfs2-2.1.0-r5.64.corei7_64', 'sshfs-fuse-2.2-r1.69.71.0.corei7_64', 'libyajl2-2.1.0-r0.64.corei7_64', 'python3-lang-3.7.6-r0.56.71.0.corei7_64', 'policycoreutils-python-2.6-r0.67.71.0.corei7_64', 'pam-plugin-access-1.3.0-r5.66.71.0.corei7_64', 'glibc-gconv-ibm850-2.24-r0.64.corei7_64', 'python-math-2.7.12-r1.65.71.0.corei7_64', 'pam-plugin-succeed-if-1.3.0-r5.66.71.0.corei7_64', 'bzip2-1.0.6-r5.64.corei7_64', 'libpciaccess0-0.13.4-r0.64.corei7_64', 'tzdata-misc-2020c-r0.27.71.0.noarch', 'libxml2-python-2.9.4-r0.66.71.0.corei7_64', 'libcap-bin-2.25-r0.66.71.0.corei7_64', 'libsensors4-3.4.0-r0.87.71.0.corei7_64', 'ethtool-4.6-r0.64.corei7_64', 'glibc-gconv-2.24-r0.64.corei7_64', 'gawk-4.1.3-r0.64.corei7_64', 'python-compression-2.7.12-r1.65.71.0.corei7_64', 'net-tools-1.60+26-r0.2.65.71.0.corei7_64', 'perl-module-mro-5.22.1-r0.64.corei7_64', 'libgdbm4-1.12-r0.64.corei7_64', 'python3-venv-3.7.6-r0.56.71.0.corei7_64', 'ccore-1.0-r4.68.corei7_64', 'cgroups-pam-plugin-0.41-r0.3.66.71.0.corei7_64', 'util-linux-uuidd-2.28.1-r0.3.67.71.0.corei7_64', 'gnupg-2.1.14-r0.67.71.0.corei7_64', 'util-linux-findfs-2.28.1-r0.3.67.71.0.corei7_64', 'bash-completion-extra-2.4-r0.64.corei7_64', 'librabbitmq4-0.10.0-r0.28.corei7_64', 'perl-module-encode-alias-5.22.1-r0.64.corei7_64', 'python3-html-3.7.6-r0.56.71.0.corei7_64', 'libudev1-1:230+git0+3a74d4fc90-r0.85.71.0.corei7_64', 'tzdata-africa-2020c-r0.27.71.0.noarch', 'python-distutils-2.7.12-r1.65.71.0.corei7_64', 'libsodium13-1.0.1-r0.65.corei7_64', 'iputils-tracepath-s20151218-r0.67.71.0.corei7_64', 'perl-module-io-compress-gzip-5.22.1-r0.64.corei7_64', 'perl-module-scalar-util-5.22.1-r0.64.corei7_64', 'xz-5.2.2-r0.64.corei7_64', 'libssp0-4.9.1-r0.64.corei7_64', 'python3-shell-3.7.6-r0.56.71.0.corei7_64', 'python-ncclient-0.6.3-r0.58.71.0.corei7_64', 'python-six-1.10.0-r0.65.71.0.corei7_64', 'ncurses-terminfo-base-6.0+20160625-r0.64.corei7_64', 'python-unixadmin-2.7.12-r1.65.71.0.corei7_64', 'wr-init-1.0-r0.64.corei7_64', 'libncursesw5-6.0+20160625-r0.64.corei7_64', 'python3-difflib-3.7.6-r0.56.71.0.corei7_64', 'libudrv-0.1-r2.226.71.0.corei7_64', 'python3-debugger-3.7.6-r0.56.71.0.corei7_64', 'grpc-1.14.1-r0.47.corei7_64', 'grep-2.25-r0.64.corei7_64', 'e2fsprogs-1.43-r1.67.71.0.corei7_64', 'perl-module-io-5.22.1-r0.64.corei7_64', 'vmcore-dmesg-2.0.17-r0.47.corei7_64', 'util-linux-fsck.cramfs-2.28.1-r0.3.67.71.0.corei7_64', 'policycoreutils-2.6-r0.67.71.0.corei7_64', 'libss2-1.43-r1.67.71.0.corei7_64', 'perl-module-encode-mime-name-5.22.1-r0.64.corei7_64', 'util-linux-hwclock-2.28.1-r0.3.67.71.0.corei7_64', 'liblzo2-2-2.09-r0.64.corei7_64', 'openssh-sshd-7.3p1-r0.5.73.71.0.corei7_64', 'dpkg-start-stop-1.18.7-r0.64.corei7_64', 'perl-module-data-dumper-5.22.1-r0.64.corei7_64', 'tcp-wrappers-7.6-r10.64.corei7_64', 'perl-module-fcntl-5.22.1-r0.64.corei7_64', 'python3-subprocess-3.7.6-r0.56.71.0.corei7_64', 'tzdata-right-2020c-r0.27.71.0.noarch', 'libpcreposix0-8.39-r09.64.corei7_64', 'perl-module-compress-raw-zlib-5.22.1-r0.64.corei7_64', 'python-networkx-1.11-r0.65.71.0.corei7_64', 'tzdata-europe-2020c-r0.27.71.0.noarch', 'xr-identifier-xrd-cp-c-01-7.9.2v1.0.0-1.x86_64', 'libfuse2-2.9.4-r0.64.corei7_64', 'python-unittest-2.7.12-r1.65.71.0.corei7_64', 'python3-pyyaml-3.13-r0.69.71.0.corei7_64', 'mmc-utils-0.1-r0.7.corei7_64', 'iptables-1.6.0-r0.64.corei7_64', 'libprotobuf-compiler-3.11.3-r0.51.corei7_64', 'flex-2.6.0-r0.64.corei7_64', 'file-5.28-r0.64.corei7_64', 'lmsensors-sensors-3.4.0-r0.87.71.0.corei7_64', 'python3-netserver-3.7.6-r0.56.71.0.corei7_64', 'libgpg-error0-1.24-r0.64.corei7_64', 'fbset-2.1-r4.65.corei7_64', 'pam-plugin-debug-1.3.0-r5.66.71.0.corei7_64', 'python3-compile-3.7.6-r0.56.71.0.corei7_64', 'libcomps0.1.8-0.1.8+git0+01a4759894-r0.70.71.0.corei7_64', 'libnl-genl-3-200-1:3.2.28-r0.64.corei7_64', 'cryptsetup-1.7.2-r0.58.71.0.corei7_64', 'pam-plugin-namespace-1.3.0-r5.66.71.0.corei7_64', 'perl-module-time-hires-5.22.1-r0.64.corei7_64', 'sysstat-11.4.0-r0.88.71.0.corei7_64', 'python3-re-3.7.6-r0.56.71.0.corei7_64', 'python-doctest-2.7.12-r1.65.71.0.corei7_64', 'libaio1-0.3.110-r0.64.corei7_64', 'python3-pkgutil-3.7.6-r0.56.71.0.corei7_64', 'python3-logging-3.7.6-r0.56.71.0.corei7_64', 'libavahi-common3-0.6.32-r0.87.71.0.corei7_64', 'sudo-1.8.23-r0.2.13.71.0.corei7_64', 'perl-module-encode-5.22.1-r0.64.corei7_64', 'python-netserver-2.7.12-r1.65.71.0.corei7_64', 'pam-plugin-chroot-1.3.0-r5.66.71.0.corei7_64', 'tcpdump-4.7.4-r0.64.corei7_64', 'policycoreutils-setfiles-2.6-r0.67.71.0.corei7_64', 'python-stringold-2.7.12-r1.65.71.0.corei7_64', 'iputils-ping6-s20151218-r0.67.71.0.corei7_64', 'libprotobuf-lite22-3.11.3-r0.51.corei7_64', 'libselinux-bin-2.6-r0.65.71.0.corei7_64', 'pam-plugin-listfile-1.3.0-r5.66.71.0.corei7_64', 'python-argparse-2.7.12-r1.65.71.0.corei7_64', 'policycoreutils-sestatus-2.6-r0.67.71.0.corei7_64', 'python3-enum-3.7.6-r0.56.71.0.corei7_64', 'perl-module-io-compress-base-5.22.1-r0.64.corei7_64', 'python3-json-3.7.6-r0.56.71.0.corei7_64', 'python3-math-3.7.6-r0.56.71.0.corei7_64', 'perl-module-math-bigint-5.22.1-r0.64.corei7_64', 'python-email-2.7.12-r1.65.71.0.corei7_64', 'python-pprint-2.7.12-r1.65.71.0.corei7_64', 'python3-misc-3.7.6-r0.56.71.0.corei7_64', 'python3-iniparse-0.4-r0.69.71.0.corei7_64', 'time-1.7-r2.64.corei7_64', 'mtd-utils-1.5.2-r0.69.71.0.corei7_64', 'pam-plugin-localuser-1.3.0-r5.66.71.0.corei7_64', 'perl-module-bytes-5.22.1-r0.64.corei7_64', 'zeromq-4.1.5-r0.66.corei7_64', 'python3-argparse-3.7.6-r0.56.71.0.corei7_64', 'openssl-1.0.2j-r0.64.corei7_64', 'libe2p2-1.43-r1.67.71.0.corei7_64', 'python-shell-2.7.12-r1.65.71.0.corei7_64', 'python3-reprlib-3.7.6-r0.56.71.0.corei7_64', 'sysfsutils-2.1.0-r5.64.corei7_64', 'mktemp-1.7-r3.64.corei7_64', 'sg3-utils-1.42-r0.64.corei7_64', 'perl-module-io-uncompress-rawinflate-5.22.1-r0.64.corei7_64', 'perl-module-bytes-heavy-5.22.1-r0.64.corei7_64', 'policycoreutils-audit2allow-2.6-r0.67.71.0.corei7_64', 'mtools-4.0.18-r0.64.corei7_64', 'python-xmldiff-2.3-r0.57.71.0.corei7_64', 'perl-module-exporter-heavy-5.22.1-r0.64.corei7_64', 'perl-module-list-util-5.22.1-r0.64.corei7_64', 'iputils-tracepath6-s20151218-r0.67.71.0.corei7_64', 'perl-module-file-glob-5.22.1-r0.64.corei7_64', 'python3-mime-3.7.6-r0.56.71.0.corei7_64', 'expect-5.45-r1.65.corei7_64', 'cbt-1.0-r4.67.corei7_64', 'initscripts-functions-1.0-r155.3.57.corei7_64', 'e2fsprogs-e2fsck-1.43-r1.67.71.0.corei7_64', 'debianutils-run-parts-4.8-r0.64.corei7_64', 'update-alternatives-opkg-0.3.2+git0+3ffece9bf1-r0.64.corei7_64', 'libcares-utils-1.15.0+gitr0+e982924ace-r0.50.corei7_64', 'linux-hardening-1.0-r0.55.corei7_64', 'libc6-thread-db-2.24-r0.64.corei7_64', 'tzdata-posix-2020c-r0.27.71.0.noarch', 'libffi6-3.2.1-r0.64.corei7_64', 'tzdata-2020c-r0.27.71.0.noarch', 'libarchive-3.2.2-r0.66.71.0.corei7_64', 'bash-completion-2.4-r0.64.corei7_64', 'python-mime-2.7.12-r1.65.71.0.corei7_64', 'm4-1.4.17-r0.64.corei7_64', 'python3-xml-3.7.6-r0.56.71.0.corei7_64', 'setserial-2.17-r3.64.corei7_64', 'python3-smtpd-3.7.6-r0.56.71.0.corei7_64', 'util-linux-umount-2.28.1-r0.3.67.71.0.corei7_64', 'libunwind-1.1+git0+bc8698fd7e-r0.64.corei7_64', 'libelf1-0.166-r0.64.corei7_64', 'bind-9.11.6+P1-r0.3.60.71.0.corei7_64', 'libprotobuf22-3.11.3-r0.51.corei7_64', 'libcheck-0.10.0-r0.64.corei7_64', 'python3-six-1.10.0-r0.69.71.0.corei7_64', 'perl-module-tie-hash-5.22.1-r0.64.corei7_64', 'zip-3.0-r2.64.corei7_64', 'fuser-22.21-r0.2.65.71.0.corei7_64', 'pam-plugin-filter-1.3.0-r5.66.71.0.corei7_64', 'perl-module-zmq-constants-1.04-r0.64.corei7_64', 'util-linux-partx-2.28.1-r0.3.67.71.0.corei7_64', 'libreadline6-6.3-r0.64.corei7_64', 'perl-module-io-uncompress-base-5.22.1-r0.64.corei7_64', 'python3-ctypes-3.7.6-r0.56.71.0.corei7_64', 'e2fsprogs-badblocks-1.43-r1.67.71.0.corei7_64', 'perl-module-xsloader-5.22.1-r0.64.corei7_64', 'util-linux-swaponoff-2.28.1-r0.3.67.71.0.corei7_64', 'perl-module-file-copy-5.22.1-r0.64.corei7_64', 'python-compile-2.7.12-r1.65.71.0.corei7_64', 'perl-module-integer-5.22.1-r0.64.corei7_64', 'pam-plugin-loginuid-1.3.0-r5.66.71.0.corei7_64', 'i2c-tools-3.1.2-r0.64.corei7_64', 'perl-module-carp-5.22.1-r0.64.corei7_64', 'python-logging-2.7.12-r1.65.71.0.corei7_64', 'perl-module-term-cap-5.22.1-r0.64.corei7_64', 'python3-io-3.7.6-r0.56.71.0.corei7_64', 'util-linux-mkfs-2.28.1-r0.3.67.71.0.corei7_64', 'perl-module-linux-inotify2-1.22-r0.64.corei7_64', 'cisco-initscripts-systemd-0.1-r0.66.wrlsdk_x86', 'thin-provisioning-tools-0.6.3-r0.69.71.0.corei7_64', 'tree-1.7.0-r0.64.corei7_64', 'ima-evm-utils-1.0+git0+3e2a67bdb0-r0.64.corei7_64', 'libpanel5-6.0+20160625-r0.64.corei7_64', 'perl-module-io-compress-adapter-deflate-5.22.1-r0.64.corei7_64', 'libc6-utils-2.24-r0.64.corei7_64', 'pam-plugin-pwhistory-1.3.0-r5.66.71.0.corei7_64', 'sed-4.2.2-r0.3.65.71.0.corei7_64', 'policycoreutils-semodule-2.6-r0.67.71.0.corei7_64', 'elfutils-0.166-r0.64.corei7_64', 'ca-certificates-20210119-r0.20.noarch', 'libnih-1.0.3-r2.86.71.0.corei7_64', 'pam-plugin-keyinit-1.3.0-r5.66.71.0.corei7_64', 'util-linux-2.28.1-r0.3.67.71.0.corei7_64', 'tzdata-australia-2020c-r0.27.71.0.noarch', 'libyaml-0-2-0.1.7-r0.64.corei7_64', 'pam-plugin-echo-1.3.0-r5.66.71.0.corei7_64', 'perl-module-date-calc-6.4-r0.64.corei7_64', 'openssl-engines-1.0.2j-r0.64.corei7_64', 'sysklogd-1.5.1-r0.66.corei7_64', 'python3-unixadmin-3.7.6-r0.56.71.0.corei7_64', 'libitm1-4.9.1-r0.64.corei7_64', 'nss-3.60-r0.39.corei7_64', 'python-difflib-2.7.12-r1.65.71.0.corei7_64', 'at-3.1.20-r0.66.71.0.corei7_64', 'python-importlib-2.7.12-r1.65.71.0.corei7_64', 'python3-selectors-3.7.6-r0.56.71.0.corei7_64', 'python-readline-2.7.12-r1.65.71.0.corei7_64', 'procps-3.3.12-r0.65.corei7_64', 'python-json-2.7.12-r1.65.71.0.corei7_64', 'libsolv0-0.6.33-r0.88.71.0.corei7_64', 'python3-pprint-3.7.6-r0.56.71.0.corei7_64', 'keyutils-1.5.9-r1.64.corei7_64', 'ncurses-terminfo-6.0+20160625-r0.64.corei7_64', 'pam-plugin-tally-1.3.0-r5.66.71.0.corei7_64', 'perl-module-getopt-long-5.22.1-r0.64.corei7_64', 'perl-module-b-deparse-5.22.1-r0.64.corei7_64', 'perl-module-getopt-std-5.22.1-r0.64.corei7_64', 'dhcp-lib-4.3.4-r0.70.71.0.corei7_64', 'python-lxml-3.6.4-r0.58.71.0.corei7_64', 'less-481-r0.64.corei7_64', 'python3-distutils-3.7.6-r0.56.71.0.corei7_64', 'bash-4.3.30-r0.65.corei7_64', 'python-datetime-2.7.12-r1.65.71.0.corei7_64', 'efibootmgr-0.12-r0.87.71.0.corei7_64', 'libcom-err2-1.43-r1.67.71.0.corei7_64', 'util-linux-losetup-2.28.1-r0.3.67.71.0.corei7_64', 'perl-module-feature-5.22.1-r0.64.corei7_64', 'util-linux-fsck-2.28.1-r0.3.67.71.0.corei7_64', 'libdevmapper-2.02.180-r0.52.71.0.corei7_64', 'libdnf1-0.11.1-r0.91.71.0.corei7_64', 'libnl-route-3-200-1:3.2.28-r0.64.corei7_64', 'fuse-utils-2.9.4-r0.64.corei7_64', 'python3-codecs-3.7.6-r0.56.71.0.corei7_64', 'python3-dev-3.7.6-r0.56.71.0.corei7_64', 'libprotobuf-c1-1.3.3-r0.51.corei7_64', 'nftables-0.6-r0.64.corei7_64', 'libidn11-1.33-r0.64.corei7_64', 'dosfstools-4.0-r0.64.corei7_64', 'util-linux-fdisk-2.28.1-r0.3.67.71.0.corei7_64', 'pam-plugin-tally2-1.3.0-r5.66.71.0.corei7_64', 'python-threading-2.7.12-r1.65.71.0.corei7_64', 'bridge-utils-1.5-r0.64.corei7_64', 'curl-7.50.1-r0.66.corei7_64', 'python3-rpm-1:4.14.1-r0.88.71.0.corei7_64', 'zstd-1.33+git0+f3a8bd553a-r0.50.corei7_64', 'tzdata-americas-2020c-r0.27.71.0.noarch', 'util-linux-cfdisk-2.28.1-r0.3.67.71.0.corei7_64', 'nettle-3.2-r0.65.corei7_64', 'perl-module-overloading-5.22.1-r0.64.corei7_64', 'libsmartcols1-2.28.1-r0.3.67.71.0.corei7_64', 'pam-plugin-timestamp-1.3.0-r5.66.71.0.corei7_64', 'perl-module-overload-5.22.1-r0.64.corei7_64', 'systemd-initramfs-1:230+git0+3a74d4fc90-r0.85.71.0.corei7_64', 'python-textutils-2.7.12-r1.65.71.0.corei7_64', 'perl-module-symbol-5.22.1-r0.64.corei7_64', 'iputils-s20151218-r0.67.71.0.corei7_64', 'iw-4.7-r0.65.corei7_64', 'libsegfault-2.24-r0.64.corei7_64', 'efitools-1.7.0+git0+791e4639ee-r0.76.corei7_64', 'lxc-2.0.8-r0.36.71.0.corei7_64', 'lmsensors-fancontrol-3.4.0-r0.87.71.0.corei7_64']
2026-08-10T14:28:21Z DDEBUG timer: sack setup: 57 ms
2026-08-10T14:28:21Z DEBUG Excludes from versionlock plugin were not applied
2026-08-10T14:28:21Z INFO python-subprocess-2.7.12-r1.65.71.0.corei7_64 unmarked as user installed.
2026-08-10T14:28:21Z INFO lz4-131+git0+d86dc91677-r0.64.corei7_64 unmarked as user installed.
2026-08-10T14:28:21Z INFO policycoreutils-secon-2.6-r0.67.71.0.corei7_64 unmarked as user installed.
2026-08-10T14:28:21Z INFO libpcap1-1.7.4-r0.64.corei7_64 unmarked as user installed.
2026-08-10T14:28:21Z INFO pam-plugin-ftp-1.3.0-r5.66.71.0.corei7_64 unmarked as user installed.
2026-08-10T14:28:21Z INFO perl-module-errno-5.22.1-r0.64.corei7_64 unmarked as user installed.
2026-08-10T14:28:21Z INFO openssh-keygen-7.3p1-r0.5.73.71.0.corei7_64 unmarked as user installed.
2026-08-10T14:28:21Z INFO perl-module-file-basename-5.22.1-r0.64.corei7_64 unmarked as user installed.
2026-08-10T14:28:21Z INFO dnf-2.7.5-r0.96.71.0.corei7_64 unmarked as user installed.
2026-08-10T14:28:21Z INFO libcurl4-7.50.1-r0.66.corei7_64 unmarked as user installed.
2026-08-10T14:28:21Z INFO python-html-2.7.12-r1.65.71.0.corei7_64 unmarked as user installed.
2026-08-10T14:28:21Z INFO python3-audio-3.7.6-r0.56.71.0.corei7_64 unmarked as user installed.
2026-08-10T14:28:21Z INFO python-zlib-2.7.12-r1.65.71.0.corei7_64 unmarked as user installed.
2026-08-10T14:28:21Z INFO python3-crypt-3.7.6-r0.56.71.0.corei7_64 unmarked as user installed.
2026-08-10T14:28:21Z INFO libgmp10-6.1.1-r0.64.corei7_64 unmarked as user installed.
2026-08-10T14:28:21Z INFO python3-core-3.7.6-r0.56.71.0.corei7_64 unmarked as user installed.
2026-08-10T14:28:21Z INFO perl-module-io-compress-rawdeflate-5.22.1-r0.64.corei7_64 unmarked as user installed.
2026-08-10T14:28:21Z INFO libltdl7-2.4.6-r0.64.corei7_64 unmarked as user installed.
2026-08-10T14:28:21Z INFO cisco-grub-1.0-r0.96.corei7_64 unmarked as user installed.
2026-08-10T14:28:21Z INFO dhcp-server-4.3.4-r0.70.71.0.corei7_64 unmarked as user installed.
2026-08-10T14:28:21Z INFO mtd-utils-jffs2-1.5.2-r0.69.71.0.corei7_64 unmarked as user installed.
2026-08-10T14:28:21Z INFO python-image-2.7.12-r1.65.71.0.corei7_64 unmarked as user installed.
2026-08-10T14:28:21Z INFO python-fcntl-2.7.12-r1.65.71.0.corei7_64 unmarked as user installed.
2026-08-10T14:28:21Z INFO perl-module-constant-5.22.1-r0.64.corei7_64 unmarked as user installed.
2026-08-10T14:28:21Z INFO iproute2-4.7.0-r0.66.71.0.corei7_64 unmarked as user installed.
2026-08-10T14:28:21Z INFO nspr-4.29-r0.38.corei7_64 unmarked as user installed.
2026-08-10T14:28:21Z INFO pam-filter-upperlower-1.3.0-r5.66.71.0.corei7_64 unmarked as user installed.
2026-08-10T14:28:21Z INFO gzip-1.8-r0.64.corei7_64 unmarked as user installed.
2026-08-10T14:28:21Z INFO python-ctypes-2.7.12-r1.65.71.0.corei7_64 unmarked as user installed.
2026-08-10T14:28:21Z INFO parted-3.2-r1.2.67.71.0.corei7_64 unmarked as user installed.
2026-08-10T14:28:21Z INFO rpm-1:4.14.1-r0.88.71.0.corei7_64 unmarked as user installed.
2026-08-10T14:28:21Z INFO diffutils-3.4-r0.64.corei7_64 unmarked as user installed.
2026-08-10T14:28:21Z INFO smartmontools-6.5-r0.67.71.0.corei7_64 unmarked as user installed.
2026-08-10T14:28:21Z INFO openssh-ssh-7.3p1-r0.5.73.71.0.corei7_64 unmarked as user installed.
2026-08-10T14:28:21Z INFO libasm1-0.166-r0.64.corei7_64 unmarked as user installed.
2026-08-10T14:28:21Z INFO createrepo-c-0.10.0+git0+748891ff8e-r0.91.71.0.corei7_64 unmarked as user installed.
2026-08-10T14:28:21Z INFO perl-module-exporter-5.22.1-r0.64.corei7_64 unmarked as user installed.
2026-08-10T14:28:21Z INFO perl-module-posix-5.22.1-r0.64.corei7_64 unmarked as user installed.
2026-08-10T14:28:21Z INFO perl-module-json-pp-5.22.1-r0.64.corei7_64 unmarked as user installed.
2026-08-10T14:28:21Z INFO python-ecdsa-0.11-r0.57.71.0.corei7_64 unmarked as user installed.
2026-08-10T14:28:21Z INFO perl-module-math-bigfloat-5.22.1-r0.64.corei7_64 unmarked as user installed.
2026-08-10T14:28:21Z INFO util-linux-sfdisk-2.28.1-r0.3.67.71.0.corei7_64 unmarked as user installed.
2026-08-10T14:28:21Z INFO libpopt0-1.16-r3.64.corei7_64 unmarked as user installed.
2026-08-10T14:28:21Z INFO makedumpfile-1.6.7-r0.47.corei7_64 unmarked as user installed.
2026-08-10T14:28:21Z INFO python3-pydoc-3.7.6-r0.56.71.0.corei7_64 unmarked as user installed.
2026-08-10T14:28:21Z INFO python-setuptools-22.0.5-r0.65.71.0.corei7_64 unmarked as user installed.
2026-08-10T14:28:21Z INFO tzdata-asia-2020c-r0.27.71.0.noarch unmarked as user installed.
2026-08-10T14:28:21Z INFO busybox-1.24.1-r0.1.67.71.0.corei7_64 unmarked as user installed.
2026-08-10T14:28:21Z INFO netbase-1:5.3-r0.64.corei7_64 unmarked as user installed.
2026-08-10T14:28:21Z INFO logrotate-3.9.1-r0.67.71.0.corei7_64 unmarked as user installed.
2026-08-10T14:28:21Z INFO python-plistlib-2.7.12-r1.65.71.0.corei7_64 unmarked as user installed.
2026-08-10T14:28:21Z INFO libksba8-1.3.4-r0.64.corei7_64 unmarked as user installed.
2026-08-10T14:28:21Z INFO tar-1.29-r0.65.71.0.corei7_64 unmarked as user installed.
2026-08-10T14:28:21Z INFO perl-module-encode-encoding-5.22.1-r0.64.corei7_64 unmarked as user installed.
2026-08-10T14:28:21Z INFO libpci3-3.5.1-r0.87.71.0.corei7_64 unmarked as user installed.
2026-08-10T14:28:21Z INFO python3-xmlrpc-3.7.6-r0.56.71.0.corei7_64 unmarked as user installed.
2026-08-10T14:28:21Z INFO perl-module-io-uncompress-adapter-inflate-5.22.1-r0.64.corei7_64 unmarked as user installed.
2026-08-10T14:28:21Z INFO mtd-utils-ubifs-1.5.2-r0.69.71.0.corei7_64 unmarked as user installed.
2026-08-10T14:28:21Z INFO python-curses-2.7.12-r1.65.71.0.corei7_64 unmarked as user installed.
2026-08-10T14:28:21Z INFO python3-typing-3.7.6-r0.56.71.0.corei7_64 unmarked as user installed.
2026-08-10T14:28:21Z INFO perl-module-io-handle-5.22.1-r0.64.corei7_64 unmarked as user installed.
2026-08-10T14:28:21Z INFO python-decorator-4.0.10-r0.65.71.0.corei7_64 unmarked as user installed.
2026-08-10T14:28:21Z INFO util-linux-uuidgen-2.28.1-r0.3.67.71.0.corei7_64 unmarked as user installed.
2026-08-10T14:28:21Z INFO python-netclient-2.7.12-r1.65.71.0.corei7_64 unmarked as user installed.
2026-08-10T14:28:21Z INFO python-xml-2.7.12-r1.65.71.0.corei7_64 unmarked as user installed.
2026-08-10T14:28:21Z INFO run-postinsts-1.0-r9.55.noarch unmarked as user installed.
2026-08-10T14:28:21Z INFO perl-module-cwd-5.22.1-r0.64.corei7_64 unmarked as user installed.
2026-08-10T14:28:21Z INFO dhcp-client-4.3.4-r0.70.71.0.corei7_64 unmarked as user installed.
2026-08-10T14:28:21Z INFO perl-module-io-compress-zlib-extra-5.22.1-r0.64.corei7_64 unmarked as user installed.
2026-08-10T14:28:21Z INFO setools-4.1.0-r0.65.71.0.corei7_64 unmarked as user installed.
2026-08-10T14:28:21Z INFO initscripts-1.0-r155.3.57.corei7_64 unmarked as user installed.
2026-08-10T14:28:21Z INFO strace-4.13-r0.85.71.0.corei7_64 unmarked as user installed.
2026-08-10T14:28:21Z INFO libjansson4-2.9-r0.57.corei7_64 unmarked as user installed.
2026-08-10T14:28:21Z INFO ncurses-6.0+20160625-r0.64.corei7_64 unmarked as user installed.
2026-08-10T14:28:21Z INFO tzdata-core-2020c-r0.27.71.0.noarch unmarked as user installed.
2026-08-10T14:28:21Z INFO pam-plugin-rhosts-1.3.0-r5.66.71.0.corei7_64 unmarked as user installed.
2026-08-10T14:28:21Z INFO quota-4.03-r0.85.71.0.corei7_64 unmarked as user installed.
2026-08-10T14:28:21Z INFO libgomp1-4.9.1-r0.64.corei7_64 unmarked as user installed.
2026-08-10T14:28:21Z INFO libxml2-2.9.4-r0.66.71.0.corei7_64 unmarked as user installed.
2026-08-10T14:28:21Z INFO libwrap0-7.6-r10.64.corei7_64 unmarked as user installed.
2026-08-10T14:28:21Z INFO python3-multiprocessing-3.7.6-r0.56.71.0.corei7_64 unmarked as user installed.
2026-08-10T14:28:21Z INFO vim-8.2.4314-r0.11.71.0.corei7_64 unmarked as user installed.
2026-08-10T14:28:21Z INFO python3-curses-3.7.6-r0.56.71.0.corei7_64 unmarked as user installed.
2026-08-10T14:28:21Z INFO perl-module-io-compress-base-common-5.22.1-r0.64.corei7_64 unmarked as user installed.
2026-08-10T14:28:21Z INFO python-enum34-1.1.6-r0.65.71.0.corei7_64 unmarked as user installed.
2026-08-10T14:28:21Z INFO libnl-3-200-1:3.2.28-r0.64.corei7_64 unmarked as user installed.
2026-08-10T14:28:21Z INFO libssl1.0.0-1.0.2j-r0.64.corei7_64 unmarked as user installed.
2026-08-10T14:28:21Z INFO rsync-3.1.2-r0.65.corei7_64 unmarked as user installed.
2026-08-10T14:28:21Z INFO util-linux-fstrim-2.28.1-r0.3.67.71.0.corei7_64 unmarked as user installed.
2026-08-10T14:28:21Z INFO packagegroup-core-boot-1.0-r17.64.wrlsdk_x86 unmarked as user installed.
2026-08-10T14:28:21Z INFO python-audio-2.7.12-r1.65.71.0.corei7_64 unmarked as user installed.
2026-08-10T14:28:21Z INFO pam-plugin-mkhomedir-1.3.0-r5.66.71.0.corei7_64 unmarked as user installed.
2026-08-10T14:28:21Z INFO perl-module-selectsaver-5.22.1-r0.64.corei7_64 unmarked as user installed.
2026-08-10T14:28:21Z INFO vim-common-8.2.4314-r0.11.71.0.corei7_64 unmarked as user installed.
2026-08-10T14:28:21Z INFO libcgroup-0.41-r0.3.66.71.0.corei7_64 unmarked as user installed.
2026-08-10T14:28:21Z INFO lsof-4.89-r0.2.65.71.0.corei7_64 unmarked as user installed.
2026-08-10T14:28:21Z INFO python3-compression-3.7.6-r0.56.71.0.corei7_64 unmarked as user installed.
2026-08-10T14:28:21Z INFO libtcl8.6-0-8.6.6-r0.65.corei7_64 unmarked as user installed.
2026-08-10T14:28:21Z INFO util-linux-reset-2.28.1-r0.3.67.71.0.corei7_64 unmarked as user installed.
2026-08-10T14:28:21Z INFO debianutils-4.8-r0.64.corei7_64 unmarked as user installed.
2026-08-10T14:28:21Z INFO python-numbers-2.7.12-r1.65.71.0.corei7_64 unmarked as user installed.
2026-08-10T14:28:21Z INFO libnftnl4-1.0.6-r0.64.corei7_64 unmarked as user installed.
2026-08-10T14:28:21Z INFO coreutils-8.25-r0.66.71.0.corei7_64 unmarked as user installed.
2026-08-10T14:28:21Z INFO e2fsprogs-resize2fs-1.43-r1.67.71.0.corei7_64 unmarked as user installed.
2026-08-10T14:28:21Z INFO attr-2.4.47-r0.64.corei7_64 unmarked as user installed.
2026-08-10T14:28:21Z INFO iputils-traceroute6-s20151218-r0.67.71.0.corei7_64 unmarked as user installed.
2026-08-10T14:28:21Z INFO libc6-pcprofile-2.24-r0.64.corei7_64 unmarked as user installed.
2026-08-10T14:28:21Z INFO libseccomp-2.3.1+git0+937e774d8c-r0.64.corei7_64 unmarked as user installed.
2026-08-10T14:28:21Z INFO libsotruss-2.24-r0.64.corei7_64 unmarked as user installed.
2026-08-10T14:28:21Z INFO libhiredis0.14-0.14.0-r0.45.71.0.corei7_64 unmarked as user installed.
2026-08-10T14:28:21Z INFO nvme-cli-1.12+git0+949d0aea73-r0.40.71.0.corei7_64 unmarked as user installed.
2026-08-10T14:28:21Z INFO libprotobuf-c-compiler-1.3.3-r0.51.corei7_64 unmarked as user installed.
2026-08-10T14:28:21Z INFO perl-module-io-uncompress-gunzip-5.22.1-r0.64.corei7_64 unmarked as user installed.
2026-08-10T14:28:21Z INFO systemd-compat-units-1.0-r29.64.corei7_64 unmarked as user installed.
2026-08-10T14:28:21Z INFO systemd-kernel-install-1:230+git0+3a74d4fc90-r0.85.71.0.corei7_64 unmarked as user installed.
2026-08-10T14:28:21Z INFO python3-sqlite3-3.7.6-r0.56.71.0.corei7_64 unmarked as user installed.
2026-08-10T14:28:21Z INFO gflags-2.2.2-r0.50.corei7_64 unmarked as user installed.
2026-08-10T14:28:21Z INFO python3-gpg-1.10.0-r0.69.71.0.corei7_64 unmarked as user installed.
2026-08-10T14:28:21Z INFO libsqlite3-0-3:3.14.1-r0.64.corei7_64 unmarked as user installed.
2026-08-10T14:28:21Z INFO libgcrypt-1.7.3-r0.66.71.0.corei7_64 unmarked as user installed.
2026-08-10T14:28:21Z INFO util-linux-runuser-2.28.1-r0.3.67.71.0.corei7_64 unmarked as user installed.
2026-08-10T14:28:21Z INFO iputils-arping-s20151218-r0.67.71.0.corei7_64 unmarked as user installed.
2026-08-10T14:28:21Z INFO python3-pickle-3.7.6-r0.56.71.0.corei7_64 unmarked as user installed.
2026-08-10T14:28:21Z INFO db-bin-6.1.38-r1.26.corei7_64 unmarked as user installed.
2026-08-10T14:28:21Z INFO libcares2-1.15.0+gitr0+e982924ace-r0.50.corei7_64 unmarked as user installed.
2026-08-10T14:28:21Z INFO libcyaml1-1.1-r0.50.corei7_64 unmarked as user installed.
2026-08-10T14:28:21Z INFO systemd-1:230+git0+3a74d4fc90-r0.85.71.0.corei7_64 unmarked as user installed.
2026-08-10T14:28:21Z INFO systemd-bash-completion-1:230+git0+3a74d4fc90-r0.85.71.0.corei7_64 unmarked as user installed.
2026-08-10T14:28:21Z INFO pam-plugin-issue-1.3.0-r5.66.71.0.corei7_64 unmarked as user installed.
2026-08-10T14:28:21Z INFO gettext-runtime-0.19.8.1-r0.64.corei7_64 unmarked as user installed.
2026-08-10T14:28:21Z INFO perl-module-file-globmapper-5.22.1-r0.64.corei7_64 unmarked as user installed.
2026-08-10T14:28:21Z INFO python-io-2.7.12-r1.65.71.0.corei7_64 unmarked as user installed.
2026-08-10T14:28:21Z INFO udev-hwdb-1:230+git0+3a74d4fc90-r0.85.71.0.corei7_64 unmarked as user installed.
2026-08-10T14:28:21Z INFO libdw1-0.166-r0.64.corei7_64 unmarked as user installed.
2026-08-10T14:28:21Z INFO libticw5-6.0+20160625-r0.64.corei7_64 unmarked as user installed.
2026-08-10T14:28:21Z INFO os-release-1.0-r0.55.noarch unmarked as user installed.
2026-08-10T14:28:21Z INFO pam-plugin-exec-1.3.0-r5.66.71.0.corei7_64 unmarked as user installed.
2026-08-10T14:28:21Z INFO perl-module-io-tty-1.12-r0.64.corei7_64 unmarked as user installed.
2026-08-10T14:28:21Z INFO dmidecode-3.2-r0.49.corei7_64 unmarked as user installed.
2026-08-10T14:28:21Z INFO libulockmgr1-2.9.4-r0.64.corei7_64 unmarked as user installed.
2026-08-10T14:28:21Z INFO policycoreutils-semanage-2.6-r0.67.71.0.corei7_64 unmarked as user installed.
2026-08-10T14:28:21Z INFO kmod-bash-completion-23+git0+65a885df5f-r0.64.corei7_64 unmarked as user installed.
2026-08-10T14:28:21Z INFO iputils-ping-s20151218-r0.67.71.0.corei7_64 unmarked as user installed.
2026-08-10T14:28:21Z INFO wget-1.18-r0.65.corei7_64 unmarked as user installed.
2026-08-10T14:28:21Z INFO cronie-1.5.1-r0.2.67.71.0.corei7_64 unmarked as user installed.
2026-08-10T14:28:21Z INFO sdparm-1.10-r0.64.corei7_64 unmarked as user installed.
2026-08-10T14:28:21Z INFO usbutils-008-r0.85.71.0.corei7_64 unmarked as user installed.
2026-08-10T14:28:21Z INFO ncurses-tools-6.0+20160625-r0.64.corei7_64 unmarked as user installed.
2026-08-10T14:28:21Z INFO cracklib-2.9.5-r0.64.corei7_64 unmarked as user installed.
2026-08-10T14:28:21Z INFO libtirpc3-1.0.1-r0.64.corei7_64 unmarked as user installed.
2026-08-10T14:28:21Z INFO python3-stringold-3.7.6-r0.56.71.0.corei7_64 unmarked as user installed.
2026-08-10T14:28:21Z INFO libselinux-python-2.6-r0.65.71.0.corei7_64 unmarked as user installed.
2026-08-10T14:28:21Z INFO libtinfo5-6.0+20160625-r0.64.corei7_64 unmarked as user installed.
2026-08-10T14:28:21Z INFO tzdata-pacific-2020c-r0.27.71.0.noarch unmarked as user installed.
2026-08-10T14:28:21Z INFO mdadm-git-r0.57.corei7_64 unmarked as user installed.
2026-08-10T14:28:21Z INFO libpanelw5-6.0+20160625-r0.64.corei7_64 unmarked as user installed.
2026-08-10T14:28:21Z INFO perl-module-re-5.22.1-r0.64.corei7_64 unmarked as user installed.
2026-08-10T14:28:21Z INFO mingetty-1.08-r3.64.corei7_64 unmarked as user installed.
2026-08-10T14:28:21Z INFO libfdisk1-2.28.1-r0.3.67.71.0.corei7_64 unmarked as user installed.
2026-08-10T14:28:21Z INFO libstdc++6-4.9.1-r0.64.corei7_64 unmarked as user installed.
2026-08-10T14:28:21Z INFO python-selectors2-2.0.1-r1.57.71.0.corei7_64 unmarked as user installed.
2026-08-10T14:28:21Z INFO e2fsprogs-mke2fs-1.43-r1.67.71.0.corei7_64 unmarked as user installed.
2026-08-10T14:28:21Z INFO python-ipy-0.83-r0.65.71.0.corei7_64 unmarked as user installed.
2026-08-10T14:28:21Z INFO cpio-2.12-r0.64.corei7_64 unmarked as user installed.
2026-08-10T14:28:21Z INFO libncurses5-6.0+20160625-r0.64.corei7_64 unmarked as user installed.
2026-08-10T14:28:21Z INFO unionfs-fuse-0.26-r0.51.corei7_64 unmarked as user installed.
2026-08-10T14:28:21Z INFO util-linux-mountpoint-2.28.1-r0.3.67.71.0.corei7_64 unmarked as user installed.
2026-08-10T14:28:21Z INFO libmnl0-1.0.4-r0.64.corei7_64 unmarked as user installed.
2026-08-10T14:28:21Z INFO pam-plugin-stress-1.3.0-r5.66.71.0.corei7_64 unmarked as user installed.
2026-08-10T14:28:21Z INFO perl-module-b-5.22.1-r0.64.corei7_64 unmarked as user installed.
2026-08-10T14:28:21Z INFO perl-module-encode-configlocal-pm-5.22.1-r0.64.corei7_64 unmarked as user installed.
2026-08-10T14:28:21Z INFO python-smtpd-2.7.12-r1.65.71.0.corei7_64 unmarked as user installed.
2026-08-10T14:28:21Z INFO perl-module-file-spec-5.22.1-r0.64.corei7_64 unmarked as user installed.
2026-08-10T14:28:21Z INFO libsolvext0-0.6.33-r0.88.71.0.corei7_64 unmarked as user installed.
2026-08-10T14:28:21Z INFO findutils-4.6.0-r0.65.71.0.corei7_64 unmarked as user installed.
2026-08-10T14:28:21Z INFO libgdbm-bin-1.12-r0.64.corei7_64 unmarked as user installed.
2026-08-10T14:28:21Z INFO perf-4.8.28-r9.210.71.0.wrlsdk_x86 unmarked as user installed.
2026-08-10T14:28:21Z INFO perl-module-zmq-libzmq3-1.19-r0.66.corei7_64 unmarked as user installed.
2026-08-10T14:28:21Z INFO python3-fcntl-3.7.6-r0.56.71.0.corei7_64 unmarked as user installed.
2026-08-10T14:28:21Z INFO libyaml-0-dev-0.1.7-r0.64.corei7_64 unmarked as user installed.
2026-08-10T14:28:21Z INFO python3-prettytable-0.7.2-r0.61.71.0.corei7_64 unmarked as user installed.
2026-08-10T14:28:21Z INFO pam-plugin-umask-1.3.0-r5.66.71.0.corei7_64 unmarked as user installed.
2026-08-10T14:28:21Z INFO tzdata-atlantic-2020c-r0.27.71.0.noarch unmarked as user installed.
2026-08-10T14:28:21Z INFO libpython3.7m1.0-3.7.6-r0.56.71.0.corei7_64 unmarked as user installed.
2026-08-10T14:28:21Z INFO efivar-0.24-r0.64.corei7_64 unmarked as user installed.
2026-08-10T14:28:21Z INFO libmemusage-2.24-r0.64.corei7_64 unmarked as user installed.
2026-08-10T14:28:21Z INFO libnpth0-1.2-r0.64.corei7_64 unmarked as user installed.
2026-08-10T14:28:21Z INFO pciutils-ids-3.5.1-r0.87.71.0.corei7_64 unmarked as user installed.
2026-08-10T14:28:21Z INFO libcrypto1.0.0-1.0.2j-r0.64.corei7_64 unmarked as user installed.
2026-08-10T14:28:21Z INFO perl-module-base-5.22.1-r0.64.corei7_64 unmarked as user installed.
2026-08-10T14:28:21Z INFO lvm2-udevrules-2.02.180-r0.53.71.0.corei7_64 unmarked as user installed.
2026-08-10T14:28:21Z INFO libglib-2.0-0-1:2.48.2-r0.68.71.0.corei7_64 unmarked as user installed.
2026-08-10T14:28:21Z INFO python-contextlib-2.7.12-r1.65.71.0.corei7_64 unmarked as user installed.
2026-08-10T14:28:21Z INFO util-linux-bash-completion-2.28.1-r0.3.67.71.0.corei7_64 unmarked as user installed.
2026-08-10T14:28:21Z INFO libassuan0-2.4.3-r0.64.corei7_64 unmarked as user installed.
2026-08-10T14:28:21Z INFO libxslt-1.1.29-r0.66.71.0.corei7_64 unmarked as user installed.
2026-08-10T14:28:21Z INFO psmisc-22.21-r0.2.65.71.0.corei7_64 unmarked as user installed.
2026-08-10T14:28:21Z INFO perl-module-file-spec-unix-5.22.1-r0.64.corei7_64 unmarked as user installed.
2026-08-10T14:28:21Z INFO perl-module-carp-clan-6.04-r0.64.corei7_64 unmarked as user installed.
2026-08-10T14:28:21Z INFO perl-module-utf8-5.22.1-r0.64.corei7_64 unmarked as user installed.
2026-08-10T14:28:21Z INFO mtd-utils-misc-1.5.2-r0.69.71.0.corei7_64 unmarked as user installed.
2026-08-10T14:28:21Z INFO pciutils-3.5.1-r0.87.71.0.corei7_64 unmarked as user installed.
2026-08-10T14:28:21Z INFO dhcp-server-config-4.3.4-r0.70.71.0.corei7_64 unmarked as user installed.
2026-08-10T14:28:21Z INFO openssh-7.3p1-r0.5.73.71.0.corei7_64 unmarked as user installed.
2026-08-10T14:28:21Z INFO dnf-plugins-core-2.1.5+git0+8d1f1758be-r0.69.71.0.corei7_64 unmarked as user installed.
2026-08-10T14:28:21Z INFO python-pycrypto-2.6.1-r0.57.71.0.corei7_64 unmarked as user installed.
2026-08-10T14:28:21Z INFO grub-editenv-2.02-r0.65.corei7_64 unmarked as user installed.
2026-08-10T14:28:21Z INFO perl-module-dynaloader-5.22.1-r0.64.corei7_64 unmarked as user installed.
2026-08-10T14:28:21Z INFO cryptodev-linux-1.8-r0.64.corei7_64 unmarked as user installed.
2026-08-10T14:28:21Z INFO util-linux-mkfs.cramfs-2.28.1-r0.3.67.71.0.corei7_64 unmarked as user installed.
2026-08-10T14:28:21Z INFO ima-evm-utils-evmctl.static-1.0+git0+3e2a67bdb0-r0.64.corei7_64 unmarked as user installed.
2026-08-10T14:28:21Z INFO perl-module-compress-zlib-5.22.1-r0.64.corei7_64 unmarked as user installed.
2026-08-10T14:28:21Z INFO perl-module-io-compress-gzip-constants-5.22.1-r0.64.corei7_64 unmarked as user installed.
2026-08-10T14:28:21Z INFO python3-image-3.7.6-r0.56.71.0.corei7_64 unmarked as user installed.
2026-08-10T14:28:21Z INFO base-passwd-update-3.5.29-r0.1.65.corei7_64 unmarked as user installed.
2026-08-10T14:28:21Z INFO python-pkgutil-2.7.12-r1.65.71.0.corei7_64 unmarked as user installed.
2026-08-10T14:28:21Z INFO util-linux-prlimit-2.28.1-r0.3.67.71.0.corei7_64 unmarked as user installed.
2026-08-10T14:28:21Z INFO python-pickle-2.7.12-r1.65.71.0.corei7_64 unmarked as user installed.
2026-08-10T14:28:21Z INFO grub-common-2.02-r0.65.corei7_64 unmarked as user installed.
2026-08-10T14:28:21Z INFO python3-textutils-3.7.6-r0.56.71.0.corei7_64 unmarked as user installed.
2026-08-10T14:28:21Z INFO gpgme-1.10.0-r0.69.71.0.corei7_64 unmarked as user installed.
2026-08-10T14:28:21Z INFO util-linux-readprofile-2.28.1-r0.3.67.71.0.corei7_64 unmarked as user installed.
2026-08-10T14:28:21Z INFO sqlite3-3:3.14.1-r0.64.corei7_64 unmarked as user installed.
2026-08-10T14:28:21Z INFO perl-5.22.1-r0.64.corei7_64 unmarked as user installed.
2026-08-10T14:28:21Z INFO tzcode-2.24-r0.64.corei7_64 unmarked as user installed.
2026-08-10T14:28:21Z INFO perl-module-common-sense-3.74-r0.64.corei7_64 unmarked as user installed.
2026-08-10T14:28:21Z INFO killall-22.21-r0.2.65.71.0.corei7_64 unmarked as user installed.
2026-08-10T14:28:21Z INFO perl-module-io-file-5.22.1-r0.64.corei7_64 unmarked as user installed.
2026-08-10T14:28:21Z INFO perl-module-lib-5.22.1-r0.64.corei7_64 unmarked as user installed.
2026-08-10T14:28:21Z INFO kexec-2.0.17-r0.47.corei7_64 unmarked as user installed.
2026-08-10T14:28:21Z INFO python3-signal-3.7.6-r0.56.71.0.corei7_64 unmarked as user installed.
2026-08-10T14:28:21Z INFO lvm2-2.02.180-r0.53.71.0.corei7_64 unmarked as user installed.
2026-08-10T14:28:21Z INFO python3-numbers-3.7.6-r0.56.71.0.corei7_64 unmarked as user installed.
2026-08-10T14:28:21Z INFO libsemanage-python-2.6-r0.66.71.0.corei7_64 unmarked as user installed.
2026-08-10T14:28:21Z INFO python3-email-3.7.6-r0.56.71.0.corei7_64 unmarked as user installed.
2026-08-10T14:28:21Z INFO sepolgen-2.6-r0.65.71.0.corei7_64 unmarked as user installed.
2026-08-10T14:28:21Z INFO tunctl-1.5-r0.65.corei7_64 unmarked as user installed.
2026-08-10T14:28:21Z INFO tzdata-antarctica-2020c-r0.27.71.0.noarch unmarked as user installed.
2026-08-10T14:28:21Z INFO librepo0-1.7.20+git0+e1137cbbda-r0.73.71.0.corei7_64 unmarked as user installed.
2026-08-10T14:28:21Z INFO netcat-0.7.1-r3.64.71.0.corei7_64 unmarked as user installed.
2026-08-10T14:28:21Z INFO policycoreutils-hll-2.6-r0.67.71.0.corei7_64 unmarked as user installed.
2026-08-10T14:28:21Z INFO python3-readline-3.7.6-r0.56.71.0.corei7_64 unmarked as user installed.
2026-08-10T14:28:21Z INFO pam-plugin-xauth-1.3.0-r5.66.71.0.corei7_64 unmarked as user installed.
2026-08-10T14:28:21Z INFO util-linux-mcookie-2.28.1-r0.3.67.71.0.corei7_64 unmarked as user installed.
2026-08-10T14:28:21Z INFO libssh2-1-1.7.0-r0.67.corei7_64 unmarked as user installed.
2026-08-10T14:28:21Z INFO python-syslog-2.7.12-r1.65.71.0.corei7_64 unmarked as user installed.
2026-08-10T14:28:21Z INFO pam-plugin-cracklib-1.3.0-r5.66.71.0.corei7_64 unmarked as user installed.
2026-08-10T14:28:21Z INFO python3-threading-3.7.6-r0.56.71.0.corei7_64 unmarked as user installed.
2026-08-10T14:28:21Z INFO slang-2.3.1a-r0.64.corei7_64 unmarked as user installed.
2026-08-10T14:28:21Z INFO iproute2-ss-4.7.0-r0.66.71.0.corei7_64 unmarked as user installed.
2026-08-10T14:28:21Z INFO perl-module-subs-5.22.1-r0.64.corei7_64 unmarked as user installed.
2026-08-10T14:28:21Z INFO perl-module-encode-config-5.22.1-r0.64.corei7_64 unmarked as user installed.
2026-08-10T14:28:21Z INFO tcl-8.6.6-r0.65.corei7_64 unmarked as user installed.
2026-08-10T14:28:21Z INFO openssl-conf-1.0.2j-r0.64.corei7_64 unmarked as user installed.
2026-08-10T14:28:21Z INFO libcidn1-2.24-r0.64.corei7_64 unmarked as user installed.
2026-08-10T14:28:21Z INFO libevent-2.1.8-r0.64.corei7_64 unmarked as user installed.
2026-08-10T14:28:21Z INFO pam-plugin-postgresok-1.3.0-r5.66.71.0.corei7_64 unmarked as user installed.
2026-08-10T14:28:21Z INFO openssl-misc-1.0.2j-r0.64.corei7_64 unmarked as user installed.
2026-08-10T14:28:21Z INFO libusb-1.0-0-1.0.20-r0.64.corei7_64 unmarked as user installed.
2026-08-10T14:28:21Z INFO python-2to3-2.7.12-r1.65.71.0.corei7_64 unmarked as user installed.
2026-08-10T14:28:21Z INFO opkg-utils-0.3.2+git0+3ffece9bf1-r0.64.corei7_64 unmarked as user installed.
2026-08-10T14:28:21Z INFO pam-plugin-wheel-1.3.0-r5.66.71.0.corei7_64 unmarked as user installed.
2026-08-10T14:28:21Z INFO perl-module-pod-usage-5.22.1-r0.64.corei7_64 unmarked as user installed.
2026-08-10T14:28:21Z INFO perl-module-text-parsewords-5.22.1-r0.64.corei7_64 unmarked as user installed.
2026-08-10T14:28:21Z INFO e2fsprogs-tune2fs-1.43-r1.67.71.0.corei7_64 unmarked as user installed.
2026-08-10T14:28:21Z INFO binutils-2.24-r0.64.corei7_64 unmarked as user installed.
2026-08-10T14:28:21Z INFO libnl-nf-3-200-1:3.2.28-r0.64.corei7_64 unmarked as user installed.
2026-08-10T14:28:21Z INFO acl-2.2.52-r0.64.corei7_64 unmarked as user installed.
2026-08-10T14:28:21Z INFO python3-datetime-3.7.6-r0.56.71.0.corei7_64 unmarked as user installed.
2026-08-10T14:28:21Z INFO python3-syslog-3.7.6-r0.56.71.0.corei7_64 unmarked as user installed.
2026-08-10T14:28:21Z INFO lmsensors-isatools-3.4.0-r0.87.71.0.corei7_64 unmarked as user installed.
2026-08-10T14:28:21Z INFO libbpf-4.8.28-r0.207.71.0.corei7_64 unmarked as user installed.
2026-08-10T14:28:21Z INFO tzdata-arctic-2020c-r0.27.71.0.noarch unmarked as user installed.
2026-08-10T14:28:21Z INFO libavahi-client3-0.6.32-r0.87.71.0.corei7_64 unmarked as user installed.
2026-08-10T14:28:21Z INFO libfreetype6-2.6.5-r0.64.corei7_64 unmarked as user installed.
2026-08-10T14:28:21Z INFO libtic5-6.0+20160625-r0.64.corei7_64 unmarked as user installed.
2026-08-10T14:28:21Z INFO python3-netclient-3.7.6-r0.56.71.0.corei7_64 unmarked as user installed.
2026-08-10T14:28:21Z INFO python3-prctl-1.7+git0+57cd0a7cad-r0.68.71.0.corei7_64 unmarked as user installed.
2026-08-10T14:28:21Z INFO openssh-scp-7.3p1-r0.5.73.71.0.corei7_64 unmarked as user installed.
2026-08-10T14:28:21Z INFO python3-mmap-3.7.6-r0.56.71.0.corei7_64 unmarked as user installed.
2026-08-10T14:28:21Z INFO python-codecs-2.7.12-r1.65.71.0.corei7_64 unmarked as user installed.
2026-08-10T14:28:21Z INFO perl-module-io-seekable-5.22.1-r0.64.corei7_64 unmarked as user installed.
2026-08-10T14:28:21Z INFO base-files-3.0.14-r89.56.wrlsdk_x86 unmarked as user installed.
2026-08-10T14:28:21Z INFO pam-plugin-console-1.3.0-r5.66.71.0.corei7_64 unmarked as user installed.
2026-08-10T14:28:21Z INFO systemd-analyze-1:230+git0+3a74d4fc90-r0.85.71.0.corei7_64 unmarked as user installed.
2026-08-10T14:28:21Z INFO perl-module-expect-1.32-r0.64.corei7_64 unmarked as user installed.
2026-08-10T14:28:21Z INFO policycoreutils-fixfiles-2.6-r0.67.71.0.corei7_64 unmarked as user installed.
2026-08-10T14:28:21Z INFO iputils-clockdiff-s20151218-r0.67.71.0.corei7_64 unmarked as user installed.
2026-08-10T14:28:21Z INFO lmsensors-pwmconfig-3.4.0-r0.87.71.0.corei7_64 unmarked as user installed.
2026-08-10T14:28:21Z INFO python-debugger-2.7.12-r1.65.71.0.corei7_64 unmarked as user installed.
2026-08-10T14:28:21Z INFO perl-module-math-bigint-calc-5.22.1-r0.64.corei7_64 unmarked as user installed.
2026-08-10T14:28:21Z INFO python3-importlib-3.7.6-r0.56.71.0.corei7_64 unmarked as user installed.
2026-08-10T14:28:21Z INFO ldd-2.24-r0.64.corei7_64 unmarked as user installed.
2026-08-10T14:28:21Z INFO dnsmasq-2.76-r0.64.corei7_64 unmarked as user installed.
2026-08-10T14:28:21Z INFO pam-plugin-time-1.3.0-r5.66.71.0.corei7_64 unmarked as user installed.
2026-08-10T14:28:21Z INFO libgnutls30-3.5.3-r0.65.corei7_64 unmarked as user installed.
2026-08-10T14:28:21Z INFO perl-module-logfile-rotate-1.04-r0.64.corei7_64 unmarked as user installed.
2026-08-10T14:28:21Z INFO util-linux-getopt-2.28.1-r0.3.67.71.0.corei7_64 unmarked as user installed.
2026-08-10T14:28:21Z INFO util-linux-lscpu-2.28.1-r0.3.67.71.0.corei7_64 unmarked as user installed.
2026-08-10T14:28:21Z INFO perl-module-utf8-heavy-5.22.1-r0.64.corei7_64 unmarked as user installed.
2026-08-10T14:28:21Z INFO python3-pygpgme-0.3-r0.63.71.0.corei7_64 unmarked as user installed.
2026-08-10T14:28:21Z INFO perl-module-overload-numbers-5.22.1-r0.64.corei7_64 unmarked as user installed.
2026-08-10T14:28:21Z INFO usleep-1.0-r0.64.corei7_64 unmarked as user installed.
2026-08-10T14:28:21Z INFO pstree-22.21-r0.2.65.71.0.corei7_64 unmarked as user installed.
2026-08-10T14:28:21Z INFO python-crypt-2.7.12-r1.65.71.0.corei7_64 unmarked as user installed.
2026-08-10T14:28:21Z INFO hdparm-9.56-r0.64.corei7_64 unmarked as user installed.
2026-08-10T14:28:21Z INFO openssh-sftp-server-7.3p1-r0.5.73.71.0.corei7_64 unmarked as user installed.
2026-08-10T14:28:21Z INFO dnf-bash-completion-2.7.5-r0.96.71.0.corei7_64 unmarked as user installed.
2026-08-10T14:28:21Z INFO libperl5-5.22.1-r0.64.corei7_64 unmarked as user installed.
2026-08-10T14:28:21Z INFO util-linux-blkid-2.28.1-r0.3.67.71.0.corei7_64 unmarked as user installed.
2026-08-10T14:28:21Z INFO db-6.1.38-r1.26.corei7_64 unmarked as user installed.
2026-08-10T14:28:21Z INFO libuio0-1.0-r2.64.corei7_64 unmarked as user installed.
2026-08-10T14:28:21Z INFO python-paramiko-1.14.3-r0.57.71.0.corei7_64 unmarked as user installed.
2026-08-10T14:28:21Z INFO libext2fs2-1.43-r1.67.71.0.corei7_64 unmarked as user installed.
2026-08-10T14:28:21Z INFO unzip-1:6.0-r5.64.corei7_64 unmarked as user installed.
2026-08-10T14:28:21Z INFO which-2.21-r3.64.corei7_64 unmarked as user installed.
2026-08-10T14:28:21Z INFO inotify-tools-3.14-r0.64.corei7_64 unmarked as user installed.
2026-08-10T14:28:21Z INFO python3-asyncio-3.7.6-r0.56.71.0.corei7_64 unmarked as user installed.
2026-08-10T14:28:21Z INFO python3-libs-3.7.6-r0.56.71.0.corei7_64 unmarked as user installed.
2026-08-10T14:28:21Z INFO libsysfs2-2.1.0-r5.64.corei7_64 unmarked as user installed.
2026-08-10T14:28:21Z INFO sshfs-fuse-2.2-r1.69.71.0.corei7_64 unmarked as user installed.
2026-08-10T14:28:21Z INFO libyajl2-2.1.0-r0.64.corei7_64 unmarked as user installed.
2026-08-10T14:28:21Z INFO python3-lang-3.7.6-r0.56.71.0.corei7_64 unmarked as user installed.
2026-08-10T14:28:21Z INFO policycoreutils-python-2.6-r0.67.71.0.corei7_64 unmarked as user installed.
2026-08-10T14:28:21Z INFO pam-plugin-access-1.3.0-r5.66.71.0.corei7_64 unmarked as user installed.
2026-08-10T14:28:21Z INFO glibc-gconv-ibm850-2.24-r0.64.corei7_64 unmarked as user installed.
2026-08-10T14:28:21Z INFO python-math-2.7.12-r1.65.71.0.corei7_64 unmarked as user installed.
2026-08-10T14:28:21Z INFO pam-plugin-succeed-if-1.3.0-r5.66.71.0.corei7_64 unmarked as user installed.
2026-08-10T14:28:21Z INFO bzip2-1.0.6-r5.64.corei7_64 unmarked as user installed.
2026-08-10T14:28:21Z INFO libpciaccess0-0.13.4-r0.64.corei7_64 unmarked as user installed.
2026-08-10T14:28:21Z INFO tzdata-misc-2020c-r0.27.71.0.noarch unmarked as user installed.
2026-08-10T14:28:21Z INFO libxml2-python-2.9.4-r0.66.71.0.corei7_64 unmarked as user installed.
2026-08-10T14:28:21Z INFO libcap-bin-2.25-r0.66.71.0.corei7_64 unmarked as user installed.
2026-08-10T14:28:21Z INFO libsensors4-3.4.0-r0.87.71.0.corei7_64 unmarked as user installed.
2026-08-10T14:28:21Z INFO ethtool-4.6-r0.64.corei7_64 unmarked as user installed.
2026-08-10T14:28:21Z INFO glibc-gconv-2.24-r0.64.corei7_64 unmarked as user installed.
2026-08-10T14:28:21Z INFO gawk-4.1.3-r0.64.corei7_64 unmarked as user installed.
2026-08-10T14:28:21Z INFO python-compression-2.7.12-r1.65.71.0.corei7_64 unmarked as user installed.
2026-08-10T14:28:21Z INFO net-tools-1.60+26-r0.2.65.71.0.corei7_64 unmarked as user installed.
2026-08-10T14:28:21Z INFO perl-module-mro-5.22.1-r0.64.corei7_64 unmarked as user installed.
2026-08-10T14:28:21Z INFO libgdbm4-1.12-r0.64.corei7_64 unmarked as user installed.
2026-08-10T14:28:21Z INFO python3-venv-3.7.6-r0.56.71.0.corei7_64 unmarked as user installed.
2026-08-10T14:28:21Z INFO ccore-1.0-r4.68.corei7_64 unmarked as user installed.
2026-08-10T14:28:21Z INFO cgroups-pam-plugin-0.41-r0.3.66.71.0.corei7_64 unmarked as user installed.
2026-08-10T14:28:21Z INFO util-linux-uuidd-2.28.1-r0.3.67.71.0.corei7_64 unmarked as user installed.
2026-08-10T14:28:21Z INFO gnupg-2.1.14-r0.67.71.0.corei7_64 unmarked as user installed.
2026-08-10T14:28:21Z INFO util-linux-findfs-2.28.1-r0.3.67.71.0.corei7_64 unmarked as user installed.
2026-08-10T14:28:21Z INFO bash-completion-extra-2.4-r0.64.corei7_64 unmarked as user installed.
2026-08-10T14:28:21Z INFO librabbitmq4-0.10.0-r0.28.corei7_64 unmarked as user installed.
2026-08-10T14:28:21Z INFO perl-module-encode-alias-5.22.1-r0.64.corei7_64 unmarked as user installed.
2026-08-10T14:28:21Z INFO python3-html-3.7.6-r0.56.71.0.corei7_64 unmarked as user installed.
2026-08-10T14:28:21Z INFO libudev1-1:230+git0+3a74d4fc90-r0.85.71.0.corei7_64 unmarked as user installed.
2026-08-10T14:28:21Z INFO tzdata-africa-2020c-r0.27.71.0.noarch unmarked as user installed.
2026-08-10T14:28:21Z INFO python-distutils-2.7.12-r1.65.71.0.corei7_64 unmarked as user installed.
2026-08-10T14:28:21Z INFO libsodium13-1.0.1-r0.65.corei7_64 unmarked as user installed.
2026-08-10T14:28:21Z INFO iputils-tracepath-s20151218-r0.67.71.0.corei7_64 unmarked as user installed.
2026-08-10T14:28:21Z INFO perl-module-io-compress-gzip-5.22.1-r0.64.corei7_64 unmarked as user installed.
2026-08-10T14:28:21Z INFO perl-module-scalar-util-5.22.1-r0.64.corei7_64 unmarked as user installed.
2026-08-10T14:28:21Z INFO xz-5.2.2-r0.64.corei7_64 unmarked as user installed.
2026-08-10T14:28:21Z INFO libssp0-4.9.1-r0.64.corei7_64 unmarked as user installed.
2026-08-10T14:28:21Z INFO python3-shell-3.7.6-r0.56.71.0.corei7_64 unmarked as user installed.
2026-08-10T14:28:21Z INFO python-ncclient-0.6.3-r0.58.71.0.corei7_64 unmarked as user installed.
2026-08-10T14:28:21Z INFO python-six-1.10.0-r0.65.71.0.corei7_64 unmarked as user installed.
2026-08-10T14:28:21Z INFO ncurses-terminfo-base-6.0+20160625-r0.64.corei7_64 unmarked as user installed.
2026-08-10T14:28:21Z INFO python-unixadmin-2.7.12-r1.65.71.0.corei7_64 unmarked as user installed.
2026-08-10T14:28:21Z INFO wr-init-1.0-r0.64.corei7_64 unmarked as user installed.
2026-08-10T14:28:21Z INFO libncursesw5-6.0+20160625-r0.64.corei7_64 unmarked as user installed.
2026-08-10T14:28:21Z INFO python3-difflib-3.7.6-r0.56.71.0.corei7_64 unmarked as user installed.
2026-08-10T14:28:21Z INFO libudrv-0.1-r2.226.71.0.corei7_64 unmarked as user installed.
2026-08-10T14:28:21Z INFO python3-debugger-3.7.6-r0.56.71.0.corei7_64 unmarked as user installed.
2026-08-10T14:28:21Z INFO grpc-1.14.1-r0.47.corei7_64 unmarked as user installed.
2026-08-10T14:28:21Z INFO grep-2.25-r0.64.corei7_64 unmarked as user installed.
2026-08-10T14:28:21Z INFO e2fsprogs-1.43-r1.67.71.0.corei7_64 unmarked as user installed.
2026-08-10T14:28:21Z INFO perl-module-io-5.22.1-r0.64.corei7_64 unmarked as user installed.
2026-08-10T14:28:21Z INFO vmcore-dmesg-2.0.17-r0.47.corei7_64 unmarked as user installed.
2026-08-10T14:28:21Z INFO util-linux-fsck.cramfs-2.28.1-r0.3.67.71.0.corei7_64 unmarked as user installed.
2026-08-10T14:28:21Z INFO policycoreutils-2.6-r0.67.71.0.corei7_64 unmarked as user installed.
2026-08-10T14:28:21Z INFO libss2-1.43-r1.67.71.0.corei7_64 unmarked as user installed.
2026-08-10T14:28:21Z INFO perl-module-encode-mime-name-5.22.1-r0.64.corei7_64 unmarked as user installed.
2026-08-10T14:28:21Z INFO util-linux-hwclock-2.28.1-r0.3.67.71.0.corei7_64 unmarked as user installed.
2026-08-10T14:28:21Z INFO liblzo2-2-2.09-r0.64.corei7_64 unmarked as user installed.
2026-08-10T14:28:21Z INFO openssh-sshd-7.3p1-r0.5.73.71.0.corei7_64 unmarked as user installed.
2026-08-10T14:28:21Z INFO dpkg-start-stop-1.18.7-r0.64.corei7_64 unmarked as user installed.
2026-08-10T14:28:21Z INFO perl-module-data-dumper-5.22.1-r0.64.corei7_64 unmarked as user installed.
2026-08-10T14:28:21Z INFO tcp-wrappers-7.6-r10.64.corei7_64 unmarked as user installed.
2026-08-10T14:28:21Z INFO perl-module-fcntl-5.22.1-r0.64.corei7_64 unmarked as user installed.
2026-08-10T14:28:21Z INFO python3-subprocess-3.7.6-r0.56.71.0.corei7_64 unmarked as user installed.
2026-08-10T14:28:21Z INFO tzdata-right-2020c-r0.27.71.0.noarch unmarked as user installed.
2026-08-10T14:28:21Z INFO libpcreposix0-8.39-r09.64.corei7_64 unmarked as user installed.
2026-08-10T14:28:21Z INFO perl-module-compress-raw-zlib-5.22.1-r0.64.corei7_64 unmarked as user installed.
2026-08-10T14:28:21Z INFO python-networkx-1.11-r0.65.71.0.corei7_64 unmarked as user installed.
2026-08-10T14:28:21Z INFO tzdata-europe-2020c-r0.27.71.0.noarch unmarked as user installed.
2026-08-10T14:28:21Z INFO xr-identifier-xrd-cp-c-01-7.9.2v1.0.0-1.x86_64 unmarked as user installed.
2026-08-10T14:28:21Z INFO libfuse2-2.9.4-r0.64.corei7_64 unmarked as user installed.
2026-08-10T14:28:21Z INFO python-unittest-2.7.12-r1.65.71.0.corei7_64 unmarked as user installed.
2026-08-10T14:28:21Z INFO python3-pyyaml-3.13-r0.69.71.0.corei7_64 unmarked as user installed.
2026-08-10T14:28:21Z INFO mmc-utils-0.1-r0.7.corei7_64 unmarked as user installed.
2026-08-10T14:28:21Z INFO iptables-1.6.0-r0.64.corei7_64 unmarked as user installed.
2026-08-10T14:28:21Z INFO libprotobuf-compiler-3.11.3-r0.51.corei7_64 unmarked as user installed.
2026-08-10T14:28:21Z INFO flex-2.6.0-r0.64.corei7_64 unmarked as user installed.
2026-08-10T14:28:21Z INFO file-5.28-r0.64.corei7_64 unmarked as user installed.
2026-08-10T14:28:21Z INFO lmsensors-sensors-3.4.0-r0.87.71.0.corei7_64 unmarked as user installed.
2026-08-10T14:28:21Z INFO python3-netserver-3.7.6-r0.56.71.0.corei7_64 unmarked as user installed.
2026-08-10T14:28:21Z INFO libgpg-error0-1.24-r0.64.corei7_64 unmarked as user installed.
2026-08-10T14:28:21Z INFO fbset-2.1-r4.65.corei7_64 unmarked as user installed.
2026-08-10T14:28:21Z INFO pam-plugin-debug-1.3.0-r5.66.71.0.corei7_64 unmarked as user installed.
2026-08-10T14:28:21Z INFO python3-compile-3.7.6-r0.56.71.0.corei7_64 unmarked as user installed.
2026-08-10T14:28:21Z INFO libcomps0.1.8-0.1.8+git0+01a4759894-r0.70.71.0.corei7_64 unmarked as user installed.
2026-08-10T14:28:21Z INFO libnl-genl-3-200-1:3.2.28-r0.64.corei7_64 unmarked as user installed.
2026-08-10T14:28:21Z INFO cryptsetup-1.7.2-r0.58.71.0.corei7_64 unmarked as user installed.
2026-08-10T14:28:21Z INFO pam-plugin-namespace-1.3.0-r5.66.71.0.corei7_64 unmarked as user installed.
2026-08-10T14:28:21Z INFO perl-module-time-hires-5.22.1-r0.64.corei7_64 unmarked as user installed.
2026-08-10T14:28:21Z INFO sysstat-11.4.0-r0.88.71.0.corei7_64 unmarked as user installed.
2026-08-10T14:28:21Z INFO python3-re-3.7.6-r0.56.71.0.corei7_64 unmarked as user installed.
2026-08-10T14:28:21Z INFO python-doctest-2.7.12-r1.65.71.0.corei7_64 unmarked as user installed.
2026-08-10T14:28:21Z INFO libaio1-0.3.110-r0.64.corei7_64 unmarked as user installed.
2026-08-10T14:28:21Z INFO python3-pkgutil-3.7.6-r0.56.71.0.corei7_64 unmarked as user installed.
2026-08-10T14:28:21Z INFO python3-logging-3.7.6-r0.56.71.0.corei7_64 unmarked as user installed.
2026-08-10T14:28:21Z INFO libavahi-common3-0.6.32-r0.87.71.0.corei7_64 unmarked as user installed.
2026-08-10T14:28:21Z INFO sudo-1.8.23-r0.2.13.71.0.corei7_64 unmarked as user installed.
2026-08-10T14:28:21Z INFO perl-module-encode-5.22.1-r0.64.corei7_64 unmarked as user installed.
2026-08-10T14:28:21Z INFO python-netserver-2.7.12-r1.65.71.0.corei7_64 unmarked as user installed.
2026-08-10T14:28:21Z INFO pam-plugin-chroot-1.3.0-r5.66.71.0.corei7_64 unmarked as user installed.
2026-08-10T14:28:21Z INFO tcpdump-4.7.4-r0.64.corei7_64 unmarked as user installed.
2026-08-10T14:28:21Z INFO policycoreutils-setfiles-2.6-r0.67.71.0.corei7_64 unmarked as user installed.
2026-08-10T14:28:21Z INFO python-stringold-2.7.12-r1.65.71.0.corei7_64 unmarked as user installed.
2026-08-10T14:28:21Z INFO iputils-ping6-s20151218-r0.67.71.0.corei7_64 unmarked as user installed.
2026-08-10T14:28:21Z INFO libprotobuf-lite22-3.11.3-r0.51.corei7_64 unmarked as user installed.
2026-08-10T14:28:21Z INFO libselinux-bin-2.6-r0.65.71.0.corei7_64 unmarked as user installed.
2026-08-10T14:28:21Z INFO pam-plugin-listfile-1.3.0-r5.66.71.0.corei7_64 unmarked as user installed.
2026-08-10T14:28:21Z INFO python-argparse-2.7.12-r1.65.71.0.corei7_64 unmarked as user installed.
2026-08-10T14:28:21Z INFO policycoreutils-sestatus-2.6-r0.67.71.0.corei7_64 unmarked as user installed.
2026-08-10T14:28:21Z INFO python3-enum-3.7.6-r0.56.71.0.corei7_64 unmarked as user installed.
2026-08-10T14:28:21Z INFO perl-module-io-compress-base-5.22.1-r0.64.corei7_64 unmarked as user installed.
2026-08-10T14:28:21Z INFO python3-json-3.7.6-r0.56.71.0.corei7_64 unmarked as user installed.
2026-08-10T14:28:21Z INFO python3-math-3.7.6-r0.56.71.0.corei7_64 unmarked as user installed.
2026-08-10T14:28:21Z INFO perl-module-math-bigint-5.22.1-r0.64.corei7_64 unmarked as user installed.
2026-08-10T14:28:21Z INFO python-email-2.7.12-r1.65.71.0.corei7_64 unmarked as user installed.
2026-08-10T14:28:21Z INFO python-pprint-2.7.12-r1.65.71.0.corei7_64 unmarked as user installed.
2026-08-10T14:28:21Z INFO python3-misc-3.7.6-r0.56.71.0.corei7_64 unmarked as user installed.
2026-08-10T14:28:21Z INFO python3-iniparse-0.4-r0.69.71.0.corei7_64 unmarked as user installed.
2026-08-10T14:28:21Z INFO time-1.7-r2.64.corei7_64 unmarked as user installed.
2026-08-10T14:28:21Z INFO mtd-utils-1.5.2-r0.69.71.0.corei7_64 unmarked as user installed.
2026-08-10T14:28:21Z INFO pam-plugin-localuser-1.3.0-r5.66.71.0.corei7_64 unmarked as user installed.
2026-08-10T14:28:21Z INFO perl-module-bytes-5.22.1-r0.64.corei7_64 unmarked as user installed.
2026-08-10T14:28:21Z INFO zeromq-4.1.5-r0.66.corei7_64 unmarked as user installed.
2026-08-10T14:28:21Z INFO python3-argparse-3.7.6-r0.56.71.0.corei7_64 unmarked as user installed.
2026-08-10T14:28:21Z INFO openssl-1.0.2j-r0.64.corei7_64 unmarked as user installed.
2026-08-10T14:28:21Z INFO libe2p2-1.43-r1.67.71.0.corei7_64 unmarked as user installed.
2026-08-10T14:28:21Z INFO python-shell-2.7.12-r1.65.71.0.corei7_64 unmarked as user installed.
2026-08-10T14:28:21Z INFO python3-reprlib-3.7.6-r0.56.71.0.corei7_64 unmarked as user installed.
2026-08-10T14:28:21Z INFO sysfsutils-2.1.0-r5.64.corei7_64 unmarked as user installed.
2026-08-10T14:28:21Z INFO mktemp-1.7-r3.64.corei7_64 unmarked as user installed.
2026-08-10T14:28:21Z INFO sg3-utils-1.42-r0.64.corei7_64 unmarked as user installed.
2026-08-10T14:28:21Z INFO perl-module-io-uncompress-rawinflate-5.22.1-r0.64.corei7_64 unmarked as user installed.
2026-08-10T14:28:21Z INFO perl-module-bytes-heavy-5.22.1-r0.64.corei7_64 unmarked as user installed.
2026-08-10T14:28:21Z INFO policycoreutils-audit2allow-2.6-r0.67.71.0.corei7_64 unmarked as user installed.
2026-08-10T14:28:21Z INFO mtools-4.0.18-r0.64.corei7_64 unmarked as user installed.
2026-08-10T14:28:21Z INFO python-xmldiff-2.3-r0.57.71.0.corei7_64 unmarked as user installed.
2026-08-10T14:28:21Z INFO perl-module-exporter-heavy-5.22.1-r0.64.corei7_64 unmarked as user installed.
2026-08-10T14:28:21Z INFO perl-module-list-util-5.22.1-r0.64.corei7_64 unmarked as user installed.
2026-08-10T14:28:21Z INFO iputils-tracepath6-s20151218-r0.67.71.0.corei7_64 unmarked as user installed.
2026-08-10T14:28:22Z INFO perl-module-file-glob-5.22.1-r0.64.corei7_64 unmarked as user installed.
2026-08-10T14:28:22Z INFO python3-mime-3.7.6-r0.56.71.0.corei7_64 unmarked as user installed.
2026-08-10T14:28:22Z INFO expect-5.45-r1.65.corei7_64 unmarked as user installed.
2026-08-10T14:28:22Z INFO cbt-1.0-r4.67.corei7_64 unmarked as user installed.
2026-08-10T14:28:22Z INFO initscripts-functions-1.0-r155.3.57.corei7_64 unmarked as user installed.
2026-08-10T14:28:22Z INFO e2fsprogs-e2fsck-1.43-r1.67.71.0.corei7_64 unmarked as user installed.
2026-08-10T14:28:22Z INFO debianutils-run-parts-4.8-r0.64.corei7_64 unmarked as user installed.
2026-08-10T14:28:22Z INFO update-alternatives-opkg-0.3.2+git0+3ffece9bf1-r0.64.corei7_64 unmarked as user installed.
2026-08-10T14:28:22Z INFO libcares-utils-1.15.0+gitr0+e982924ace-r0.50.corei7_64 unmarked as user installed.
2026-08-10T14:28:22Z INFO linux-hardening-1.0-r0.55.corei7_64 unmarked as user installed.
2026-08-10T14:28:22Z INFO libc6-thread-db-2.24-r0.64.corei7_64 unmarked as user installed.
2026-08-10T14:28:22Z INFO tzdata-posix-2020c-r0.27.71.0.noarch unmarked as user installed.
2026-08-10T14:28:22Z INFO libffi6-3.2.1-r0.64.corei7_64 unmarked as user installed.
2026-08-10T14:28:22Z INFO tzdata-2020c-r0.27.71.0.noarch unmarked as user installed.
2026-08-10T14:28:22Z INFO libarchive-3.2.2-r0.66.71.0.corei7_64 unmarked as user installed.
2026-08-10T14:28:22Z INFO bash-completion-2.4-r0.64.corei7_64 unmarked as user installed.
2026-08-10T14:28:22Z INFO python-mime-2.7.12-r1.65.71.0.corei7_64 unmarked as user installed.
2026-08-10T14:28:22Z INFO m4-1.4.17-r0.64.corei7_64 unmarked as user installed.
2026-08-10T14:28:22Z INFO python3-xml-3.7.6-r0.56.71.0.corei7_64 unmarked as user installed.
2026-08-10T14:28:22Z INFO setserial-2.17-r3.64.corei7_64 unmarked as user installed.
2026-08-10T14:28:22Z INFO python3-smtpd-3.7.6-r0.56.71.0.corei7_64 unmarked as user installed.
2026-08-10T14:28:22Z INFO util-linux-umount-2.28.1-r0.3.67.71.0.corei7_64 unmarked as user installed.
2026-08-10T14:28:22Z INFO libunwind-1.1+git0+bc8698fd7e-r0.64.corei7_64 unmarked as user installed.
2026-08-10T14:28:22Z INFO libelf1-0.166-r0.64.corei7_64 unmarked as user installed.
2026-08-10T14:28:22Z INFO bind-9.11.6+P1-r0.3.60.71.0.corei7_64 unmarked as user installed.
2026-08-10T14:28:22Z INFO libprotobuf22-3.11.3-r0.51.corei7_64 unmarked as user installed.
2026-08-10T14:28:22Z INFO libcheck-0.10.0-r0.64.corei7_64 unmarked as user installed.
2026-08-10T14:28:22Z INFO python3-six-1.10.0-r0.69.71.0.corei7_64 unmarked as user installed.
2026-08-10T14:28:22Z INFO perl-module-tie-hash-5.22.1-r0.64.corei7_64 unmarked as user installed.
2026-08-10T14:28:22Z INFO zip-3.0-r2.64.corei7_64 unmarked as user installed.
2026-08-10T14:28:22Z INFO fuser-22.21-r0.2.65.71.0.corei7_64 unmarked as user installed.
2026-08-10T14:28:22Z INFO pam-plugin-filter-1.3.0-r5.66.71.0.corei7_64 unmarked as user installed.
2026-08-10T14:28:22Z INFO perl-module-zmq-constants-1.04-r0.64.corei7_64 unmarked as user installed.
2026-08-10T14:28:22Z INFO util-linux-partx-2.28.1-r0.3.67.71.0.corei7_64 unmarked as user installed.
2026-08-10T14:28:22Z INFO libreadline6-6.3-r0.64.corei7_64 unmarked as user installed.
2026-08-10T14:28:22Z INFO perl-module-io-uncompress-base-5.22.1-r0.64.corei7_64 unmarked as user installed.
2026-08-10T14:28:22Z INFO python3-ctypes-3.7.6-r0.56.71.0.corei7_64 unmarked as user installed.
2026-08-10T14:28:22Z INFO e2fsprogs-badblocks-1.43-r1.67.71.0.corei7_64 unmarked as user installed.
2026-08-10T14:28:22Z INFO perl-module-xsloader-5.22.1-r0.64.corei7_64 unmarked as user installed.
2026-08-10T14:28:22Z INFO util-linux-swaponoff-2.28.1-r0.3.67.71.0.corei7_64 unmarked as user installed.
2026-08-10T14:28:22Z INFO perl-module-file-copy-5.22.1-r0.64.corei7_64 unmarked as user installed.
2026-08-10T14:28:22Z INFO python-compile-2.7.12-r1.65.71.0.corei7_64 unmarked as user installed.
2026-08-10T14:28:22Z INFO perl-module-integer-5.22.1-r0.64.corei7_64 unmarked as user installed.
2026-08-10T14:28:22Z INFO pam-plugin-loginuid-1.3.0-r5.66.71.0.corei7_64 unmarked as user installed.
2026-08-10T14:28:22Z INFO i2c-tools-3.1.2-r0.64.corei7_64 unmarked as user installed.
2026-08-10T14:28:22Z INFO perl-module-carp-5.22.1-r0.64.corei7_64 unmarked as user installed.
2026-08-10T14:28:22Z INFO python-logging-2.7.12-r1.65.71.0.corei7_64 unmarked as user installed.
2026-08-10T14:28:22Z INFO perl-module-term-cap-5.22.1-r0.64.corei7_64 unmarked as user installed.
2026-08-10T14:28:22Z INFO python3-io-3.7.6-r0.56.71.0.corei7_64 unmarked as user installed.
2026-08-10T14:28:22Z INFO util-linux-mkfs-2.28.1-r0.3.67.71.0.corei7_64 unmarked as user installed.
2026-08-10T14:28:22Z INFO perl-module-linux-inotify2-1.22-r0.64.corei7_64 unmarked as user installed.
2026-08-10T14:28:22Z INFO cisco-initscripts-systemd-0.1-r0.66.wrlsdk_x86 unmarked as user installed.
2026-08-10T14:28:22Z INFO thin-provisioning-tools-0.6.3-r0.69.71.0.corei7_64 unmarked as user installed.
2026-08-10T14:28:22Z INFO tree-1.7.0-r0.64.corei7_64 unmarked as user installed.
2026-08-10T14:28:22Z INFO ima-evm-utils-1.0+git0+3e2a67bdb0-r0.64.corei7_64 unmarked as user installed.
2026-08-10T14:28:22Z INFO libpanel5-6.0+20160625-r0.64.corei7_64 unmarked as user installed.
2026-08-10T14:28:22Z INFO perl-module-io-compress-adapter-deflate-5.22.1-r0.64.corei7_64 unmarked as user installed.
2026-08-10T14:28:22Z INFO libc6-utils-2.24-r0.64.corei7_64 unmarked as user installed.
2026-08-10T14:28:22Z INFO pam-plugin-pwhistory-1.3.0-r5.66.71.0.corei7_64 unmarked as user installed.
2026-08-10T14:28:22Z INFO sed-4.2.2-r0.3.65.71.0.corei7_64 unmarked as user installed.
2026-08-10T14:28:22Z INFO policycoreutils-semodule-2.6-r0.67.71.0.corei7_64 unmarked as user installed.
2026-08-10T14:28:22Z INFO elfutils-0.166-r0.64.corei7_64 unmarked as user installed.
2026-08-10T14:28:22Z INFO ca-certificates-20210119-r0.20.noarch unmarked as user installed.
2026-08-10T14:28:22Z INFO libnih-1.0.3-r2.86.71.0.corei7_64 unmarked as user installed.
2026-08-10T14:28:22Z INFO pam-plugin-keyinit-1.3.0-r5.66.71.0.corei7_64 unmarked as user installed.
2026-08-10T14:28:22Z INFO util-linux-2.28.1-r0.3.67.71.0.corei7_64 unmarked as user installed.
2026-08-10T14:28:22Z INFO tzdata-australia-2020c-r0.27.71.0.noarch unmarked as user installed.
2026-08-10T14:28:22Z INFO libyaml-0-2-0.1.7-r0.64.corei7_64 unmarked as user installed.
2026-08-10T14:28:22Z INFO pam-plugin-echo-1.3.0-r5.66.71.0.corei7_64 unmarked as user installed.
2026-08-10T14:28:22Z INFO perl-module-date-calc-6.4-r0.64.corei7_64 unmarked as user installed.
2026-08-10T14:28:22Z INFO openssl-engines-1.0.2j-r0.64.corei7_64 unmarked as user installed.
2026-08-10T14:28:22Z INFO sysklogd-1.5.1-r0.66.corei7_64 unmarked as user installed.
2026-08-10T14:28:22Z INFO python3-unixadmin-3.7.6-r0.56.71.0.corei7_64 unmarked as user installed.
2026-08-10T14:28:22Z INFO libitm1-4.9.1-r0.64.corei7_64 unmarked as user installed.
2026-08-10T14:28:22Z INFO nss-3.60-r0.39.corei7_64 unmarked as user installed.
2026-08-10T14:28:22Z INFO python-difflib-2.7.12-r1.65.71.0.corei7_64 unmarked as user installed.
2026-08-10T14:28:22Z INFO at-3.1.20-r0.66.71.0.corei7_64 unmarked as user installed.
2026-08-10T14:28:22Z INFO python-importlib-2.7.12-r1.65.71.0.corei7_64 unmarked as user installed.
2026-08-10T14:28:22Z INFO python3-selectors-3.7.6-r0.56.71.0.corei7_64 unmarked as user installed.
2026-08-10T14:28:22Z INFO python-readline-2.7.12-r1.65.71.0.corei7_64 unmarked as user installed.
2026-08-10T14:28:22Z INFO procps-3.3.12-r0.65.corei7_64 unmarked as user installed.
2026-08-10T14:28:22Z INFO python-json-2.7.12-r1.65.71.0.corei7_64 unmarked as user installed.
2026-08-10T14:28:22Z INFO libsolv0-0.6.33-r0.88.71.0.corei7_64 unmarked as user installed.
2026-08-10T14:28:22Z INFO python3-pprint-3.7.6-r0.56.71.0.corei7_64 unmarked as user installed.
2026-08-10T14:28:22Z INFO keyutils-1.5.9-r1.64.corei7_64 unmarked as user installed.
2026-08-10T14:28:22Z INFO ncurses-terminfo-6.0+20160625-r0.64.corei7_64 unmarked as user installed.
2026-08-10T14:28:22Z INFO pam-plugin-tally-1.3.0-r5.66.71.0.corei7_64 unmarked as user installed.
2026-08-10T14:28:22Z INFO perl-module-getopt-long-5.22.1-r0.64.corei7_64 unmarked as user installed.
2026-08-10T14:28:22Z INFO perl-module-b-deparse-5.22.1-r0.64.corei7_64 unmarked as user installed.
2026-08-10T14:28:22Z INFO perl-module-getopt-std-5.22.1-r0.64.corei7_64 unmarked as user installed.
2026-08-10T14:28:22Z INFO dhcp-lib-4.3.4-r0.70.71.0.corei7_64 unmarked as user installed.
2026-08-10T14:28:22Z INFO python-lxml-3.6.4-r0.58.71.0.corei7_64 unmarked as user installed.
2026-08-10T14:28:22Z INFO less-481-r0.64.corei7_64 unmarked as user installed.
2026-08-10T14:28:22Z INFO python3-distutils-3.7.6-r0.56.71.0.corei7_64 unmarked as user installed.
2026-08-10T14:28:22Z INFO bash-4.3.30-r0.65.corei7_64 unmarked as user installed.
2026-08-10T14:28:22Z INFO python-datetime-2.7.12-r1.65.71.0.corei7_64 unmarked as user installed.
2026-08-10T14:28:22Z INFO efibootmgr-0.12-r0.87.71.0.corei7_64 unmarked as user installed.
2026-08-10T14:28:22Z INFO libcom-err2-1.43-r1.67.71.0.corei7_64 unmarked as user installed.
2026-08-10T14:28:22Z INFO util-linux-losetup-2.28.1-r0.3.67.71.0.corei7_64 unmarked as user installed.
2026-08-10T14:28:22Z INFO perl-module-feature-5.22.1-r0.64.corei7_64 unmarked as user installed.
2026-08-10T14:28:22Z INFO util-linux-fsck-2.28.1-r0.3.67.71.0.corei7_64 unmarked as user installed.
2026-08-10T14:28:22Z INFO libdevmapper-2.02.180-r0.52.71.0.corei7_64 unmarked as user installed.
2026-08-10T14:28:22Z INFO libdnf1-0.11.1-r0.91.71.0.corei7_64 unmarked as user installed.
2026-08-10T14:28:22Z INFO libnl-route-3-200-1:3.2.28-r0.64.corei7_64 unmarked as user installed.
2026-08-10T14:28:22Z INFO fuse-utils-2.9.4-r0.64.corei7_64 unmarked as user installed.
2026-08-10T14:28:22Z INFO python3-codecs-3.7.6-r0.56.71.0.corei7_64 unmarked as user installed.
2026-08-10T14:28:22Z INFO python3-dev-3.7.6-r0.56.71.0.corei7_64 unmarked as user installed.
2026-08-10T14:28:22Z INFO libprotobuf-c1-1.3.3-r0.51.corei7_64 unmarked as user installed.
2026-08-10T14:28:22Z INFO nftables-0.6-r0.64.corei7_64 unmarked as user installed.
2026-08-10T14:28:22Z INFO libidn11-1.33-r0.64.corei7_64 unmarked as user installed.
2026-08-10T14:28:22Z INFO dosfstools-4.0-r0.64.corei7_64 unmarked as user installed.
2026-08-10T14:28:22Z INFO util-linux-fdisk-2.28.1-r0.3.67.71.0.corei7_64 unmarked as user installed.
2026-08-10T14:28:22Z INFO pam-plugin-tally2-1.3.0-r5.66.71.0.corei7_64 unmarked as user installed.
2026-08-10T14:28:22Z INFO python-threading-2.7.12-r1.65.71.0.corei7_64 unmarked as user installed.
2026-08-10T14:28:22Z INFO bridge-utils-1.5-r0.64.corei7_64 unmarked as user installed.
2026-08-10T14:28:22Z INFO curl-7.50.1-r0.66.corei7_64 unmarked as user installed.
2026-08-10T14:28:22Z INFO python3-rpm-1:4.14.1-r0.88.71.0.corei7_64 unmarked as user installed.
2026-08-10T14:28:22Z INFO zstd-1.33+git0+f3a8bd553a-r0.50.corei7_64 unmarked as user installed.
2026-08-10T14:28:22Z INFO tzdata-americas-2020c-r0.27.71.0.noarch unmarked as user installed.
2026-08-10T14:28:22Z INFO util-linux-cfdisk-2.28.1-r0.3.67.71.0.corei7_64 unmarked as user installed.
2026-08-10T14:28:22Z INFO nettle-3.2-r0.65.corei7_64 unmarked as user installed.
2026-08-10T14:28:22Z INFO perl-module-overloading-5.22.1-r0.64.corei7_64 unmarked as user installed.
2026-08-10T14:28:22Z INFO libsmartcols1-2.28.1-r0.3.67.71.0.corei7_64 unmarked as user installed.
2026-08-10T14:28:22Z INFO pam-plugin-timestamp-1.3.0-r5.66.71.0.corei7_64 unmarked as user installed.
2026-08-10T14:28:22Z INFO perl-module-overload-5.22.1-r0.64.corei7_64 unmarked as user installed.
2026-08-10T14:28:22Z INFO systemd-initramfs-1:230+git0+3a74d4fc90-r0.85.71.0.corei7_64 unmarked as user installed.
2026-08-10T14:28:22Z INFO python-textutils-2.7.12-r1.65.71.0.corei7_64 unmarked as user installed.
2026-08-10T14:28:22Z INFO perl-module-symbol-5.22.1-r0.64.corei7_64 unmarked as user installed.
2026-08-10T14:28:22Z INFO iputils-s20151218-r0.67.71.0.corei7_64 unmarked as user installed.
2026-08-10T14:28:22Z INFO iw-4.7-r0.65.corei7_64 unmarked as user installed.
2026-08-10T14:28:22Z INFO libsegfault-2.24-r0.64.corei7_64 unmarked as user installed.
2026-08-10T14:28:22Z INFO efitools-1.7.0+git0+791e4639ee-r0.76.corei7_64 unmarked as user installed.
2026-08-10T14:28:22Z INFO lxc-2.0.8-r0.36.71.0.corei7_64 unmarked as user installed.
2026-08-10T14:28:22Z INFO lmsensors-fancontrol-3.4.0-r0.87.71.0.corei7_64 unmarked as user installed.
2026-08-10T14:28:22Z DDEBUG Cleaning up.
2026-08-10T14:28:25Z INFO --- logging initialized ---
2026-08-10T14:28:25Z DDEBUG timer: config: 9 ms
2026-08-10T14:28:25Z DEBUG Loaded plugins: builddep, config-manager, copr, debug, debuginfo-install, download, generate_completion_cache, leaves, needs-restarting, nowrap, playground, repoclosure, repograph, repomanage, reposync, show-leaves, versionlock
2026-08-10T14:28:25Z DEBUG DNF version: 2.7.5
2026-08-10T14:28:25Z DDEBUG Command: dnf --disableplugin=local -c /etc/opt/cisco/iosxr/install/dnf/dnf.conf.instorch list -y --disablerepo=* --enablerepo=iosxr_install_internal --no-wrap --refresh -- installed 
2026-08-10T14:28:25Z DDEBUG Installroot: /
2026-08-10T14:28:25Z DDEBUG Releasever: 1
2026-08-10T14:28:25Z DEBUG cachedir: /var/volatile/cache/dnf
2026-08-10T14:28:25Z DDEBUG Base command: list
2026-08-10T14:28:25Z DDEBUG Extra commands: ['--disableplugin=local', '-c', '/etc/opt/cisco/iosxr/install/dnf/dnf.conf.instorch', 'list', '-y', '--disablerepo=*', '--enablerepo=iosxr_install_internal', '--no-wrap', '--refresh', '--', 'installed']
2026-08-10T14:28:25Z INFO --- logging initialized ---
2026-08-10T14:28:25Z DDEBUG timer: config: 10 ms
2026-08-10T14:28:25Z DEBUG Loaded plugins: builddep, config-manager, copr, debug, debuginfo-install, download, generate_completion_cache, leaves, needs-restarting, nowrap, playground, repoclosure, repograph, repomanage, reposync, show-leaves, versionlock
2026-08-10T14:28:25Z DEBUG DNF version: 2.7.5
2026-08-10T14:28:25Z DDEBUG Command: dnf --disableplugin=local -c /etc/opt/cisco/iosxr/install/dnf/dnf.conf.instorch list -y --disablerepo=* --enablerepo=iosxr_install_internal --no-wrap --refresh -- installed 
2026-08-10T14:28:25Z DDEBUG Installroot: /
2026-08-10T14:28:25Z DDEBUG Releasever: 1
2026-08-10T14:28:25Z DEBUG cachedir: /var/volatile/cache/dnf
2026-08-10T14:28:25Z DDEBUG Base command: list
2026-08-10T14:28:25Z DDEBUG Extra commands: ['--disableplugin=local', '-c', '/etc/opt/cisco/iosxr/install/dnf/dnf.conf.instorch', 'list', '-y', '--disablerepo=*', '--enablerepo=iosxr_install_internal', '--no-wrap', '--refresh', '--', 'installed']
2026-08-10T14:28:25Z INFO Waiting for process with pid 1852 to finish.
2026-08-10T14:28:25Z DDEBUG timer: sack setup: 97 ms
2026-08-10T14:28:25Z DEBUG Excludes from versionlock plugin were not applied
2026-08-10T14:28:26Z DDEBUG Cleaning up.
2026-08-10T14:28:27Z DDEBUG timer: sack setup: 2107 ms
2026-08-10T14:28:27Z DEBUG Excludes from versionlock plugin were not applied
2026-08-10T14:28:28Z DDEBUG Cleaning up.
2026-08-10T14:28:28Z INFO --- logging initialized ---
2026-08-10T14:28:28Z DDEBUG timer: config: 8 ms
2026-08-10T14:28:28Z DEBUG Loaded plugins: builddep, config-manager, copr, debug, debuginfo-install, download, generate_completion_cache, leaves, needs-restarting, nowrap, playground, repoclosure, repograph, repomanage, reposync, show-leaves, versionlock
2026-08-10T14:28:28Z DEBUG DNF version: 2.7.5
2026-08-10T14:28:28Z DDEBUG Command: dnf --disableplugin=local -c /etc/opt/cisco/iosxr/install/dnf/dnf.conf.instorch repoquery -q --whatprovides cisco-iosxr --all --disablerepo=* --enablerepo=iosxr_install_internal --no-wrap --refresh 
2026-08-10T14:28:28Z DDEBUG Installroot: /
2026-08-10T14:28:28Z DDEBUG Releasever: 1
2026-08-10T14:28:28Z DEBUG cachedir: /var/volatile/cache/dnf
2026-08-10T14:28:28Z DDEBUG Base command: repoquery
2026-08-10T14:28:28Z DDEBUG Extra commands: ['--disableplugin=local', '-c', '/etc/opt/cisco/iosxr/install/dnf/dnf.conf.instorch', 'repoquery', '-q', '--whatprovides', 'cisco-iosxr', '--all', '--disablerepo=*', '--enablerepo=iosxr_install_internal', '--no-wrap', '--refresh']
2026-08-10T14:28:28Z DDEBUG repo: downloading from remote: iosxr_install_internal, _Handle: metalnk: None, mlist: None, urls ['file:///var/opt/cisco/iosxr/install/mirror/iosxr_install_internal_repo'].
2026-08-10T14:28:28Z DEBUG Cannot download 'file:///var/opt/cisco/iosxr/install/mirror/iosxr_install_internal_repo': Cannot download repomd.xml: Cannot download repodata/repomd.xml: All mirrors were tried.
2026-08-10T14:28:28Z WARNING Failed to synchronize cache for repo 'iosxr_install_internal', disabling.
2026-08-10T14:28:28Z DDEBUG timer: sack setup: 77 ms
2026-08-10T14:28:28Z DEBUG Excludes from versionlock plugin were not applied
2026-08-10T14:28:28Z DDEBUG Cleaning up.
2026-08-10T14:28:30Z INFO --- logging initialized ---
2026-08-10T14:28:30Z DDEBUG timer: config: 8 ms
2026-08-10T14:28:30Z DEBUG Loaded plugins: builddep, config-manager, copr, debug, debuginfo-install, download, generate_completion_cache, leaves, needs-restarting, nowrap, playground, repoclosure, repograph, repomanage, reposync, show-leaves, versionlock
2026-08-10T14:28:30Z DEBUG DNF version: 2.7.5
2026-08-10T14:28:30Z DDEBUG Command: dnf --disableplugin=local -c /etc/opt/cisco/iosxr/install/dnf/dnf.conf.instorch repoquery -q --whatprovides cisco-iosxr-user-installable --all --disablerepo=* --enablerepo=iosxr_install_internal --no-wrap --refresh 
2026-08-10T14:28:30Z DDEBUG Installroot: /
2026-08-10T14:28:30Z DDEBUG Releasever: 1
2026-08-10T14:28:30Z DEBUG cachedir: /var/volatile/cache/dnf
2026-08-10T14:28:30Z DDEBUG Base command: repoquery
2026-08-10T14:28:30Z DDEBUG Extra commands: ['--disableplugin=local', '-c', '/etc/opt/cisco/iosxr/install/dnf/dnf.conf.instorch', 'repoquery', '-q', '--whatprovides', 'cisco-iosxr-user-installable', '--all', '--disablerepo=*', '--enablerepo=iosxr_install_internal', '--no-wrap', '--refresh']
2026-08-10T14:28:30Z DDEBUG repo: downloading from remote: iosxr_install_internal, _Handle: metalnk: None, mlist: None, urls ['file:///var/opt/cisco/iosxr/install/mirror/iosxr_install_internal_repo'].
2026-08-10T14:28:30Z DEBUG Cannot download 'file:///var/opt/cisco/iosxr/install/mirror/iosxr_install_internal_repo': Cannot download repomd.xml: Cannot download repodata/repomd.xml: All mirrors were tried.
2026-08-10T14:28:30Z WARNING Failed to synchronize cache for repo 'iosxr_install_internal', disabling.
2026-08-10T14:28:30Z DDEBUG timer: sack setup: 72 ms
2026-08-10T14:28:30Z DEBUG Excludes from versionlock plugin were not applied
2026-08-10T14:28:30Z DDEBUG Cleaning up.
2026-08-10T14:28:30Z INFO --- logging initialized ---
2026-08-10T14:28:30Z DDEBUG timer: config: 8 ms
2026-08-10T14:28:30Z DEBUG Loaded plugins: builddep, config-manager, copr, debug, debuginfo-install, download, generate_completion_cache, leaves, needs-restarting, nowrap, playground, repoclosure, repograph, repomanage, reposync, show-leaves, versionlock
2026-08-10T14:28:30Z DEBUG DNF version: 2.7.5
2026-08-10T14:28:30Z DDEBUG Command: dnf --disableplugin=local -c /etc/opt/cisco/iosxr/install/dnf/dnf.conf.instorch repoquery -q --requires --resolve --disablerepo=* --enablerepo=iosxr_install_internal --no-wrap --refresh -- xr-foundation-* 
2026-08-10T14:28:30Z DDEBUG Installroot: /
2026-08-10T14:28:30Z DDEBUG Releasever: 1
2026-08-10T14:28:30Z DEBUG cachedir: /var/volatile/cache/dnf
2026-08-10T14:28:30Z DDEBUG Base command: repoquery
2026-08-10T14:28:30Z DDEBUG Extra commands: ['--disableplugin=local', '-c', '/etc/opt/cisco/iosxr/install/dnf/dnf.conf.instorch', 'repoquery', '-q', '--requires', '--resolve', '--disablerepo=*', '--enablerepo=iosxr_install_internal', '--no-wrap', '--refresh', '--', 'xr-foundation-*']
2026-08-10T14:28:30Z DDEBUG repo: downloading from remote: iosxr_install_internal, _Handle: metalnk: None, mlist: None, urls ['file:///var/opt/cisco/iosxr/install/mirror/iosxr_install_internal_repo'].
2026-08-10T14:28:30Z DEBUG Cannot download 'file:///var/opt/cisco/iosxr/install/mirror/iosxr_install_internal_repo': Cannot download repomd.xml: Cannot download repodata/repomd.xml: All mirrors were tried.
2026-08-10T14:28:30Z WARNING Failed to synchronize cache for repo 'iosxr_install_internal', disabling.
2026-08-10T14:28:30Z DDEBUG timer: sack setup: 85 ms
2026-08-10T14:28:30Z DEBUG Excludes from versionlock plugin were not applied
2026-08-10T14:28:30Z DDEBUG Cleaning up.
2026-08-10T14:28:31Z INFO --- logging initialized ---
2026-08-10T14:28:31Z DDEBUG timer: config: 9 ms
2026-08-10T14:28:31Z DEBUG Loaded plugins: builddep, config-manager, copr, debug, debuginfo-install, download, generate_completion_cache, leaves, needs-restarting, nowrap, playground, repoclosure, repograph, repomanage, reposync, show-leaves, versionlock
2026-08-10T14:28:31Z DEBUG DNF version: 2.7.5
2026-08-10T14:28:31Z DDEBUG Command: dnf --disableplugin=local -c /etc/opt/cisco/iosxr/install/dnf/dnf.conf.instorch repoquery -q --disablerepo=* --enablerepo=iosxr_install_internal --no-wrap --refresh -- xr-foundation-* 
2026-08-10T14:28:31Z DDEBUG Installroot: /
2026-08-10T14:28:31Z DDEBUG Releasever: 1
2026-08-10T14:28:31Z DEBUG cachedir: /var/volatile/cache/dnf
2026-08-10T14:28:31Z DDEBUG Base command: repoquery
2026-08-10T14:28:31Z DDEBUG Extra commands: ['--disableplugin=local', '-c', '/etc/opt/cisco/iosxr/install/dnf/dnf.conf.instorch', 'repoquery', '-q', '--disablerepo=*', '--enablerepo=iosxr_install_internal', '--no-wrap', '--refresh', '--', 'xr-foundation-*']
2026-08-10T14:28:31Z DDEBUG repo: downloading from remote: iosxr_install_internal, _Handle: metalnk: None, mlist: None, urls ['file:///var/opt/cisco/iosxr/install/mirror/iosxr_install_internal_repo'].
2026-08-10T14:28:31Z DEBUG Cannot download 'file:///var/opt/cisco/iosxr/install/mirror/iosxr_install_internal_repo': Cannot download repomd.xml: Cannot download repodata/repomd.xml: All mirrors were tried.
2026-08-10T14:28:31Z WARNING Failed to synchronize cache for repo 'iosxr_install_internal', disabling.
2026-08-10T14:28:31Z DDEBUG timer: sack setup: 71 ms
2026-08-10T14:28:31Z DEBUG Excludes from versionlock plugin were not applied
2026-08-10T14:28:31Z DDEBUG Cleaning up.
